id,ts,question_id,url,domain,title
105,2026-08-01T17:55:32+00:00,audio-journal,https://vertexaisearch.cloud.google.com/grounding-api-redirect/AUZIYQEB3YNr4GE95NgAF3i_prxD5G3cFETFc5SUKq-hwymkHWMlkaQpj_lbdhn28MhiErpMoHsH6FGk5z_-_L_Cqz98MYnf4UGk3XdjTLuP8RDVhQLWJjo_Q_yaE1Sg6ZlKfPzNqEGj,macautomationtips.com,macautomationtips.com
111,2026-08-01T17:55:32+00:00,audio-journal,https://vertexaisearch.cloud.google.com/grounding-api-redirect/AUZIYQEOO5TVVkQFb1Hg_UmwhhYmGxxn3BICr23u8KWuze3XLWMdM9aTvFiZFW3k_LBTxSLH7_toPNAxbkBjUbW2R_Q60ee9CYp3faLwr7tD9HG9pvUCVORVyrMYj31NmiAw3F-q8iixFwvrAPmP0egLaFY=,vowise.com,vowise.com
126,2026-08-01T17:55:32+00:00,audio-journal,https://vertexaisearch.cloud.google.com/grounding-api-redirect/AUZIYQEWkly_-LBJHKwIFE-pZtkX0K6UgX_M1wZl7w8hl1fWilSchEB_aF6X18gio9QXyxqvR27SMcGSiIUu8FAtOUcErEcxHrMY8HzXqLDQU_9FLiuCF_ovvve5a2hJ7Oha0VKiWkBpJn3wZtBLvNb_kw==,journalinghabit.com,journalinghabit.com
115,2026-08-01T17:55:32+00:00,audio-journal,https://vertexaisearch.cloud.google.com/grounding-api-redirect/AUZIYQEcpr-SuyxRGa-meeyr9h3wLJVj6ZxDv_E4VfTWTIUsvKMA0AaVL88PPtrxCDe9LBLNWv-TFLEjrIYz46CQITOC0xvfdBmTZcuiQc_lyLzAsTH9jwvMK_isNkw4ik-dDulQA5nOlG4J2v1NxOxOpGFx,dayora.ai,dayora.ai
103,2026-08-01T17:55:32+00:00,audio-journal,https://vertexaisearch.cloud.google.com/grounding-api-redirect/AUZIYQEd0hfdUcKR6IcpMAv8_ArBaa0V_A5GX8bOK-k1JPOLCf0gZiNnlmzQ-ecrRbFBmmAf8obkF198jqBz6Fw0jfag_YtpErJ13_I8jbzG5gOH-bftsKKWPgqSAu2-rBTI05s8wXBX3IwEG7N_1jm052CeZa5uJrwvyJ1d9V_wjDr6,google.com,google.com
113,2026-08-01T17:55:32+00:00,audio-journal,https://vertexaisearch.cloud.google.com/grounding-api-redirect/AUZIYQEjoiXjZOwicgQpZece6mngc4SPfkrFopN14Flu4hVX6HTwr0nnYKcgNF64GjQdv7F9vRXe8HXraxIR-6FlqHMzkN2saM2OJAyu1dSeTpQBU32YNGMnUkODSylSUMEUVkpG6rq7LvMncPAeNUrb3XTybIvhzg==,knowyourethos.com,knowyourethos.com
104,2026-08-01T17:55:32+00:00,audio-journal,https://vertexaisearch.cloud.google.com/grounding-api-redirect/AUZIYQEnKtunWNeZFMpQCGNq3fnbGFIPT3GqfoXGClj8nqLEaehCcqEhG99Fj5EaUJS1JxvttnD_bg1FVPynT0nJ07aR6wKTuLxH8sgrjvN7mBk=,audiopen.ai,audiopen.ai
101,2026-08-01T17:55:32+00:00,audio-journal,https://vertexaisearch.cloud.google.com/grounding-api-redirect/AUZIYQEw9TwnAT55AO9z9hh7ixEnu7qSMyEudCAjzDrHMb3-lem0HUvwZJI26d1E0pThrDn5n5TjWr_I1iIgt-OQq48T2ZUSXeVb2sklkmZ8Zwxqh5gXrLdYw7lZ5x2dL2IcHuLV4gP2hsQ1TM9TMXcYSWpwt2n3NSpOwiP8gAm2gXvToWvOsw==,voicenotes.com,voicenotes.com
118,2026-08-01T17:55:32+00:00,audio-journal,https://vertexaisearch.cloud.google.com/grounding-api-redirect/AUZIYQEwnXtsO67US_KazBoFjczq-OM7xrSsDCF6Ks9tFIUkenz81ZHT1RGdJcNFBiXtzff8EeB0idydZLsUKctl918jlSbmkZ_XDwSuSPimr7HAxgs7l6UycFh1E96e511dGjyHwzcZDl5AyYjTT6ZUamQ=,vowise.com,vowise.com
99,2026-08-01T17:55:32+00:00,audio-journal,https://vertexaisearch.cloud.google.com/grounding-api-redirect/AUZIYQEzzgouWlPPfqBkngm5K-v5YPv077haOMTPwfidVZIrAb9svcruhLB2_KrMeuPZ7OoPxa3SMUIZOQBau9gZxAMbKmYM8Z5PqjI5Hk_fx6mAU4Dx5_FurivZJ8HOLHjJkX3VzcUBxKYKVNiAWkIyUNv1Eeqe7Q==,knowyourethos.com,knowyourethos.com
120,2026-08-01T17:55:32+00:00,audio-journal,https://vertexaisearch.cloud.google.com/grounding-api-redirect/AUZIYQF1RNJofljyzwgduzFQdRhMpHUmHID-uYpaNDBfZ_DNJPmLE0Mo_2UltMAxknBrnJqaogx6bdxOD6SySs_Ox-1PLmfNVNe9tMgOb943500QIX81pe5Iiyp2JCiwv01qx8ow,youtube.com,youtube.com
112,2026-08-01T17:55:32+00:00,audio-journal,https://vertexaisearch.cloud.google.com/grounding-api-redirect/AUZIYQFTTBzuKGOM6In1sFVVAFfFhKyaC90hFMcq3z3BFlYPzCXoL29PlfD7iv0uhKK8NXG82Owr-lfxpeoH2Rde7blggkzsg5P3qt7qZTsD_4txOplmLHE8W7DZbBUVmJ6hUn8TEuCnhfWl_z9ufMxAtA43tl4AjTHxQXm8Mac8CNU=,reddit.com,reddit.com
109,2026-08-01T17:55:32+00:00,audio-journal,https://vertexaisearch.cloud.google.com/grounding-api-redirect/AUZIYQFl5nOEkI40_Tzh52LBpZBK4kiwwOHMmf69gs_b4skwa7UdWYLL-pX5neLvmVwYG0tnql-S3XkDcORb2NMNzkXVPCj8H-SiPdzYHzNGZvdAfiilycryg-qrUstJFMBcYhnO6oK2VC1MGLGkR2g7QgpWLSrWeVxcvQeiqaw0AEv-LWPH90LA,google.com,google.com
122,2026-08-01T17:55:32+00:00,audio-journal,https://vertexaisearch.cloud.google.com/grounding-api-redirect/AUZIYQG0_ZXISm60rw9UGZ5OPV6FAQVscag5VkuqaWUY086FcuEX-gfG32mA4SdOkaFHt9C2Pp515h9Jl0St4zf9tr1kcBbgwD-cpysy5UHhqDCk9CPu25X3krVgp8xDcRgz2cfcY3JN_f-O1v6Pxy_Pkoz6tMhvg34M811Dav6h6f7HJtp4x4gJt2eEkFgBRok4r5-Zv2PSAqM=,reddit.com,reddit.com
114,2026-08-01T17:55:32+00:00,audio-journal,https://vertexaisearch.cloud.google.com/grounding-api-redirect/AUZIYQG1wsyM-MmqbMNX89dXCx3COOUXSb5QbSIFywStnXhNND0PCLeH-vA2FnPFRPBq11bMGz2NVGxzka4huC4gdCb7tcN5LUUipjRC5p43SiSc-mdM-JASVN8HlWFWmPU8i5mcyrBQVSSZvlt5p3X6EKbEAvPW,clairecalls.com,clairecalls.com
121,2026-08-01T17:55:32+00:00,audio-journal,https://vertexaisearch.cloud.google.com/grounding-api-redirect/AUZIYQGQMoz8-O4LAwn4zHHzZAZiWV_-jv0Iy2AwMQLUpAoz3mFiYahhXMZNE5ZGR0ybi6BN0Il-LbO7QYTxBw90Jt6-d6lBJMMKTWpK2wC55e50yOCgcvSibmBR5A6zxhn6o1Pq__00VAs02CsAgq3WZr8VZEM8fg==,empathdash.com,empathdash.com
98,2026-08-01T17:55:32+00:00,audio-journal,https://vertexaisearch.cloud.google.com/grounding-api-redirect/AUZIYQGSv0_0Fi4J41HPBYrhVXLQrRr9brFzd_JJBr-AhySLp0zyc2JgJvOqvGvMMncnXKRrhtAAPKNzOoDD4kfNIoU28Thaod0RVtSkymBEpDpJOvsh2ytjUvZyjWihGNwWvvS5RLw92EL7KYwVvw90,speakwiseapp.com,speakwiseapp.com
110,2026-08-01T17:55:32+00:00,audio-journal,https://vertexaisearch.cloud.google.com/grounding-api-redirect/AUZIYQGSv0_0Fi4J41HPBYrhVXLQrRr9brFzd_JJBr-AhySLp0zyc2JgJvOqvGvMMncnXKRrhtAAPKNzOoDD4kfNIoU28Thaod0RVtSkymBEpDpJOvsh2ytjUvZyjWihGNwWvvS5RLw92EL7KYwVvw90,speakwiseapp.com,speakwiseapp.com
127,2026-08-01T17:55:32+00:00,audio-journal,https://vertexaisearch.cloud.google.com/grounding-api-redirect/AUZIYQGkbs054h0XwD_NxZy587LBLe09YWffp4R9wbhU71QAr7aIVYRsWwQb5r6lSEwHCVghCND_mZdGKwIElH5MBFTVxeAdMr7346vyf2W2iATBPmGHnL0yRbk63jEntx1FkIWF6IlWEW8jeJ3EWOESkqo65ilZnhC2d2kdx86DTekqLJPCXYA=,google.com,google.com
107,2026-08-01T17:55:32+00:00,audio-journal,https://vertexaisearch.cloud.google.com/grounding-api-redirect/AUZIYQGoLjadUJWjaBuMto2co9EeumLJN4MmpIpuFoJED9XT-yrCHZnBdOcdNBF57ySj1ADZLBP1avgVHtPR-sDJ5AMs_hCJAtnlhEPyCJJYhFhqbGSspXSiIgt1rmWrSOcS_4_r,youtube.com,youtube.com
116,2026-08-01T17:55:32+00:00,audio-journal,https://vertexaisearch.cloud.google.com/grounding-api-redirect/AUZIYQGqTTR41T6uuDDOSJ9OdROmHuYrpRfTOqJl8vgi7mfjMWGwkkVEX8H9vmhuHR0FkfIPgOLgi7MtZLlRYGPNW--mg_HVhlW4cWXImkpccK7J4aM_THETRvcJwCOi3gooZJ92,youtube.com,youtube.com
108,2026-08-01T17:55:32+00:00,audio-journal,https://vertexaisearch.cloud.google.com/grounding-api-redirect/AUZIYQGxgc-0TtS_blz1-rawgodSmScsESaCQAoG_Bq6lQg219j7uQHdYFHE2ui1-Wr51LLB4xF8v2NajstbMvzIFOinyv34y1Wu7jBMtLF7r_yhhrbJeHA0vPUsqSJMH4m_NogrX-A9peG8HkcBHpGbLDCi2dP1z6_I9_IG0w==,apple.com,apple.com
124,2026-08-01T17:55:32+00:00,audio-journal,https://vertexaisearch.cloud.google.com/grounding-api-redirect/AUZIYQH0IjgHwIMQ49arUpkWI4kQ0uAsGEr1JFdm2RV_3f1yZjYmOttveiGR7ejAO2Nt1OJ-ChrvHdHFyEznfBKC2KCEiFwo-WdDnRcsLaTMmxGHujT-O4QzNbKeOvrQjvwIdEu4yL6TFJf8qtpmHEYlI2khDM0zE8jycmA0MuiXiyck8rxGSagthVrDvJ_T8Npm4wsexHR2FbYr4vQX4c3NhPxlzsamGg==,reddit.com,reddit.com
102,2026-08-01T17:55:32+00:00,audio-journal,https://vertexaisearch.cloud.google.com/grounding-api-redirect/AUZIYQH3ps90mL9CjJyMrBp0u_5FVZWYSNJdkOm0WFjBUnTj76hr440FmWDx0Yx_-ejPpa7hL46shj5LYoWtz2xxMTqdo0j1RLt85LFExZFpVZ0d5XCOyQoICWaInxH1hpQCA5-aVz_ap3CplJwlZtKMGtZLhJ921lC9HEwO9dkg,voicenotes.com,voicenotes.com
125,2026-08-01T17:55:32+00:00,audio-journal,https://vertexaisearch.cloud.google.com/grounding-api-redirect/AUZIYQHBrH_3yp7eFKeVcFGx3uIhF0a3OP2PStALFGwvk-SlKdKSnLp7QOkHSdC5V7-CDxW9EAGEuJCygbX0lK6Xo2a83LByOw6goU91WJd03mu5JGLDZqo_rFSsfqoP8VaQX35jALBLxAEvcxtQAqJTPw==,vowise.com,vowise.com
100,2026-08-01T17:55:32+00:00,audio-journal,https://vertexaisearch.cloud.google.com/grounding-api-redirect/AUZIYQHFkcemOo4bhvQMaNc0OsOEWuUC8JBdY6H7BPMDfkObTHdhqLQHAfBh_UCs2Gq55kIHinR6hbUULhcqxRw_jsG8B3ZdAw2ARkOfphWcdEYvPcGTFSY4bTrifuXodv1p88xBVXYvcw313GgkIjpAt2T2YkTfVtQgt2se2-pvDA==,apple.com,apple.com
123,2026-08-01T17:55:32+00:00,audio-journal,https://vertexaisearch.cloud.google.com/grounding-api-redirect/AUZIYQHJaZFtU1Ac3P-Xb0ju9-pN6hA6zg-gCk0zrdSMGoWEu8Rd-Vf6aaXZ94lOrC3f5SElVauvVwCVUw9EOR6NKpJKD_HZVUBo8CSZx9ROeOK5S8w1nsCxR0oeoJFAe5o9uFUR,youtube.com,youtube.com
117,2026-08-01T17:55:32+00:00,audio-journal,https://vertexaisearch.cloud.google.com/grounding-api-redirect/AUZIYQHLXHYzRa801qajZQ_XepcOO2MKqw0cos9BWVvyzvKGqo8N_cAxaAec5T5d35G-5yehncpy9eRDfpcg2bfwFkrBjPI7-AEvLEBxstJi37Ms1sELP1X2a5MgfoW9wE7poL2mdo_OJUJUDE2B9_EC5rq1Db5tCKA_vA2bOO_2vNXC2Y6PECxZ,google.com,google.com
106,2026-08-01T17:55:32+00:00,audio-journal,https://vertexaisearch.cloud.google.com/grounding-api-redirect/AUZIYQHPEgkJwE01V1VprNwcle1OEOPjduqxVG7ob2k88p-oxtFerRxYJlnrt_e9RfmGzCCwxxpKW2UzjJ8mRqcljO-PBR-Wg2mtjA7NOyw7D7-_nTiZ9bUzWVXQJtEMT6OPV_dmmmmccUZXWcklodIBVaKpSRWj5Tf10Q1grA1Xpxv_S1ZboGANHQefDo-NsiDYy5ihiOY-kIA=,medium.com,medium.com
119,2026-08-01T17:55:32+00:00,audio-journal,https://vertexaisearch.cloud.google.com/grounding-api-redirect/AUZIYQHsfWxnaFG2wmXdHWAnwo2kSB1uwgR_BaAIwsBroYQurnaOLYI7qPogkL2SR6PeloK3aWXSpOQ0Tj0NVDIm9CLto2YF7r4E0IE_IetLrVD3lfyWTAuJKyYsCX14c9Bx0equGmN2Ek6sVFfLRdnE,speakwiseapp.com,speakwiseapp.com
1,2026-08-01T17:55:32+00:00,best-voice-journal,https://vertexaisearch.cloud.google.com/grounding-api-redirect/AUZIYQE83VObhvmz2tC1lYGB0fGBl2rCFmpcwJRrpCqZ2bFaTWTzFJJMQK-ZDHSWyEV3MkOQfqWB4lOqoaelOY4Su-0sKndSwkimSpMCReC5d06T1Pi5QvfdTm-zD2n2ySYQeoA-UzFIADh0a305m-Of1zu_EdUXPQ==,knowyourethos.com,knowyourethos.com
32,2026-08-01T17:55:32+00:00,best-voice-journal,https://vertexaisearch.cloud.google.com/grounding-api-redirect/AUZIYQEZgKDtzOUCSqbgdM6sIPGrF5gMtz-xTUgY2sgugvaRnyoLDzhHixCe7qMSuTBHvH2SQir9qiEsD8ma8jpOW0WCMLLBnDt417_yOEOUiZl2cLpZVA7h2d4UzPe-CdEvPteJ,youtube.com,youtube.com
13,2026-08-01T17:55:32+00:00,best-voice-journal,https://vertexaisearch.cloud.google.com/grounding-api-redirect/AUZIYQEkhcZOWHeg8--YaQXa-ZzGKZByv_VruamgE4pJX3c72O2U01hwlJGlrZVNJB6bHeDn0Wk1Hi2ckLLVsw6f0Lx4_u_t7tlBzqywW6Z-cB8273KP89U1De3FSAOTsiIR16s_EtBJNfi3lSscAhGUegYe3-1MaQ==,knowyourethos.com,knowyourethos.com
31,2026-08-01T17:55:32+00:00,best-voice-journal,https://vertexaisearch.cloud.google.com/grounding-api-redirect/AUZIYQElTDSTXYQTKVV9vaX13PxPYwmgRronCzXa4MdQ5lBFzfTCh82AnBu-Jap0xF3jpV7G57F-YBtFiNgs6-FetUT6EatcI_BHgPKlBoETWtvKNrIvM11rJHkG8iu7atTtD2iBgMokuP8D1Zj2ifz3_QmlEYoAxQ==,empathdash.com,empathdash.com
2,2026-08-01T17:55:32+00:00,best-voice-journal,https://vertexaisearch.cloud.google.com/grounding-api-redirect/AUZIYQEqyvECNE0P7AsrpUKh3vCaS1UCcjhbkqWnbWIREGybeDBMDTNE3Z1Z_n7pni2l0Rhi3muZiRNXg2tcgPl-dTG04cx5BbyViA3JqO5ocDSsN7cC-T8Zy7MKE6HJSJmmmpNO,youtube.com,youtube.com
5,2026-08-01T17:55:32+00:00,best-voice-journal,https://vertexaisearch.cloud.google.com/grounding-api-redirect/AUZIYQEvgq2KioWDT76_ACJaSNM3qJg1s7UfkbsurvXNTwVtdrkGifVF1X9CE3qLbBBer2rbS-IzYZL_bM6FvR9N4j-CQT4D2Q3Q2qnoUzUdsXAHzZt83liFgpS-Nh3OwCbZ0YgNeDSVk3R3DHgZFicATVY1P9eLwEV8hnXktbt6XfQFQmzZJAfEEkWKnmytlP3ZB8MRsNT6_ks=,reddit.com,reddit.com
18,2026-08-01T17:55:32+00:00,best-voice-journal,https://vertexaisearch.cloud.google.com/grounding-api-redirect/AUZIYQEwrGf7Tlr8hysEfnNqwvFnwc3_UVAVVrHEZQO9FOe__yiX0lKgCso6lKfu9hb6jCG1ep7VG4i4YW_tB8jmpqOx1llSPth8f0OtTAk5gICMj3vgriVbRzQR_mqT9keeWx59,youtube.com,youtube.com
22,2026-08-01T17:55:32+00:00,best-voice-journal,https://vertexaisearch.cloud.google.com/grounding-api-redirect/AUZIYQF7Q-4uy7jXvz_KT7lEXqHlT9TYC-EBiLJbi1nxIJOBvC2QiJLI-h7IXAuXlNDhUh1PV7x0RN8qKIAbifu7m8LvAdIhc5y-4Y1sVJzDKAP3sMnoMZpQXe3YvzBMUbG3AZbDqPdyZJEysKlpVmZJwR9lcfL40NI=,speakwiseapp.com,speakwiseapp.com
33,2026-08-01T17:55:32+00:00,best-voice-journal,https://vertexaisearch.cloud.google.com/grounding-api-redirect/AUZIYQFEuTSgMJzZdOf84PBWY6LceYW7lSRSwLIY2z94b-kuSvhr4q_35Tg1_OWuc99XER3eaA24l62TVDzSr3D6fEu4a9IbFgMEcShwMUVWecyQeBzqi8OlekIbLUQAKIhW2TQ-eTOxzbYa,youtube.com,youtube.com
27,2026-08-01T17:55:32+00:00,best-voice-journal,https://vertexaisearch.cloud.google.com/grounding-api-redirect/AUZIYQFMGqOdnoc5rkqeDGlMUlr1DpYeYJGnnQyDeKTAt9JefEv0V6cpxIt6BYXw7PT14PIjncErEEE9vNfpMAy_6ekdRDfgbF54hwK_cH_h6ogZTBTx6iHE_R4jERrcrNKG4IJN6-unpWL9tSHZSMUkLOF2TN-BqZFWfB9m2J30FFwM1wN-_BXztLCHcCSn-UyGcNRmcjSlFCxXj2QEKUR_mg==,reddit.com,reddit.com
19,2026-08-01T17:55:32+00:00,best-voice-journal,https://vertexaisearch.cloud.google.com/grounding-api-redirect/AUZIYQFWNlQltRtvQwzw8sx4k2TGZfLeKQd0HS7y4bBFJeAxDXvgAOlzFK0bEusA9o8HKpw22Yn3hAyxKhYcKR-vhdOgZzh1MohA-P6eGKC6aXVdma04O3lE84raW7aoWb3RTp6B,youtube.com,youtube.com
24,2026-08-01T17:55:32+00:00,best-voice-journal,https://vertexaisearch.cloud.google.com/grounding-api-redirect/AUZIYQFagzvns_EEq8GCW6xYEUHxXiisOphR6Dk5r3FyoeBnoE70xiE0uyNP1SwStyYNQDQlhFac1NwL7c78sr9kSWqfupmGu0f8EbBIQ4ByiRbhLFib6unEVgWAsMbt5elvg0tExOxGW6FzJvuFVao6w5F8D8QsYzdlilW8m3fxszyMVY45RdAU7KV-ajzhhkS25Woo1uRfGDSIKAkodsL5lJMQbplJ8myW_-tlDDVI-CUmpNrzlDI3mzvb,medium.com,medium.com
17,2026-08-01T17:55:32+00:00,best-voice-journal,https://vertexaisearch.cloud.google.com/grounding-api-redirect/AUZIYQFconmaFjkDm88BR5bEDrxyUUThvMaws5KSKTODvzAddn0JxUPqCk_r6DcuBS7usvUHxUWoR1xFgCCSpFV7z9DWeqkLaXDtsnTXiTJ3n4Zzh6PMUKsNOpgO01_bODyJTdk8O45ZoL-2xKlxfSY8roEFORS2,clairecalls.com,clairecalls.com
26,2026-08-01T17:55:32+00:00,best-voice-journal,https://vertexaisearch.cloud.google.com/grounding-api-redirect/AUZIYQFhlDiWV6MMra7zsC0Z3M890lT-79d3fb_DftaVM2O0YXwB9M5MEvXhTzw-0ayi4BLzuInKYsiy5pyYxsMyQ-SadBwIoT3FBKbT-WPn2dBpEjuHiSaMowov_pB_Z2pn9WZF1a08S-Wa2PcixGb6m7oR3H7_bSU=,apple.com,apple.com
34,2026-08-01T17:55:32+00:00,best-voice-journal,https://vertexaisearch.cloud.google.com/grounding-api-redirect/AUZIYQG1a046j_hxIfF2ZSj3AhEqYK59TwYb01sBFjTA70ucT0tRRQcR5NNm364Y8-8M9lQcVvlq8sDazEqzXxFJJ9BfEblJdBQ-_TTVpCjU6h47JEVcjntsuZkHN4mMuNELjLrTX3s7UINS8kuTZHrOL-XQA66YCG23O-JmAfHtcDXz779Bf4erK01KjfVjdlXOwLmDYHood05ql9UNElW5cX2gmgM=,medium.com,medium.com
20,2026-08-01T17:55:32+00:00,best-voice-journal,https://vertexaisearch.cloud.google.com/grounding-api-redirect/AUZIYQG27cOJG9vcQ-yJE-GoC-m7-aEO4O3kEys-2gzBIrRCmSj7zpaZyuHutObspmGAk3U1-aOyIEUErDxAW08Mo3SOsTu2Z8Lx3nmYugpLzKEVSHIiQ8ukgd_ywLPMeodJp6uvlx6IAZTJPVOyL6QrvRvSwJ_A_Sj9xOWJctp6051VIJfeQ3VQciNf3frhlx1uqIWD5S2p60kNTEmJw_9rvrWPqw4=,medium.com,medium.com
12,2026-08-01T17:55:32+00:00,best-voice-journal,https://vertexaisearch.cloud.google.com/grounding-api-redirect/AUZIYQG7NnjGoORFxIQZtgUrPtIVrVQ5V7c5JHyRYGTJ-_8gJnFKKUCYWkP7_UrXniZbrJQvp1Jw8XyuWj4jeeHND_fNdm5DOcWOKPIyatU4zypvnaPagF4BqAuhDjoJQOUniFQtaZHlDqImr5CO1OkWVG-8CtX66AZ70wizKbdRqWt45PAuNYQ3-LiNymISrSs8q7cgRbkbLE9LaTWk078urfafqQU=,medium.com,medium.com
7,2026-08-01T17:55:32+00:00,best-voice-journal,https://vertexaisearch.cloud.google.com/grounding-api-redirect/AUZIYQGE1xbai0nyoyatEsLpwipXM7-X_E30spE_BoxeJSuO6QmyFkUKhoC9277WX3cSsWx2JLtxoQSsFv1Zba9fSCPKLinyECr5iVMav9rFe6riAeFKDMAoC__yFL8RGvR7v228,youtube.com,youtube.com
30,2026-08-01T17:55:32+00:00,best-voice-journal,https://vertexaisearch.cloud.google.com/grounding-api-redirect/AUZIYQGP4qA5Rgiu66Hvbn2tAEQ5dP5d0pG4RraPisZd-56Uamk531hDtyqm9TelzIc4FI8a2dXsDl-Jxv_tgIj6kXs4MLIkTBuLjKbBGRKlh9U=,audiopen.ai,audiopen.ai
9,2026-08-01T17:55:32+00:00,best-voice-journal,https://vertexaisearch.cloud.google.com/grounding-api-redirect/AUZIYQGROC6_GidzPWSGn4UmPQT4_ygvRCiBzajCVwBzcJpZBW5pzJmkv34xLLNdPJ7YfH0iQCynQRJGuxJltMHHWtvGb_Z_6oQ2C61mTM4RmaM6BTLq5Y9ySMFl0VpB0NjYBV9wy9T4-BVTgoowceiAEwMADw==,reflection.app,reflection.app
28,2026-08-01T17:55:32+00:00,best-voice-journal,https://vertexaisearch.cloud.google.com/grounding-api-redirect/AUZIYQGggTHCuL-iwD9zBnT-AJQzzmF6C11oL1WjhsihTHlmaYZxGC9oiIDrOxJ0teGsH-K0O55j5ZW6WhoBMoHy9udidCh-hyT3k7P4f5GZLcclcY0_F_4Ldz-nRL4P3hL1ZkLtmSC5xqPHANaqXeZt,speakwiseapp.com,speakwiseapp.com
23,2026-08-01T17:55:32+00:00,best-voice-journal,https://vertexaisearch.cloud.google.com/grounding-api-redirect/AUZIYQGm3OEjn1UgIHhaOsLqNUj2T42qAYIqbrThfCUaYo9VqFiwkCQULNCcuNHXofvZMSE_U_JUTLjlr06SS-PApjbQnmTK7aA81VAOrACKShFuuc2Lu0aiymLDWCjSHOBXxThf5OMEcVs8AJTB,topai.tools,topai.tools
8,2026-08-01T17:55:32+00:00,best-voice-journal,https://vertexaisearch.cloud.google.com/grounding-api-redirect/AUZIYQGnSsYPoJHTT9x5qiFiXcWiFcfHih3tQAGGqinlSLrmk_TR6LRd4TIN_5Lp56hsqq0aRb5mqlj8jkBzB2W15G6f1DGN2qPuX8F_PHDDQC_wx3u4H31Mb8-QwxRioUQxyBvQORFwvmArYdrAnUqZh9BtJ8N7,clairecalls.com,clairecalls.com
16,2026-08-01T17:55:32+00:00,best-voice-journal,https://vertexaisearch.cloud.google.com/grounding-api-redirect/AUZIYQGv-2UUA4zTvIWDxWG2VcTR16L9g2XrCPZrC5AbxAxPhTLAdq18q5MNX1PnBhlDU3hpReRr7goYNOlTht-yjGOhh9qZT4jxVQnzHWexqGx0-8Go-q3hvVounrocUOH7C1iSEJMrN83czxowgGE=,lound.ai,lound.ai
25,2026-08-01T17:55:32+00:00,best-voice-journal,https://vertexaisearch.cloud.google.com/grounding-api-redirect/AUZIYQGyRyfpNhM6Ko3LdDgeS0SxLr9t_wvrdmbezkwjaCWT_nPBMF-xSYp4Q_CW_Tu1bjaIQVyXeyGwUBMJn8ff_XDrqJekKlpguKm4-rlqTTVntewUtL2MYyo=,stork.ai,stork.ai
29,2026-08-01T17:55:32+00:00,best-voice-journal,https://vertexaisearch.cloud.google.com/grounding-api-redirect/AUZIYQH3XBNfI5A7fWvfjLtPTcUq6KXtk3bGF5fzK_iuU2iWjs9GSuzCuOD544M1juhNhKSWHvzRza58i7VP_QQU6gXENq4h9RmhLDOth_H-sWQqM3FKpu570YHveSMj9aiCil_8HMkBCavhlKRHwaYzptzbbQ==,audionotes.app,audionotes.app
6,2026-08-01T17:55:32+00:00,best-voice-journal,https://vertexaisearch.cloud.google.com/grounding-api-redirect/AUZIYQHBRwDyCd31-Op8LpJVDAGiBvoJ7WXnqTlVCI2kDmBII4Rwv1DlsDw6PspmSFXhSRCBzSdPUJh9pIX_Ga6iIkv8YPLICnIvGFlysD7kqihE5jd2QHocQo7MtOfroJz0c_Og0YosIg5ZQ9fz8MA=,lound.ai,lound.ai
3,2026-08-01T17:55:32+00:00,best-voice-journal,https://vertexaisearch.cloud.google.com/grounding-api-redirect/AUZIYQHKzmhVx8TI18Vgdk9OP4hHPEdg16xqEPZXhyCKB0W9MMQMuRC1hVKKHRk5_IbmB1L5et89kPKNX32xDUKpvC_0p82I5sKwVnFEtstnOX9hUpdB5DTSv6Gb43VELGHyG-AsCMS8SxkrJLc=,zapier.com,zapier.com
14,2026-08-01T17:55:32+00:00,best-voice-journal,https://vertexaisearch.cloud.google.com/grounding-api-redirect/AUZIYQHTtXyi1t18UtvpUMuW0oqpwtvRyv32lnHFkSqYLXvOYyKdsZR97nArS3rN5IsqfV3tuMRhuQ7Seb0zEE_iDPOVtp9NxyBX7aL92J3h1yLbZFBG6Q0q3uCBvh-5fcqmpD06_E-epeJfPsL8jmVsOdo=,vowise.com,vowise.com
15,2026-08-01T17:55:32+00:00,best-voice-journal,https://vertexaisearch.cloud.google.com/grounding-api-redirect/AUZIYQHbjlQ90CHqGI9jQB3cyav0zwJyk5ZmAfGmqfyKrETqKVbyq8ZmXDDCPIP9E0eGNwM2Th28I-zLZipaKLWksNV58hAMr4wg9cbrYZkGMSEjvv1e7U4kQZc90K12FlB4OBHt1dyLbBBnCRjgaucBAs65UdObcS4=,apple.com,apple.com
4,2026-08-01T17:55:32+00:00,best-voice-journal,https://vertexaisearch.cloud.google.com/grounding-api-redirect/AUZIYQHgomsTLhIkxG3xNCW12fZG31b8KRj0nJyUJrjxEzW4t1CGC14HRF6Sj3Ys01XIJSJQH0VgZ7F2MV5t_0v4KQeK0d1eb6ovQTsJv_imcgGcpW3DfwtD7bWX3rIvnPfomvDB,youtube.com,youtube.com
11,2026-08-01T17:55:32+00:00,best-voice-journal,https://vertexaisearch.cloud.google.com/grounding-api-redirect/AUZIYQHi_vRT6D5OGbhUrQ0oWRUh1aVUzFFveG3etRR5qPXuOjtJNx-D3yPUV5YvUgLixKrvSciMEDAyIXsZm6dNWtmgjQmMFGi6fUwtaP3pUTMsciI03Re3LqDBY7GQ-RJt_CT_joA9Y-Jz,youtube.com,youtube.com
21,2026-08-01T17:55:32+00:00,best-voice-journal,https://vertexaisearch.cloud.google.com/grounding-api-redirect/AUZIYQHx3O747ZDv_z39us6-Hm72oPBOzW_IKu7IkrPyD6N3OdacOWn6Uc7M4V9YhjjcW9qBNg2E_h0DAL5nS3JqgfGa376ws80gxRSunPqmxo_s09JGM_1s7VaSA5BU1DJ4UsDN8mfxy-mhFG0=,zapier.com,zapier.com
10,2026-08-01T17:55:32+00:00,best-voice-journal,https://vertexaisearch.cloud.google.com/grounding-api-redirect/AUZIYQHyd-J2RGGTP5qCUCVcn6VOAwqKt3wdIzjC0_1Hzb1OBG4SSHmX6kKJjrz1Ga2UGcCvXGKwz5Wg2LNklnZ7HqroklThNOgeNtWKnu1wpTLmwUaA802Zb7wGMQ1B_JdFyA2oRdEGsXF6jHf6shLr1FnXrDdgYQg=,apple.com,apple.com
201,2026-08-01T17:55:32+00:00,digital-twin,https://vertexaisearch.cloud.google.com/grounding-api-redirect/AUZIYQF8rtY846yM6TPn-h03fzmo8l7NrDXsFpvgaldAl0gGrJkkReoqzKDyTvK26BLqvYA8361KJPDn6OgaoPJQtzlXIhcTWmV4ow1DFsuRy8aIPafd9RVEqAYm3YgjoDZuIjmplp3TdK7t4zIRoJu1YQAgvQ7B8qOapex0tx9eFTUQaGB64Ec3R8dD2Eh4_IwcaTeaMks=,personal.ai,personal.ai
218,2026-08-01T17:55:32+00:00,digital-twin,https://vertexaisearch.cloud.google.com/grounding-api-redirect/AUZIYQFBTfkoYysVlbsLkyCF-XlaABjfty47wx7WmBvr5H_xlfkwBe1epBwWdmAT9K93QIPvoSj5OTtQUSxxOcmVrYo6BhngW96WqwuwGIuVqu9FgwyGZVnlCDIgCUMZx8gnVMNxXkW6xq8WvNDVuWU41fnPzwT7EHo-ac_pS2JIqPJ7hQOhvA==,google.com,google.com
202,2026-08-01T17:55:32+00:00,digital-twin,https://vertexaisearch.cloud.google.com/grounding-api-redirect/AUZIYQFIw0HeKpp7YrqIpXLYIoIn7k1yU_rYjOv9ujAegdzUG3r1EFCSlUALCO3tx3TY6fFFMmuwuidOU3g1b1waXAreVKfAGxYS71g5e4Buq-nTV7Nmgc-cm9ouFQkPGPD4bJvrzjsAa7gBI07N1y6k1gx6bj6XamKrow5Q0A==,personal.ai,personal.ai
221,2026-08-01T17:55:32+00:00,digital-twin,https://vertexaisearch.cloud.google.com/grounding-api-redirect/AUZIYQFYU6npK1DlG-4sage3fvQeDWto9lcrRznY9ZsOz606SJx9BJPFLY8mo3OKom5wVisgoapdx6frf-mhbTXbxerUIMCqEgD3LUzFfo5Azs9lD2DYbKXfWKmQ6Cgn7wqs-bw=,youtube.com,youtube.com
220,2026-08-01T17:55:32+00:00,digital-twin,https://vertexaisearch.cloud.google.com/grounding-api-redirect/AUZIYQF_tiHUbfeA6JpS7W7YvcoCE63CnfrHJp_4hbfdX8lrrnryFCIi3CycWwCMjzGbCFNwxFo60aiUtaAjnCQ0nAxtg70hmDPvJzlzIWnmq4PXPyvdPQKgcfNEykVxPmEadQ==,youtube.com,youtube.com
219,2026-08-01T17:55:32+00:00,digital-twin,https://vertexaisearch.cloud.google.com/grounding-api-redirect/AUZIYQFgtAJ4tiQzVAQ_GDPki-yu74jT2OPOMMgmn_VsBytvPYalIMQb7a_78qBoAM304CGYapQDfbSjxlEAgnQ7ifW7QuO7x9BSf9RavFSEsyRNJ8jW-Ie3TbitSXfe5XN_CbIZplcxkVRX7Qb-roBKQnuPJ4zRThPr,mylifenote.ai,mylifenote.ai
200,2026-08-01T17:55:32+00:00,digital-twin,https://vertexaisearch.cloud.google.com/grounding-api-redirect/AUZIYQFowpbh7yEtbBDKX5yUkcuR7j5PgD7Dn01K0NzkWYGLfT3dfL-qx8i4-BhCeJKma3EtTqdbPsBj06UkXzzei4hbtFC06B_8sSZkwxzg3nl7pFz5dq4WskQy2lMfERI3ikP7utY06QY=,getdailyvox.com,getdailyvox.com
214,2026-08-01T17:55:32+00:00,digital-twin,https://vertexaisearch.cloud.google.com/grounding-api-redirect/AUZIYQFweCbfNtc3_uJyeRCWLLQ160o_YwQ6bDMAf1IwOReaMkUC5MUDxt9bJdjNDOyaMV4tjqBbV2UQTAiyLe0WBg9vuBtyWtWC-41_cCUL8gaFQHznyr8f92bjocvzoC3K9LTqAXmotoM=,memexlab.ai,memexlab.ai
206,2026-08-01T17:55:32+00:00,digital-twin,https://vertexaisearch.cloud.google.com/grounding-api-redirect/AUZIYQFxWu0-e34XPDzzfmLJ53Igerfmkcv1TBuZEW35UIhn2luPSB0qaXP7xJG9jn8NeBQTJa5f9yR32Qe8-rFJ38P4V1BnJNEKulGrNbMAMka219FkBmwSR5udXHwYnvtAgHxlUSPalgwSG8OAY3B2HW9Yxg6bs0y0HR8KULZC,gtmstrategist.com,gtmstrategist.com
203,2026-08-01T17:55:32+00:00,digital-twin,https://vertexaisearch.cloud.google.com/grounding-api-redirect/AUZIYQG4dFAfI-j9Rz1-mcImmNvgSbPc9ia8TK1NeKY7aE2E3mOaOe4Q-Ruc-bZyOzpNjgyioTFndqJAGhSLF461Ky6oOBXOruaKdC23hOVZfK2ACHskbH5I2MjfpEAVLeCO75eYEdWhW3rNN9rAzcr4JsbRriluLbztdcbG0ZvF_NBckU9bUDOJFqdmbvbMTJembwFTNZYL2-Q9Oc8kjctELA==,reddit.com,reddit.com
197,2026-08-01T17:55:32+00:00,digital-twin,https://vertexaisearch.cloud.google.com/grounding-api-redirect/AUZIYQG57rDfQwJvKCMgLZbYRCYm9kmzwZKjVC6qnHvq5D5p9VibVIx4HNVdb2ywlT_2c9AKnb5oHMD0BRi5oFhKkbpJeiuY0k6q5dDePhIsNTX885aoZgS_fm5WqxaddPZTAUglXO8AIVXFdG6Qv-UkJYCJiwq_9PC4I1oR68SSzmwakeVZB2iFY39Q7XJhoXHEkECppw==,personal.ai,personal.ai
208,2026-08-01T17:55:32+00:00,digital-twin,https://vertexaisearch.cloud.google.com/grounding-api-redirect/AUZIYQG80P7AOMBj9L3ShikgxqN9HbCE5TxjtuA8PpJ1td2EvxYLFxY91I1zla0hTGlZhAORtYicqlaiBRPidzQYCCAqquKCrAl_hzQ--Gb3eQPPTG9spcHRds-TLzoubkD6i3di,youtube.com,youtube.com
211,2026-08-01T17:55:32+00:00,digital-twin,https://vertexaisearch.cloud.google.com/grounding-api-redirect/AUZIYQGA4KORv_O3PxTzsS1eLh60bQNb6Tj9uLEOCn_Os7ztf31Lc9HAHAyDD08bEIp7AgJdf9MzLlvyqrYcPJ2rv4obGiY6REZh1nePyQ6yHfKzyKpzGEKzPC27GEAHTAZinPdfJbBm2H59mjktGVs9xijFXh3KWCvAd2P0,personal.ai,personal.ai
212,2026-08-01T17:55:32+00:00,digital-twin,https://vertexaisearch.cloud.google.com/grounding-api-redirect/AUZIYQGA4KORv_O3PxTzsS1eLh60bQNb6Tj9uLEOCn_Os7ztf31Lc9HAHAyDD08bEIp7AgJdf9MzLlvyqrYcPJ2rv4obGiY6REZh1nePyQ6yHfKzyKpzGEKzPC27GEAHTAZinPdfJbBm2H59mjktGVs9xijFXh3KWCvAd2P0,personal.ai,personal.ai
215,2026-08-01T17:55:32+00:00,digital-twin,https://vertexaisearch.cloud.google.com/grounding-api-redirect/AUZIYQGEAFJb8Y4obO3pdIuACbCnSj6EO80bpNEwiq0zP9UGYD48SCtcj0sHDhCHrsWr_jH-3rds3VyrCM3-DHSbAUvAVwVv8Cevhwx_Eae0zvQwuwCfT0goZlnv2DvOdMAYAWrsCDqtEv0KFsT8NiywSRYL,reflection.app,reflection.app
205,2026-08-01T17:55:32+00:00,digital-twin,https://vertexaisearch.cloud.google.com/grounding-api-redirect/AUZIYQGEhlWcCCsAruC3JNo4jknBDzep-0Vw-qNRsAkgm1mGgzhB7gPaGZpESzgyE3qawGMfkgFUHRb7gdHdK8UuzzTHmtjGZP7nUC0vNb0mEQFuwjlwqUOuw80P-PMxss6sP_9Jjyrtc_QWI3ulgcST5y7mBIDUK4KBHypROZEs82dq9ueSQlV_7QXb7baM5U2aKLp8d26Al-0_Ss5FJMDzAFQxLA==,tomsguide.com,tomsguide.com
209,2026-08-01T17:55:32+00:00,digital-twin,https://vertexaisearch.cloud.google.com/grounding-api-redirect/AUZIYQGUlUsiDpyWg35n4L7avTslAiKHKm6YXDsA8PEGl-Vxl0WD1rt-VCbgg_kHKQuXg2xMhKnjtvKEtKooH1aA179-TyVhYPIcgblOikS8Lzg8NzJ4jmzv04d22siGQsu1Bbvv5KmnkCKRdxfx-PDIxRMl3YG-UY6IVcChcvootIbyRIM22cGnuWkcQXWTG-zjrNH8xvLfOi8xlaPwcQ==,medium.com,medium.com
213,2026-08-01T17:55:32+00:00,digital-twin,https://vertexaisearch.cloud.google.com/grounding-api-redirect/AUZIYQGl-IYu3adH9Yz8giuvYgE805NCPMD6vsIQOzMhKhjCNn1CbZgac1ebZdB9X7Mw4Bj-CW1abRQcK3cLYphSsXJcce77b0W6ONCWXl1j0A==,mindbank.ai,mindbank.ai
216,2026-08-01T17:55:32+00:00,digital-twin,https://vertexaisearch.cloud.google.com/grounding-api-redirect/AUZIYQGn_h1Qshp0hVTFjyqDRT-KNsmWPQ9IP1k4QHOgDD15X15UrhbN6I8A3ETzE5ssCO1R7hxPWiFobkqWYTsLOkAEJmqQnrI-6DpgxDDI5EC-UijuClsIm8dTyADiwvYWkovBr5S8eGptGlEbLrnO08FOdCv6QBxWpKUAK997-CNlma4Unrt1YQzOzfGba_h5uQx8,reddit.com,reddit.com
204,2026-08-01T17:55:32+00:00,digital-twin,https://vertexaisearch.cloud.google.com/grounding-api-redirect/AUZIYQGpvMgZWNSlnd9wTD1r9Wi94pkleaf7ZK8dJEy1bGywIR7xDtVy7LWSujHgUbyPCfDFSQi-MN7nu8qdfdmAzMw_czvzdjLDJ01kol0Xs37bJCxoEuJ409yoYZ2GsBKK9nX_E-SOKDcXJPwgU5bK7QokyrEiBv9QWykjwc0uwVN8ZVlXdI4=,google.com,google.com
207,2026-08-01T17:55:32+00:00,digital-twin,https://vertexaisearch.cloud.google.com/grounding-api-redirect/AUZIYQGtj3ikEWpXiLI8a-HoGahdKP5Jlq5oDpOnRl_3VMnXUnN4jg543ECX7Y6X9Whiwa9fWvN9vb4UwQf1n87FC0CR0mK6mKoGP5svDwv-1pQZCtKeXYt8ILnqmYu-Z8P7qMlE,youtube.com,youtube.com
217,2026-08-01T17:55:32+00:00,digital-twin,https://vertexaisearch.cloud.google.com/grounding-api-redirect/AUZIYQH2NikqOlP09f6uj8zvGE2CRURkYnelKpR1GuO2-IbxQLptDhkerguGhHOanzBd-l2Rff6e7NRASyzpho_CX9TMmS-FfRE4naAnq0PLxdO4x6eEgpBC3wqBJf1VuRozG1YX1u4MYRzKneXhlKqOAbmgE6O9kq1QfnuKpIslIRj7VnKijYaJhrA7kU7N9OFBHo41StPiWZLZ,reddit.com,reddit.com
198,2026-08-01T17:55:32+00:00,digital-twin,https://vertexaisearch.cloud.google.com/grounding-api-redirect/AUZIYQHa_OzaqNQtMc03DxCAnlYA7QS1xs0TF0DXdfUg0UQY1ZLY0canSi0Gbg502KEK-kGppiXyFqqaYBoyeJx9nL-5e4k-exp5B8zU7ZYC114pjMx2mrDcQBCzyRIzFpb7-YQpYFRHtuGE6TvAbxWJCrUht7OOzoB6oBlh,personal.ai,personal.ai
199,2026-08-01T17:55:32+00:00,digital-twin,https://vertexaisearch.cloud.google.com/grounding-api-redirect/AUZIYQHcWvNfGpFKeu8HetRLa2Lo8hoyowFYcDm2-afE5jUcKjBmD02c_QE7UMfvgIDEZctOvjPDOJtZlpvywH5-8lICU_nXxtlnFnlVsNOB-CmMBA4l-XTF7T-8Se-0tZ2qIF94HjegfiCMsteto77rKrsknn0EP6FgmiMUKSQGAjmoQx8QOeMQH6Xs93r6VmDD1BGuprObGhxW3Jw=,reddit.com,reddit.com
210,2026-08-01T17:55:32+00:00,digital-twin,https://vertexaisearch.cloud.google.com/grounding-api-redirect/AUZIYQHu3aGipQCjzL259146AXMfvRuErNiYHWjvk8wVC0C4KxI4Y5dmQHej3XMk2aUqElABRJ6YubjCHeC-1f25c1m0KyrxH8xX-E4URQn5fYc8Gzn2-4HLh3iYigYgwunhF5DqvTFj,nngroup.com,nngroup.com
88,2026-08-01T17:55:32+00:00,free-journal-app,https://vertexaisearch.cloud.google.com/grounding-api-redirect/AUZIYQE89TWUtzwdDMe_92ZcuKMbr-o15ajy7kBb_m0vlD_2JdfdOCknrGYayZ20fvgXm6xrX1yRx78hEBmk8qpeHR5rmPLCNeHBsu4Lkwy8_ky4E-TjY3ZOiDReAljM019ahclYQeYkwOZmFBOR-9_HZ5t08xLBc4Uu1kvg1KCyaaXC2J70JNHJqPmxm51XQnOdUA_sDjkCIJIt1b_X92SF3yEKIjTA2g==,reddit.com,reddit.com
94,2026-08-01T17:55:32+00:00,free-journal-app,https://vertexaisearch.cloud.google.com/grounding-api-redirect/AUZIYQEJLsEI320JWjWjcUVcqpejXKpBJM0a-gWCw348c6wvdVQ2eOKRO3ccLOnAN1zxaYOgnfnz27Cxi-GjCmloR3rTWfB8mFCqam9Tf4_x7z3LqxM9a77mLaeuQS6YpIAEvqiNyMdJcvDsMJgROms3d5TDcZ9YCV6aj8m_1iYKYVQ-bw==,diariumapp.com,diariumapp.com
97,2026-08-01T17:55:32+00:00,free-journal-app,https://vertexaisearch.cloud.google.com/grounding-api-redirect/AUZIYQEdPwe-XzQ_AVA3X6v5Bl4WAmxWp92MkkRgyQ3RxrPfRocJwUmz4hLFRTy1SPlaJL1lc6PU1aIgjFta8zLxuXvZQDzpi0N0cpCRsDM_IdYlzcNt3Lq_pexY4Usjq97416MhHj9z2dLh8TwDSRYVG071D3UMpiOrqPc7,google.com,google.com
95,2026-08-01T17:55:32+00:00,free-journal-app,https://vertexaisearch.cloud.google.com/grounding-api-redirect/AUZIYQEp0yBVX0UWXcjrCwj7v4jV-1KmqxG6-Vs-DJAXKP4QakfuyBqR8JJhISIdO0mhwxSxg22tUdPLel7j3drPQRtg4nKWmp2yPYY93FpfAaoIrP8bo2YPP4Cjfs49nezszIsKv5wfN7JK,reflection.app,reflection.app
93,2026-08-01T17:55:32+00:00,free-journal-app,https://vertexaisearch.cloud.google.com/grounding-api-redirect/AUZIYQEvGyYrF9sdiGN6detqJm7PyZ51AwXrDzQ5hm_V89xNUayNx6YtM_F8FVGgPXrmLpAXBJa9vh4GY-c1kheX_3lgAAE_1uxhoLkUR3kSf4h92bow9bm29gX-P2loRDIUViEPEietom_Hwd20gR_l2IYhwF3D7TXssDAjmWsb-7bcwTM=,chrisjrichards.com,chrisjrichards.com
96,2026-08-01T17:55:32+00:00,free-journal-app,https://vertexaisearch.cloud.google.com/grounding-api-redirect/AUZIYQExIS04SaUxUA1K6ppAqf8ECxout6-RZfOa3GoaJ6O8yrjtLqLM-BFOZiulpv4DKFNT-yjYwGRr1Ud_x3T0F0AV8_bMRwsqxXbpdnO-pmM=,diariumapp.com,diariumapp.com
90,2026-08-01T17:55:32+00:00,free-journal-app,https://vertexaisearch.cloud.google.com/grounding-api-redirect/AUZIYQEyedpMlrFsxNYrX71rCFUgctK2LTNJXZIxEIBztcm4lkRU6sFYkze_JrQlJ1FTUFWVSnUAzQ6MFmTG-UJSWZ_PDNvI30JM2y1OrqKAdFRHpl7_FevPH2jittk8gbTn72AdMhg=,zapier.com,zapier.com
89,2026-08-01T17:55:32+00:00,free-journal-app,https://vertexaisearch.cloud.google.com/grounding-api-redirect/AUZIYQFMg8MQDvw-6blscB7TbN8V9faqHNQB9kaFiGC03ARwX1hHRRKrow9hlNUkB0R-3Ole7nisYNgnDXJQIG9LwfO9aousCIbKv7hqFS-F,dayoneapp.com,dayoneapp.com
91,2026-08-01T17:55:32+00:00,free-journal-app,https://vertexaisearch.cloud.google.com/grounding-api-redirect/AUZIYQGPJCEsG2uHZrtIUwWw_Et_7EvekSXcus773ZjzGXLP99fwxQyZ4shAHXv1Vs0OAxiChjcQBVxPaWy6YuxU86K5C3OpPYTSTIg=,penzu.com,penzu.com
92,2026-08-01T17:55:32+00:00,free-journal-app,https://vertexaisearch.cloud.google.com/grounding-api-redirect/AUZIYQGbOuc5msss4CiA6Adp2AQUIVNbaLJzOQXLQav8IGwsu5tPzt_ArD2xzBVSthZXMvNNr-b2ghmPSJnsCYPtyGN-C3zWmuaqehgkdeD1mrqxQg4lt_3wBS2RquozWPiIpizC0RX2sf5ZRhDHMv2QmprrjT2fYtNsL2lBgqBydg==,apple.com,apple.com
87,2026-08-01T17:55:32+00:00,free-journal-app,https://vertexaisearch.cloud.google.com/grounding-api-redirect/AUZIYQHPzEGmS6nEVpSZVfZL018-v4z51gDyznSO1QSbQwnZQfeNyr3NP6XD0CAD6Yxt3PTjPLSHyzGNO-yh21SnXzlgpJU3gKtVWa8415W0YtLhIOb_mOce6VE6lickKwrBi5TtfjOYPN9DOT8VgKz9DJexAWzdJUnZzw==,holstee.com,holstee.com
191,2026-08-01T17:55:32+00:00,journal-adhd,https://vertexaisearch.cloud.google.com/grounding-api-redirect/AUZIYQEE7HDyj-wTUstF129TQXpdMKczOruRQ5nvqzAZwMVAldzMBn3nBAs7VzPBugG2vooVaWnzmGp0uKIRQgN035gviif2xiLq7KXlu8XPvH3T-CiTnbAD,audionotes.app,audionotes.app
189,2026-08-01T17:55:32+00:00,journal-adhd,https://vertexaisearch.cloud.google.com/grounding-api-redirect/AUZIYQEF3WyStXzFLh1Bp9R5XA5zazzfuc384rreqdmh9y9Hp3VekE8lvT35dMXlLPIL9QY8j10bZUt6evvTB-Z3DOAcdCM4-kqVh2Nu8ceF9Z4CXCjz_R_W0itevnNfBWwpwslVRstohF5DaXVygj9H685gh4xYeojL3zyToz7msbT-lbbjUxuCEQ==,google.com,google.com
193,2026-08-01T17:55:32+00:00,journal-adhd,https://vertexaisearch.cloud.google.com/grounding-api-redirect/AUZIYQEMPlH_kaNI7cWSrsBKGDbpoIgV4OlQMUQQjfBI6jdPfHQc-lS7NJnNcuQMJq3ewj6HnReHWTM3NVOr5M4avDw_RMBWbWq4neFc9lcDh9MwRUdaelMhks9KpKBh272h24NXzvU18Q1Y5KdZTwT2aq7FO9x34vs36QjFDhMWL73JVbyho6MjneUedXBeFfwSj4mpiW8aiqHOuA==,reddit.com,reddit.com
173,2026-08-01T17:55:32+00:00,journal-adhd,https://vertexaisearch.cloud.google.com/grounding-api-redirect/AUZIYQEObW-Z3ynuamIq4P51_01w5gZqFu3II0SpJSG4V21Jf4We8Fr5o_oVqeoYZQ0i8LgkpmZ4oVdE7axIzmbjcZFoZ8HUdVXIBN45LDc=,mindsera.com,mindsera.com
194,2026-08-01T17:55:32+00:00,journal-adhd,https://vertexaisearch.cloud.google.com/grounding-api-redirect/AUZIYQEU_Smgvx3YyWZkN6xrl5lLQ6CoLVdTThtwLKPqmk0QyzZ4ogcQUaEXivYerZOViOVZb1SDr2NZUS2XozPigx61fq_aQ7E_Im7WIMDMDa6t7R2aCZAx7cJIIO-c4uKPq0vvS27DNsJxRsPfJ8_RPGAz9ujyNAuCQQ8pRrSXsE7IS7Lz_vjDm-YzdQ==,getacuity.io,getacuity.io
181,2026-08-01T17:55:32+00:00,journal-adhd,https://vertexaisearch.cloud.google.com/grounding-api-redirect/AUZIYQEUnNiLgpAlW-QCEtPlMS1Q3WgLAUthNVWLjArPoOaCDgETlejWDZIPVgfDY58GnqfJmylbclDEiGBnYmCi1IMSlMSQlv2q64samDn6eQapEwglM4OfkD9pOMIFtYWX1k9Hvc4G1mhMqGjtuzVZkq08gXR4z9-6gFE1wY61Z8ez9u7lo1FiZA==,willowvoice.com,willowvoice.com
176,2026-08-01T17:55:32+00:00,journal-adhd,https://vertexaisearch.cloud.google.com/grounding-api-redirect/AUZIYQEYcLoGsFNtznv_Nywd-ST9sc0YkBtlN4FlqjeSdRorHI4xfuUrHtJHzz6bMvFj4zfCsSExZrUqnLV8xF1fyAPcbzSEqlMKwmuuFt1U7g7slxSlw6Y7zX7wr7sGIWWfhO4cmbF50Ezn,blabby.ai,blabby.ai
169,2026-08-01T17:55:32+00:00,journal-adhd,https://vertexaisearch.cloud.google.com/grounding-api-redirect/AUZIYQEcVj-Q9RwMnhY4CXUVAaFoYDZ6O33IU-3i3DivCUYY4m_LnqzcJpYTdsGuUEQHphhoPvkB8cJpD20hMKB5NbP0xQKeD7CZ8inT1sbyMED0f0ihON9_irUHBdz9tXqhDVR91tprlkM0XhjJORoDeB2zfluyFLb5,voicebraindump.com,voicebraindump.com
183,2026-08-01T17:55:32+00:00,journal-adhd,https://vertexaisearch.cloud.google.com/grounding-api-redirect/AUZIYQEi_9TK07eOy1zJd6JzI8u-y8AL1IMlL_ENP8SdrYPfEZWZA0yUUHugIvmfBz7p2T4REi3hMH1qsPyNtFCBM4Qu5feCs3jDErdzUos2xu_l9IdufId8QiX_FKjaDXByvPHBEc0cjQ==,fernjournal.com,fernjournal.com
192,2026-08-01T17:55:32+00:00,journal-adhd,https://vertexaisearch.cloud.google.com/grounding-api-redirect/AUZIYQExHY9B1z0uIAW9DS031teKQ_T_RZO2spWh7t00ImHmHVWauY6wB1dVn2hg0Sb00HrdLq4VpzwxwVVeZIJJRqOE-Xn-mprWowuF_3ci55JyPQ2-yO1mosGR0Y9v78APiJgzpllRe5Ktt66ZD1L2v9UTwBzvv8JoHQB-OrjRUU-VuVX6w4t7Ng==,willowvoice.com,willowvoice.com
170,2026-08-01T17:55:32+00:00,journal-adhd,https://vertexaisearch.cloud.google.com/grounding-api-redirect/AUZIYQEyLCY7Lfn-wwIZ0Ncxb8qEkLd9g77m7GK-WEHB6YPoUzJVM_49mOkvTXzHdLlU9vG8d1FJG8uA-JbwjyfpzZRK8-GBpnlsZ4iCGD9ld17KTz42b5iBNQrEQb35HKV2lmKlhbT6IHkpivpYJdOmdMcu6Lbe5lok1JT5LEECqF_bUQoPoQow-g==,google.com,google.com
184,2026-08-01T17:55:32+00:00,journal-adhd,https://vertexaisearch.cloud.google.com/grounding-api-redirect/AUZIYQFBc0dp-QV_IatdkghaBSelDcRV5pOjpe70JpkALAdrx6u6gtCDZOQ1bvnUwFAPiSJj4u1gntMMUwKJNLhnX2yJU-emEH27NtP57icDgkqN_2FycR0elfHkeYbQDsftGi8o,youtube.com,youtube.com
195,2026-08-01T17:55:32+00:00,journal-adhd,https://vertexaisearch.cloud.google.com/grounding-api-redirect/AUZIYQFDrJvqLEMjSsSjVH1Eus0yguW_qw60-8RZeVaYbOZylU3VZLJKXh4cIginbQdamwti91TZuF6FU1XyNTT4fULqjiM8bP0QFju6p68KafQGJMvF1dC-L1PcNJHQSFRVprZYn2NjAPuLJukLNGPyEsqX6ZMEAm2EpSH2,journalinghabit.com,journalinghabit.com
185,2026-08-01T17:55:32+00:00,journal-adhd,https://vertexaisearch.cloud.google.com/grounding-api-redirect/AUZIYQFFTB1ksYfTojAyNwfnXxmDSpgk9dPdDGzN9s3-LMM3pBEdFzMZGWUB_DsYOkJeDC1K4uv19obgrFWaOqxD5FlczPMU8hUWtNFzHGrr55WuKOzXpOdKebKDMuROBAgj_JL_GpRjqftkRoKDiNVvREc=,journalinghabit.com,journalinghabit.com
168,2026-08-01T17:55:32+00:00,journal-adhd,https://vertexaisearch.cloud.google.com/grounding-api-redirect/AUZIYQFWT_wFGNY6eiCEC2ejAm81EfuF0bPGysNwY-6lPrVi66abl2BmMTPhJAhYSFbzI2pYgEGgTLMGkWO2bX_A9T0Jt9_WVi6U9Cjq0ntI4amNSfrYAENL6-Zk-nt9RbSSKaN2rK7QtM1KtBNCvHhzCBRX,notetimeapp.com,notetimeapp.com
182,2026-08-01T17:55:32+00:00,journal-adhd,https://vertexaisearch.cloud.google.com/grounding-api-redirect/AUZIYQFy-eOf0v06nzF3Z8674HyRwRa0SwFBaIbUh9dXe-SdvbOA7LFJFBIm0BtSdcdzy4nYqT_0NnOqWXYXMlutPjUjO19RbXtFEMgjNcKtTQJ8RgVETUPmY1pJvpg9_7D9tJzV93tB1Zac,blabby.ai,blabby.ai
178,2026-08-01T17:55:32+00:00,journal-adhd,https://vertexaisearch.cloud.google.com/grounding-api-redirect/AUZIYQG-wQrN99YLohlewkblZ2eRfL0svbf2l4P4c-nSx3yMgTW7HCls0oiJxfAtkhvkDiO5_GYOEYq8hD6Sy97BK1MXFab13F9Ew3-HeTGMvts2gyJgKyA9LebCvnJJnINTISMbhysFkyFqELacTU0rHvxmnW_xpkdoka5zEKtPDMmx_v92ZWA2Xmcttgo4yrpZ1ZTvc8F-blCxrmw7cDF-U-K9IpdO,reddit.com,reddit.com
187,2026-08-01T17:55:32+00:00,journal-adhd,https://vertexaisearch.cloud.google.com/grounding-api-redirect/AUZIYQG5w6D8NibDBKyhRxggQJZELoODK0gS_Mnmk8hRIV3i0wV3mLFbUvqkUzfjJ7-DyTFTpdoqWHQmOeJxrFq4dFJeKAWJxyYlAK_BYNsgStGpCGh4elCZmgOyIdaQz3hhROzF6WarhRgT-Jt1yUAJAGhs5tu3nfTHK0shO8GLK87G_zxVElF_VkuD7oHlunvUFyd4CtlDxZZ7a-J_6darBwhDf7a2,reddit.com,reddit.com
180,2026-08-01T17:55:32+00:00,journal-adhd,https://vertexaisearch.cloud.google.com/grounding-api-redirect/AUZIYQGLpmuoLOxVHZpFEMxjGMDyMgMMidb4cQgTVojz1iOl5HSBSMzCUFerIGH6mIXWTpyKlJx8JIj4NJDfx1bja_2DNR7blVUPHh87gX0glsKXvohEHgRhMPWvlat2Iq1JddPiWJDXf3ys3Lyv03clOdOMgBajjO2r,voicebraindump.com,voicebraindump.com
186,2026-08-01T17:55:32+00:00,journal-adhd,https://vertexaisearch.cloud.google.com/grounding-api-redirect/AUZIYQGN18PEM77tUwVjZe26-srC7n5cXrXUb-vD1cze99-mojuaHEeYRs2VzuSs-YCuPdckn536b5WTr3-HlmhljwaLHtgfd5_w5qqQRG_-2Qm0XVvnHxD-IASA7gxBRs1PLAfhEUPiwiI26hNYXwcasM4jQsSY6xDhhjIqKwkc0g==,speakwiseapp.com,speakwiseapp.com
175,2026-08-01T17:55:32+00:00,journal-adhd,https://vertexaisearch.cloud.google.com/grounding-api-redirect/AUZIYQGNwBLnpLObHD2L9n4br6qrwrLA3zhKYCmBM1X1RRSC1MrnOYcUuXL_PJO_TXXQo7ya00bCe3KQu2lDtXbwGE_HjKW-8pDDlav76M7QCfltZlTF-76a,audionotes.app,audionotes.app
177,2026-08-01T17:55:32+00:00,journal-adhd,https://vertexaisearch.cloud.google.com/grounding-api-redirect/AUZIYQGPv1fZypZoTPVNTqyxWRqeTXlS0TXTHSs7Re0M5z0JMlleZq0oELMweeiMn5aqWm3Bd9MYViiQXYwe2Bi51Kud8WRu3nCipYpsNZitdsatLx5h1AUsWf5h8ZFHLlvDhjbd7Yj1PiaVkTvRnQA=,whispermemos.com,whispermemos.com
188,2026-08-01T17:55:32+00:00,journal-adhd,https://vertexaisearch.cloud.google.com/grounding-api-redirect/AUZIYQGWWkOfhGy5MIcqTOQtkJscPsBcpbs8VmV94IK2c4H80hZRZ9KRi_hEvb0A6k0T-pumL7nbESbCFRZm6RXbDkUZeFNM9ua4d0u-hSVxLgwslLcsKWrhtRKpXsLw7TQvoGB4KREPMuKST38nmJ4TPIerSFSF1y73,voicebraindump.com,voicebraindump.com
190,2026-08-01T17:55:32+00:00,journal-adhd,https://vertexaisearch.cloud.google.com/grounding-api-redirect/AUZIYQH25IG_HoTtnfUIvXEidUZIIN-x4B6Q9qkfp6j8nn7s83IalPIyyK4c2fR4saDO5FndazDMMQuOscmYMUgFrLbKN-HvOY5VnGY3O8HkJ-06K_Ca7SumKlxQUhi8NEtBruO53Ns-QOGMCLqKUTMXO2FwVGgZtUfx9Mc0MRTBWy7r8qKucxqIkQXlU3YAQH4QG2ZAB6mvBivYhTv_om9foGLFUw==,reddit.com,reddit.com
179,2026-08-01T17:55:32+00:00,journal-adhd,https://vertexaisearch.cloud.google.com/grounding-api-redirect/AUZIYQH9BPmnSc2JwlP5v1X1WRS2d-mB6HvZ4RHGR7buHw8m3nE1tA50pIW8h65-pgaNu5wWv5h4mH0V-RvBcLycy2A_jPdnpUNSKj16Acp19P76AVnNbw1TQbSmdDpvMY1QFUk3JuFRcG1Ii2poloaJjl_wwdGl0Yp4l1CHs3R2FXPwOTgCsL0hQg==,google.com,google.com
174,2026-08-01T17:55:32+00:00,journal-adhd,https://vertexaisearch.cloud.google.com/grounding-api-redirect/AUZIYQHMu4D5I5Bhm_LYVRjvp6qHpvANFMQfuQSwqdYr-dN1ccxgxPyDho3OyrS8FkRXFd1iSA_5tsEKILYhxRl-aMdZw1hGc5-hrqX7UyQy3hnrNgteHMSUT7i4QLvVRpuaCZV9,youtube.com,youtube.com
171,2026-08-01T17:55:32+00:00,journal-adhd,https://vertexaisearch.cloud.google.com/grounding-api-redirect/AUZIYQHTISCTgy6pMvwYlsDMFMRxJnnw8S6it0DnYnY06xzrjrj1IkwPcRdtlxbV-m3WPMl2NixSKlPZiMfqIGY_2iOhy_s8BXomInGxlAfxOKR--h6isf15Qo5VYzrNyx7vkt-FPY8zW4X89XGu0jJda4hiXYG3EEnweDFnaGhHh9r3vb-WWCPxLzraVg==,getacuity.io,getacuity.io
172,2026-08-01T17:55:32+00:00,journal-adhd,https://vertexaisearch.cloud.google.com/grounding-api-redirect/AUZIYQHWXA9F3x3vZ-v_EpudcBwKMPMtiMiVoDMVSbTIOlS_LbU72KUcS2fttG2ccaS2PwZqYitThvw0FftZcuEb6_HKiayTKtuAPV20Dh9g38DySmRKClGirzLXn7CJky0ui7Yq,youtube.com,youtube.com
196,2026-08-01T17:55:32+00:00,journal-adhd,https://vertexaisearch.cloud.google.com/grounding-api-redirect/AUZIYQHWeue-Z1zFEcAJHVYoggYaPCCV7c906QJAf1IyA5jBuMrIhkCFAWhblqnenGLDVyrz5Ybz9KhUDZMmSTmKK8GOZWIL6DimHRRCm2C6dB9mCfKNTUZd_coTmcj3ah9w1ecwCvgRs5JBIh6Km-j6pYyMmswfZlmYbobTyo-2IvVDePp0wUeyD6HLivkN2ow_hSfttZPvibKyHEbh7s10ce2jvgc=,medium.com,medium.com
82,2026-08-01T17:55:32+00:00,offline-journal,https://vertexaisearch.cloud.google.com/grounding-api-redirect/AUZIYQFOutGXUHTIDQTVVsUX7qYv4339KXXSVxF9byTJissP5WE_qkk5YW1EN2PI0Vg7y974m8Jv08XHMExYWIyiS-WEdyDZAeBMXv_xMYPmpNCV1rv7iy-tvS9ejwrNKWo5qjI6esJyb1bTJ-S3WRpVn0-GYQNGI0Y9Zl446ssm,apple.com,apple.com
85,2026-08-01T17:55:32+00:00,offline-journal,https://vertexaisearch.cloud.google.com/grounding-api-redirect/AUZIYQFnTwb0XWrmcdrCo95ZXCK-iMH8UT_XaIxaukaT3V1MpcGSbf_vt6eDoP60vlwLpQV3J2Ob26L_MQGoK5G7UzuPEoJKMyVPpf94_GpufLkcrCRHP8ZskhNUzXWvRIQwBdgHlp5AI4GrKyfLtXbT_AOLlWLO_oyVnZPlWdgmNP0pfuzE,google.com,google.com
86,2026-08-01T17:55:32+00:00,offline-journal,https://vertexaisearch.cloud.google.com/grounding-api-redirect/AUZIYQGsONKsaVeuSqxyErA8AE6KHIB2KtXwESen-oKehFocWPb_hGN81p4XQv3RGlKh7vDdGIrVVXRp6J3mbuv6tu-Tg1bsUkYpFDTfh1_rSxrblvFMiuxDohBdMz-_dvMLKA==,dailynoteapp.com,dailynoteapp.com
80,2026-08-01T17:55:32+00:00,offline-journal,https://vertexaisearch.cloud.google.com/grounding-api-redirect/AUZIYQGvSnPNOcHCgwmFKjS2LDhY-yRsJgniGNZ8OPFPuYis6x3eGn85h5N2IGhubEaUYRanODe51XrmGkG2WgmCamOOeGqBX_RUBJZvQ2nadsTP,diariumapp.com,diariumapp.com
83,2026-08-01T17:55:32+00:00,offline-journal,https://vertexaisearch.cloud.google.com/grounding-api-redirect/AUZIYQHXaKr6f71xY7OjevlxCZVAt6H6jLdXEbaypZ66Mp4K5SwUwayIYOt_fSKwYhtxCXHSJdP8f9n3a68vvi_MuvLEwc6gB7NVzdTHO5ZqxvLem2oT7rOx_kkDDJko_ZQSp_u1IjT-6m5weB_PxfBT5vDolDk=,unwindly.app,unwindly.app
84,2026-08-01T17:55:32+00:00,offline-journal,https://vertexaisearch.cloud.google.com/grounding-api-redirect/AUZIYQHXaKr6f71xY7OjevlxCZVAt6H6jLdXEbaypZ66Mp4K5SwUwayIYOt_fSKwYhtxCXHSJdP8f9n3a68vvi_MuvLEwc6gB7NVzdTHO5ZqxvLem2oT7rOx_kkDDJko_ZQSp_u1IjT-6m5weB_PxfBT5vDolDk=,unwindly.app,unwindly.app
81,2026-08-01T17:55:32+00:00,offline-journal,https://vertexaisearch.cloud.google.com/grounding-api-redirect/AUZIYQHsFXYRJNBC8ypCymPSwLWkfSPUCnM2lvHSOmbtVAxYbERW3Lds5CGTCa3at6wSSWYlOybCd_E9Ej3z2H9T5hEGW-304WVjyQ5UjlA-Idev,localjournal.app,localjournal.app
138,2026-08-01T17:55:32+00:00,on-device-ai-journal,https://vertexaisearch.cloud.google.com/grounding-api-redirect/AUZIYQE3w2VZ1hlM2qOFcPNH0O4KJ3NDkWayHpswWkOxOhSe5ktP0Morop1UmHlr8X2RUF48oSvcubAbMXpL0oOK4hlwdB7uiZ-hxnbBn65FcN6U-vOPikWkyNPi-UxvvbtO4T9qc7h8VvkV9jR0PpqKebIQng==,reflection.app,reflection.app
165,2026-08-01T17:55:32+00:00,on-device-ai-journal,https://vertexaisearch.cloud.google.com/grounding-api-redirect/AUZIYQE7ScZX1KoZFFPSjCV1dM7bUIE0PIn6DrcC5f-tMUhyKMepLi4kcFWa_cqqFBDV2oQqDKI4lBMk1A4d_tg68sl0j8K2i6JDxlJWwqzSJ90U76MEAI2Lkb2enVSCl9m5oXTEDQ0MzEfW_MkWJdTU6GJ0uSOQ38l-,deepjournal.app,deepjournal.app
148,2026-08-01T17:55:32+00:00,on-device-ai-journal,https://vertexaisearch.cloud.google.com/grounding-api-redirect/AUZIYQE7vRqIJqp0crI6gc8LJo6kfjd3kJZX0g9YZZQmHC8v7-__JioQrOeFFBn1PQKMmKN7g2cd6broXMt0w07E1aB5lJu_xauXRX4kyRQQU2HloFazfDxF1MylO5fQwD7OxIHLOS8pQ51YaEuLqTOzSwtchASPZIC7ucNxyqY=,apple.com,apple.com
162,2026-08-01T17:55:32+00:00,on-device-ai-journal,https://vertexaisearch.cloud.google.com/grounding-api-redirect/AUZIYQE964498YmV_W7sFhC7o5Kg3t68mlgs2TEaVd7ItlnFJmud_ymUwZawpUbCOGkvxUKDAqP2aTCTHPjhi-Hl3__IiEdDGs67maSefUkZVFON8DVyLzVCi-EhjoPsgxN5Ml5xWja3OOnlVo6q,getdailyvox.com,getdailyvox.com
159,2026-08-01T17:55:32+00:00,on-device-ai-journal,https://vertexaisearch.cloud.google.com/grounding-api-redirect/AUZIYQEDr0WM1a1cjDwv_ae1vBYXeEjVXoZEhgST4uN2utdc_Z0BvJ5Sx09GBKfrJ0sU4y8npoMdMUsuRtcXmHIaiYSX5ScEEWCOAF90lxLqpzZ9aEQTYkUovDrcnKJ0UdA7FBL0_8XW7rd0VVrh0Jo=,dgross.ca,dgross.ca
157,2026-08-01T17:55:32+00:00,on-device-ai-journal,https://vertexaisearch.cloud.google.com/grounding-api-redirect/AUZIYQERlvChqMwoKMDvis1aPC6RvSCJWf0SWYCm3rGSo0_xe84e6wLHMYb9YoGdTdWT3lq6Cn4jCvhY7hdXvylZRhcqm-wB50NwCAnbMtlbDbrpUNlNeQumFvhtXIucjP9X8I8UstoURz4CECx_CwH-2dr68rFjTBuX9c3O3QkJQlrTstLP0q2R-MYvRdsXNzqDa7KHjggMhfwHniZhLhT2aLCCF1o8wHSNsHLVSw==,medium.com,medium.com
166,2026-08-01T17:55:32+00:00,on-device-ai-journal,https://vertexaisearch.cloud.google.com/grounding-api-redirect/AUZIYQEf8tiHXnkeWzK7ALZKMZCmqppWySO3Dpa9SKMfjxb91KH597mBo4u9lDiGUaUN52V3A2IIcnWwO-BfoI40ZkqW2ahqbZrJXjdCV3CnrrupjbgE3MYcNgMH2wThA1w09gR01kOaDg==,memexlab.ai,memexlab.ai
163,2026-08-01T17:55:32+00:00,on-device-ai-journal,https://vertexaisearch.cloud.google.com/grounding-api-redirect/AUZIYQEi_V-iChh4Si8eaHhb1EbqrwBM5xMxmiSQ2EKJdIFQyhmG8-CYmP44jSzECajNsr4Lr2fTxg0RmZs9ndgaHPR-DSqdqM7E_RQ9N_Y=,journallm.app,journallm.app
141,2026-08-01T17:55:32+00:00,on-device-ai-journal,https://vertexaisearch.cloud.google.com/grounding-api-redirect/AUZIYQEitTkMK-JyiqZ1RvL1oEbxEOmSt68CAap3kbaGxoRurshm3BpRMpriNfpxKKYPlM7K0mWAzPB4MLXgJ3bTIe8eOi2O764aTQx41YMoF1j-KDPA6W0H4j7xTj8f4xDmUd9I9CeJaTQ=,reflection.app,reflection.app
130,2026-08-01T17:55:32+00:00,on-device-ai-journal,https://vertexaisearch.cloud.google.com/grounding-api-redirect/AUZIYQF0NahpKr16rbXPWYBDXWzg61S4x1gof9rxpg87RQukrWIbLuvum-N9qg6JXl8EVLXfIbM5ifSdNiaLlsgCvdREW_pv3ZyilKXV3WjTzuc6BwpGszm2fw1f2DWGVaSISn-hoHFdYRmm_fbyxHsFT_8epvn_8k6qdOYdgw==,substack.com,substack.com
140,2026-08-01T17:55:32+00:00,on-device-ai-journal,https://vertexaisearch.cloud.google.com/grounding-api-redirect/AUZIYQF4VFepbKO3ZoEyKVcwRNe_Qf_3dyn3SxHJicSpBlvLlr2lucTJBhvslQgPSBIXTqpvQKvHgW3VR8nynWEvs_uyE6_ppFF1haszQ4ccME_Nc5D2zPev4kHmQXIuNyX_IcmQ1M7DTq5AfxuGq4YFK4iu6lsFgdz7gMtbwzGOm7I7ESDsxQsG0PgZeUPmXPgX6c-E_g05TFWgIA==,reddit.com,reddit.com
156,2026-08-01T17:55:32+00:00,on-device-ai-journal,https://vertexaisearch.cloud.google.com/grounding-api-redirect/AUZIYQF9xvNXbP4P0_4fX1lvo2fokmRUMkhaVl1mvFapxH7AMmR_l4O0nzMSzG7tIms1I_3FRDNwnGYJ0gYufL5OZoa5DSWNT0MvrJBIQYHuPHwiYKWaxsni_q5zP1hMPm6nFt4zVkOkBDjGig==,memexlab.ai,memexlab.ai
142,2026-08-01T17:55:32+00:00,on-device-ai-journal,https://vertexaisearch.cloud.google.com/grounding-api-redirect/AUZIYQFBltqZc8v9NEx_jn8gc-2aKQPXVpANCsN3NpEqfkCsLDlFTtpvC5E20gGx5XcKqRqykfaRQSzXizHrlDm7IvaH_90noNso1EG7PeVGdmJg0ZFVRNHGwQ5Wnb5-ElejFPcZp6afmCfS8XWYiTKPGmNEajdnCj9M-4qRP_D11Ek-iy7w73CB44UoiCvSSzTRCUbXskYHYXN6,reddit.com,reddit.com
137,2026-08-01T17:55:32+00:00,on-device-ai-journal,https://vertexaisearch.cloud.google.com/grounding-api-redirect/AUZIYQFP-A6vyQ1sIHZULMFehvPK4VBvqCzi9ZC9qn7Q2LUqWNxjGr0XzyYD9AeVRQlUT0UkQZg9F3a82tem23reGXHzCAy042-tucVLh5FjNdLn1yvWDZG7HcKGm_0-POngeA9O,youtube.com,youtube.com
131,2026-08-01T17:55:32+00:00,on-device-ai-journal,https://vertexaisearch.cloud.google.com/grounding-api-redirect/AUZIYQFSzDqllMCWJdGemnf_Ww35Su2TOPNsAvnFKa_IJd5Qx3c2xR3h5K8PA-YgWMLPCfyLz5CuUeaEQ63_zXWsDpFGDqfasUuapOy3cHGvsOZ75OYEpOnJYU2bfsdKoFvRK_hLcWfgSg4IluApcf3PWGSQAXFC0Nkq1Q==,deepjournal.app,deepjournal.app
144,2026-08-01T17:55:32+00:00,on-device-ai-journal,https://vertexaisearch.cloud.google.com/grounding-api-redirect/AUZIYQFkORJyQBmRqQnv8ZfNvfYzdSyuJ4jUaeA6dTy5IIwUXIP-_1gPcT4reIJVzKXPUk8SjwzW21P5wXHRGPe_2b4x2NdYGN08wfdpSUI=,journallm.app,journallm.app
160,2026-08-01T17:55:32+00:00,on-device-ai-journal,https://vertexaisearch.cloud.google.com/grounding-api-redirect/AUZIYQFtcc1BolI6DhYBp8QIMAcu6PyseDhsGKaa5H3L6hnJZCSjwO1KWnqflb3tZp5_PkllaUpjDxKioEHqpYSP9B5VRgvoGxqaB8tcHM_1vYox9QkJDmO3kj_aWLOoC9gb49rd14CMfRyuynEH9y0LzWEC,reflection.app,reflection.app
153,2026-08-01T17:55:32+00:00,on-device-ai-journal,https://vertexaisearch.cloud.google.com/grounding-api-redirect/AUZIYQFuFYAtfEabdsu0Ir0d9ANJ5ToI2znxbIPabCLA64WiWLPc0tBLE_vvOsAWuYANeVby8lQwIeJN2STAjLPHKnn-KAr9KAnrg_gq93q__tYWpDq7PI5pR-jhbl555ywuwtSbktnDqsTeNTzhl5MdtwMC3JCeL93QFEOGPJQ9DGaVrOfLHb1mcoZuhD5SyQAJtJmH1dYPODjV-8ZM-cg=,reddit.com,reddit.com
134,2026-08-01T17:55:32+00:00,on-device-ai-journal,https://vertexaisearch.cloud.google.com/grounding-api-redirect/AUZIYQFzdJfZRvBMYOqRlnJaYHoZFksmtuK9gLMy30ftpl1JuSdcaLzmnbtiU9-7F6kWWd7-rUWFXuE3nDWYMuzpDcW1n4w43mFseaRDqaW7kYreCWwH9nEmuLYt9l7smu4BZlhbIiFtsa2fP0bAtgMt5p-0_lo=,apple.com,apple.com
136,2026-08-01T17:55:32+00:00,on-device-ai-journal,https://vertexaisearch.cloud.google.com/grounding-api-redirect/AUZIYQG-wFUYKSfU0ZGpx8SxCyT1vlExwPVp6BR2utpg4Mrk1PHfNTu878hkSnRVEd-T0GtsvebL0vVquNQE0UAEqoa15aCB7sA16cpW-mlQhW1Z3rm5lUkj9WG44xMz2g_QOxGwXWSXBXIkBrhIcuAU4iFZUD9mfayim-h058OLJ51CH45OR-YoVBz9oQm-WGt-p8y-_3ry5My0o0A-g-is,reddit.com,reddit.com
146,2026-08-01T17:55:32+00:00,on-device-ai-journal,https://vertexaisearch.cloud.google.com/grounding-api-redirect/AUZIYQG3MTcOaNW_lZWu5gK0Ibg0G36Du_FAD786pHwEtg6xv_xfhD9weBEIPj4AQ-g_QH2WxO-ZPdJyVjo0KptSmzK9yBfYCjLMNWsTuUbzF9JakLXHVFdnzYPfdrOOZMNvwji_4Yv3EWvhDtx8MTNdJwMJI4KkMFQbEAJ9-y5JvS0nUuxllS_ju_xz_Gq3PlKnL3Bam8lD1Llfjvf8Qld00FRleaIlRC0Fx4_czQ==,medium.com,medium.com
143,2026-08-01T17:55:32+00:00,on-device-ai-journal,https://vertexaisearch.cloud.google.com/grounding-api-redirect/AUZIYQG4uTOUipmAA73JVajvUQ7CAi-YAJnHm1li5uES8T9ybNkJ012ySUipKt8zQXozkVfAAEf1k6SaxZeGKuURCRTIChMAaowDOJyWP-P7aGkTPNm-hUiJFp0maAjjMB2i7iE3x0KQK5UJ_VDEmRahwoW11eugpiPwD5S5_QMygoQCPXmpIH57fMmBeKqFHqTw9Q==,reddit.com,reddit.com
164,2026-08-01T17:55:32+00:00,on-device-ai-journal,https://vertexaisearch.cloud.google.com/grounding-api-redirect/AUZIYQGBTN99UxAgTaL-ZSaig5uwvbhJKBuo_2eh1VpJdZfI3l2Z2HnH6UjDAeaw4W8GQXlP4UTgvGa9Sr5yDoxK9uLx5xWELRqfP0UQ8oeHXruNuo060rW9ElQSNXCNpUU0QiEYf_sKmlpkyt9m8mMAvwJTtFOWDZKVvloNIIM=,apple.com,apple.com
151,2026-08-01T17:55:32+00:00,on-device-ai-journal,https://vertexaisearch.cloud.google.com/grounding-api-redirect/AUZIYQGLkv43eJelFKgiGV80l1x2A8JjnTvqTeU1vJ01GzpKYoSMNF8Qk5aTVtiyjp8DO_vZhuwE54pPmcFRu_lZcQLjsd_JZ-0mhsM_01Am44ZENWFgOjtsQuOxRfs5hru2agJOLhjmdlP5HqARmVY=,pensio.app,pensio.app
152,2026-08-01T17:55:32+00:00,on-device-ai-journal,https://vertexaisearch.cloud.google.com/grounding-api-redirect/AUZIYQGLkv43eJelFKgiGV80l1x2A8JjnTvqTeU1vJ01GzpKYoSMNF8Qk5aTVtiyjp8DO_vZhuwE54pPmcFRu_lZcQLjsd_JZ-0mhsM_01Am44ZENWFgOjtsQuOxRfs5hru2agJOLhjmdlP5HqARmVY=,pensio.app,pensio.app
149,2026-08-01T17:55:32+00:00,on-device-ai-journal,https://vertexaisearch.cloud.google.com/grounding-api-redirect/AUZIYQGagNJ-1pmONKhGHa6GSlI6yqcdmnUgPGvwCe4UYvekpgG4xQtpAeG-qGt6-C4mCcBE6V1FM6m51tbfoOvsBQaFQiOfPkBJ9sZt-R2q-vrqMmGpeSDyXHoX8aYSibfA-OAwPBuA0VZF5N1uNTzzLWoFv2h40t3xYjo5ebc86Bjnrvn9AuxwSf7l5RgkyHGw2X8VXxJNmXTcch_UW9I_tTsvhK8Xh_S5YFmNTo9HRBx19CrM5A==,uxplanet.org,uxplanet.org
145,2026-08-01T17:55:32+00:00,on-device-ai-journal,https://vertexaisearch.cloud.google.com/grounding-api-redirect/AUZIYQGgT_e5kWS5quz5KmmOVofO716ReQQN5qjxCgWA2--U2Goea3LR_dbc5DSGIs6eXXG3Gds8Jk_NEzkx_1jgwvEvtfVd7fSwHjXVtMPCALTaViHd_q5oLY2m0GwUnTcrtiK9l8G9SPTyn3ixKVnRwsTGNsRxwMo9UKjm-Y3DR6-pZv9oz6R41EsHr51Sy-fpjuLr0BkJbg4=,medium.com,medium.com
135,2026-08-01T17:55:32+00:00,on-device-ai-journal,https://vertexaisearch.cloud.google.com/grounding-api-redirect/AUZIYQGiUeDUUS94detnXrP2cOVmzAibo9Eq9oaWBonr36h_zg-TJs18lRk0bHPprzEyC1f0k6QNz1I7BYaOugZDuiiAyvJ3u5arEW8E5mpL-H_EYNIkQSuTeMeYnUSAddicTGmP3C-hFY7tV_mMJ0XFw-3tlUrhiMoDNkjX1HmH_OcuM-QJhvfDdgaou-gj_LkwPGxo1A==,reddit.com,reddit.com
133,2026-08-01T17:55:32+00:00,on-device-ai-journal,https://vertexaisearch.cloud.google.com/grounding-api-redirect/AUZIYQGmNPzxAHDBocwFPB78Ddx1RAk3Mwbir3pkb1sKhLLk2osmY304wLfFfgaDpvxkGdKk0tnD4Gk24ReKhopdqPz7Q7HIvi46LcY-nkc1Q8bku9d53tGo4tahBoBAdldDWZbi_bvI8_Szh6c=,journalpersonaldiary.com,journalpersonaldiary.com
147,2026-08-01T17:55:32+00:00,on-device-ai-journal,https://vertexaisearch.cloud.google.com/grounding-api-redirect/AUZIYQGoYT0JLl3O91wtSUwdXz44nMoPSzLAbnTvy7VkEO73dcCcvu49ii9RqNgznjrb11oowZ5bFUl7xiMwgW5k8zOtJCwJKfCQi_gtM6IQZnt18S4cXadWF-eJJcJmTy98PWgTl7h3ruLYW3241J-GNx9K-0o5M96H,deepjournal.app,deepjournal.app
150,2026-08-01T17:55:32+00:00,on-device-ai-journal,https://vertexaisearch.cloud.google.com/grounding-api-redirect/AUZIYQGvAHiDgu0MCMcKLfRBJmicK6FWuzUC7VA4MkjY-LndlOBm-QmzyI1DwK_jrw0tGbuaYuey506KkG1BbTILU33g7pzAxCocsahBRcT-WTlYwCAzWFpZLEycbxukPNQ2fK8LtBfK5iKvowOZDjrwKYZU,getdailyvox.com,getdailyvox.com
161,2026-08-01T17:55:32+00:00,on-device-ai-journal,https://vertexaisearch.cloud.google.com/grounding-api-redirect/AUZIYQHODYWVHt-Clr2kH2j_2M_8YeB_TfuUQjQD6oyYjXefTxHpmEbltqGppGIm5SdyyCoEFF_9qwV-3yKW9ojnvS5r59zi9S6oF8y8B2qDyIeSSvgYPLNINzVP3QE3OR-QHMkJbvjsumXuzt-WgbKhqX_T_GFcLLRL,holstee.com,holstee.com
132,2026-08-01T17:55:32+00:00,on-device-ai-journal,https://vertexaisearch.cloud.google.com/grounding-api-redirect/AUZIYQHU3hG8ZaX3OsPQPZGG2E3ggujojunvFPdTWEKZxHyCIYzXOuV_3UO1IiNKGcyjyyhFyzVn8SQqfFO5QYVF5546r30HjW0k9IkZKydOL3QIkWrNdtCW7TXMdSWPr2mjXCLaFSleXY5Rc_vyy-0cvMyO72TH,dayoneapp.com,dayoneapp.com
128,2026-08-01T17:55:32+00:00,on-device-ai-journal,https://vertexaisearch.cloud.google.com/grounding-api-redirect/AUZIYQHUIKvwppCz89x6yVyeln4xkX3zutwAeo0df3RP_Y3RhIw3pAiB8bSDyhcE5kRZ6WK2pf4ONnhE-AP5Wc8xwA8M8yLmCf5wgVlETofaaqImhuPPiQSvOCMUriVJxiL7Dq8IYUdnTBhV9iJMXc34syHnRrgyZ-cefuNLGnDtviFKKv3Yz69DFXcqj5R3CaK6gbDL4HRgliM9friYNHgBo9mDLyUHIlwfWiDIT9g=,medium.com,medium.com
129,2026-08-01T17:55:32+00:00,on-device-ai-journal,https://vertexaisearch.cloud.google.com/grounding-api-redirect/AUZIYQHZu4RDZvDgj3jH5VnzChPqFnASGIGfM00ZENPMZnRcQGd44ZTQVcmYmW1OUbz8yfbWoQAdxfeno9DZLWCnZmA4P5npvjHhfXFJPzed7JLHg4ytY8BX2oHY6jpEpq_3sr1v8sYNju_Sww==,apple.com,apple.com
154,2026-08-01T17:55:32+00:00,on-device-ai-journal,https://vertexaisearch.cloud.google.com/grounding-api-redirect/AUZIYQHZwGBJTWE2nRdjfyUua6WzDsUzkYxtgNtlwbJCmJ6iw5irWt9o3J_DLsMv77VNlQnljT-ZSn7pJWSS3PQu6G1ELymsTgS9D3EAGPlynk2siv6UOJr9pbkz44XPU2Co-dSFCDnFuGS0fA3NmYo=,dgross.ca,dgross.ca
155,2026-08-01T17:55:32+00:00,on-device-ai-journal,https://vertexaisearch.cloud.google.com/grounding-api-redirect/AUZIYQHaWBEkZK2bkC1R8E_Ja2tMp8henQKFvdB63Bq8aZ13PJeov3rmM1EBUCD9TiKaS2-5wPv1uJ_nPeaESzMyLPWvDeBSX3VqEwzd4uDIDwqaLfXlFHxztkmvV9OUa8yj,dayora.ai,dayora.ai
167,2026-08-01T17:55:32+00:00,on-device-ai-journal,https://vertexaisearch.cloud.google.com/grounding-api-redirect/AUZIYQHfFG6u6X4er6gzurBZFduHA_TFeS0iiLORwDYKF62qzF6uidT_TsMSpLfX64_88ebPPokhdJcEjiX2FDJj8bVpnKZUEsVA5nufRKFSv6IbP-rY9BAubBqLPhNx6JY15HSFnLjGo8A=,memexlab.ai,memexlab.ai
158,2026-08-01T17:55:32+00:00,on-device-ai-journal,https://vertexaisearch.cloud.google.com/grounding-api-redirect/AUZIYQHgR-NsFGdOvuAec6vT1uppdPZ_20ADBsVo3gGJROdNv1vfRSXTElIXmYmzjBhkCyeHPm_SpTpUJuUAAshOZNXYZYWdyi8jH3PXGQ478fvtRQ8a04OCVQcTapSx5finQLgxQSb8FcN-3S-B_z0fNNVGUEQJD4rbxWL2K1WTBari_YBWIJpxtP7GIAu8LUd3qyztF8GkAVK84YPcE6w=,reddit.com,reddit.com
139,2026-08-01T17:55:32+00:00,on-device-ai-journal,https://vertexaisearch.cloud.google.com/grounding-api-redirect/AUZIYQHmWdnujg7qpM7rPkhA3Y2wpfjFm4FT5ocLzJ-MYiVG1TnqGnHT0603ucadVaSAUKH5DdT_ALg9tnLVxY-wsc1-fkX4g9dKcdNGcoYNtXUqve0OIQ4pT48u61wyAeNG0OZJ_GzosIBflYZ7WthgKhdr9lXGFIShm2eE,apple.com,apple.com
70,2026-08-01T17:55:32+00:00,private-journal,https://vertexaisearch.cloud.google.com/grounding-api-redirect/AUZIYQE7ntj6C1R_A0ej3Cfmc1UIExgMRlJjEWMHKLF83Wx7JcRxmQd7wZNuHJIMTm2UkPtuJfbshGLeT_78HPQ9vixYDPoZ-SHNO3qS2CotxcsglwFAPzmrcFd5Fku0GcTZXvizExO3QZ6nS1azaMiOPzLvNjA=,unwindly.app,unwindly.app
62,2026-08-01T17:55:32+00:00,private-journal,https://vertexaisearch.cloud.google.com/grounding-api-redirect/AUZIYQEQvf7ktEAFA6Jn4kQungff9dpEGJS4gxVZ_i2nNNI7T7eaAktgRxms8hEF2b9zWWEgmvkCcSptg3WL08INb-KCpkhfl4ZCbyAq4fDL2Kxc6TFUD7MMopw2lXXNjIj3BJXG_8VkalQFY-JQsvGfnQ==,memexlab.ai,memexlab.ai
69,2026-08-01T17:55:32+00:00,private-journal,https://vertexaisearch.cloud.google.com/grounding-api-redirect/AUZIYQF8ODOcIdOrXZubsKpZF5gpeo5AT0dWF7KY3G24MPNnqGvrG3LYyzFg95bxtIZgd-xZqGBy9z_UQteBZDavPI9UmRpmS8nOcVtgf9OYEGE-cYQe0sJ_LL5p7jDyqkxwXkV4cIuTCZZQ2WuFYVzTw1IOrAi8tL2i1MyUJX1hgeth2UZuZ_ph12M=,mini-diarium.com,mini-diarium.com
63,2026-08-01T17:55:32+00:00,private-journal,https://vertexaisearch.cloud.google.com/grounding-api-redirect/AUZIYQFPqFUT8jYh9LLJWkfYNWXnACqqwvCQMYMz5Wt5-SDKDcS44r8uraLXDCZA2TPFgosnurKWdwwh21Kn5MeR7yKz2C_HYHqmgzEkCjUluKPVEjm8TkM8s5K68B7w6AZSwwUDuw00SEXfsN9-BVQy9liAnwSZyr5vZQ==,deepjournal.app,deepjournal.app
64,2026-08-01T17:55:32+00:00,private-journal,https://vertexaisearch.cloud.google.com/grounding-api-redirect/AUZIYQFPqFUT8jYh9LLJWkfYNWXnACqqwvCQMYMz5Wt5-SDKDcS44r8uraLXDCZA2TPFgosnurKWdwwh21Kn5MeR7yKz2C_HYHqmgzEkCjUluKPVEjm8TkM8s5K68B7w6AZSwwUDuw00SEXfsN9-BVQy9liAnwSZyr5vZQ==,deepjournal.app,deepjournal.app
60,2026-08-01T17:55:32+00:00,private-journal,https://vertexaisearch.cloud.google.com/grounding-api-redirect/AUZIYQFYYRZEXF78GaHVoWeMTevtOYp3LQRD4sjO737GDTRMA991thtOjtZ6rVT89DXlucQOFlFd4Rtb5G5i02bvablxifXzKSVYNSrxdayzDGFEUMXHOcf7JZfTjJImgp_o5t9uFP_W-w==,cozyjournal.app,cozyjournal.app
65,2026-08-01T17:55:32+00:00,private-journal,https://vertexaisearch.cloud.google.com/grounding-api-redirect/AUZIYQFckqcqYMnq4PtOvZZRhyVYA4d9EMQrllaT0hsySrn1foDoUGdS8-EXU149a3QCIwObzm12ytK1Iu0drQFL9prXp9q0DcCimt_bSFj8m4Cbo1zrXUwGzpNdGvcMj1kCxZDxTC2cMVC8INR7Ez983Qu6Wjwf-jmNK6XtkAFQL6FFgkwOvYD7bBylHfd-Cl1ruNQ=,reddit.com,reddit.com
55,2026-08-01T17:55:32+00:00,private-journal,https://vertexaisearch.cloud.google.com/grounding-api-redirect/AUZIYQFiQOE2xaVsnX9Nyx67b73y9QvnLWCXZc8xUhxOMnHBH54rkkqSHp9X2u8UxPkb5sRmvHeTSeyGbNxm2U0aydZMeGohWpsl7rKwCNtKNYQaMxD-d6E99-5QQ4KENYB_N8tytwby51YjTzuX95N0VNvkL8elOYjsfTX6qRkVV3IFJqXmbuqK5HQibROI-ivx4A==,reddit.com,reddit.com
77,2026-08-01T17:55:32+00:00,private-journal,https://vertexaisearch.cloud.google.com/grounding-api-redirect/AUZIYQFiX8zUSGTLWvSuwIGaZ7fUSEZjXqwkIcvq-al_ACwpm1laJDj0kMANOqFX2WMywfM81ml9xQ_aiK2JfBtX0jjfuN2KSlj6VKrS1J_MEw2av_9rr__0BcLDXlaQSMyEOWCj-x744CiTbRyxPTk2CDDYtXdJxGLMJNE=,apple.com,apple.com
72,2026-08-01T17:55:32+00:00,private-journal,https://vertexaisearch.cloud.google.com/grounding-api-redirect/AUZIYQFoOumBDutpuXq3Wn14FVX5oltOC5TJ8AJo7JrAsntDCFC9kKDLS0lUw7uLf4_58rzAJq33cKPbrjpitFRme8H-fNNsgXaI_u3HDz4DfvampIYw7pYK7hDRamJe253MQ0MpYqjZdmxbmdMULt7xNg==,memexlab.ai,memexlab.ai
66,2026-08-01T17:55:32+00:00,private-journal,https://vertexaisearch.cloud.google.com/grounding-api-redirect/AUZIYQFua0sKo5zn-SkCd3v1RMfj5EDy5-pLszXrErZfBfH6bOA6wplDGBQJbmcyiSY4K4b7UxUrHnzpqJVjqvOthfdJBIhG1X0k5TTylbGgT_2VPbxS-z-mKtjn7iHOZkHTTRzKs0aRPIXPoDygBDJAgAzHCax3zyHaTw==,holstee.com,holstee.com
58,2026-08-01T17:55:32+00:00,private-journal,https://vertexaisearch.cloud.google.com/grounding-api-redirect/AUZIYQFyrfdW87Frh8ejFqwFMcZkUBfAmqoyd-_fTeqWp61v73OabSr5ATQKK7T1y0X025O_RmjEkgmHkKQ83jNOQf2_w-uGb9z_FP8Aoxi_3jourYXLyDd_QTVsvX3cMW2VixgR8qHba6TkkZsY,getdailyvox.com,getdailyvox.com
56,2026-08-01T17:55:32+00:00,private-journal,https://vertexaisearch.cloud.google.com/grounding-api-redirect/AUZIYQG-PijR98tMdciZsJwn7YzkdlWVvpnGrNqrUIwKRe_90NOEYPgZ6O2fnGl3BfKQ-hDANpOacT7Yyro7Kz35-E8gbk9ddwnCBNeVt6ofXoTjOZ41Jw77EB2rgI65jPVzWaVCeXZ-C3p8ipRaOBZG,memexlab.ai,memexlab.ai
57,2026-08-01T17:55:32+00:00,private-journal,https://vertexaisearch.cloud.google.com/grounding-api-redirect/AUZIYQG6wSlJP4M1gs9aqHe2nSh96XXIyEyyb_Vp_Tl8L0fdbIJb1_80z3WorIFMPN_Lu-Fbs_WnpyoYYXDLLUp5BWb7xVEmRVof6SgpLXAoJsg=,diariumapp.com,diariumapp.com
73,2026-08-01T17:55:32+00:00,private-journal,https://vertexaisearch.cloud.google.com/grounding-api-redirect/AUZIYQGIP3oPTK4p3xEivzoe4dc4cKMx333NMMqcbLKzkhjFAJI5LiCg5KW9MfyYu5Kp5HSeu5-wdFk-7gWqAI0owHfctGxDx_wIUROyyRtxay8pAnpQqfkzO3VW-TSVDVX0sCur8m6HVvlXzq-0t3w9YME5IrhBj-aV84cp9-Oj3muxpxhxBm4zg3Tj3P3uxG2q9XE=,reddit.com,reddit.com
53,2026-08-01T17:55:32+00:00,private-journal,https://vertexaisearch.cloud.google.com/grounding-api-redirect/AUZIYQGWy2h-QW3Mr20ll54dM82I1NqeIuyu-j1qp1U7MlJn120fMYfa38O-gppVR_dpoaofI41Kb74jeMOns0AAldxNu9Oe2xulrqZ9uTx80aEi7nwIUHfDIEnBCfrp90Ov61m7OJir3KslIKos6Ysvfb5bpQ==,unwindly.app,unwindly.app
54,2026-08-01T17:55:32+00:00,private-journal,https://vertexaisearch.cloud.google.com/grounding-api-redirect/AUZIYQGeNHiyIsVb1uGOA7JPguIz1tPkrgcAxe6NB75ss89tALZ3ADP-6ScvBOyIet4s0PPhUlfOhTdBo_NLR_zZxe9lfGShL-p_B6ab6NmzXaqMz6Prv-OiZLlr-AEXKH6CyyWciIG6nHMK4_5iwkxQ8E0=,pensio.app,pensio.app
74,2026-08-01T17:55:32+00:00,private-journal,https://vertexaisearch.cloud.google.com/grounding-api-redirect/AUZIYQGqlIBZAcGIDrHAiDGAi0xIP4TnDei0Zh6MwNX6wlNBUDWEIzS4xGP3M894t6E9QcO3waOJB1asAuTfwiJp3BG8u3fcDVxxNE0JuBN4um6ue_8V0iRU8ZKZoISvrFBoGD8Cd3i7PJGi4uPfq8htL7rcO089b8lqaA==,holstee.com,holstee.com
78,2026-08-01T17:55:32+00:00,private-journal,https://vertexaisearch.cloud.google.com/grounding-api-redirect/AUZIYQGqlIBZAcGIDrHAiDGAi0xIP4TnDei0Zh6MwNX6wlNBUDWEIzS4xGP3M894t6E9QcO3waOJB1asAuTfwiJp3BG8u3fcDVxxNE0JuBN4um6ue_8V0iRU8ZKZoISvrFBoGD8Cd3i7PJGi4uPfq8htL7rcO089b8lqaA==,holstee.com,holstee.com
68,2026-08-01T17:55:32+00:00,private-journal,https://vertexaisearch.cloud.google.com/grounding-api-redirect/AUZIYQGtOdsavNH0gsGe4ASswFEjdG3N170FdSVr0Sent3s6RItznaaYDrlf0PcWrzWWEh24r3DOSotRjAERwzL2I65zTQ-Aht-nQg_2sn9rA2uGQyLcUsV4BDIKv1STW7P9pIezXhZBHfJ-9ClGgf740mcCXSuSRcF8AxBNmhIzll5fBmKkiMkET4qoLgLvRFUYZfjlS5DB5SB706UpQMNeiyZWno9IuofYnj39cb8=,medium.com,medium.com
76,2026-08-01T17:55:32+00:00,private-journal,https://vertexaisearch.cloud.google.com/grounding-api-redirect/AUZIYQH5yu6Ud_riuFZGoAqgsdTqJ6Db_sMEMCMJLp1A46TS_ZrN7plL3BrfQDfkbcoPRL1qzhJGJc4OHBFLnYZ2FTLlCwocdJGOBEdO0MERZNzHLA7kWoP_qkDyXgQxduSw6R0lSdt4r9oFUBHRJRBl-vjmcWIdBDujEaS-HwY1VejmzP1Z,google.com,google.com
67,2026-08-01T17:55:32+00:00,private-journal,https://vertexaisearch.cloud.google.com/grounding-api-redirect/AUZIYQHAFSEfCyNvyu91aM129lNds-1jtOjKCMUND1mSkSXhIwte9qsYR3UqOpc6AJaj4Lh99CBPbFdMyfZqafe-BrWzouz0mQbaWex-wek7HS5MAFRpqifH3hhqOSDrWBA6fP6gXkPFHkWD4uQgZZj0jbS0e0mf-LLNBS6o7nWNbBTXuwSP,google.com,google.com
61,2026-08-01T17:55:32+00:00,private-journal,https://vertexaisearch.cloud.google.com/grounding-api-redirect/AUZIYQHGhVg_SUgeWjY3h8CI-VktpBSaBTlbTDnn1nKhmwP-FuctgtvtQeA5PHqEhCzzXYkUXwsOY3JzlXMx4O-q37JhlOQYoM5XRqcCoUYVwCfi-p57v19P9pMstNEDXxDnYjHjRpOuVd2IzEJXAeQjMTELr2OnVNMYUKmxrZHLeHH1d22Bc5wxGjKgQBPNMlzpaO5kZeCtjiHEVlp7Aw==,reddit.com,reddit.com
79,2026-08-01T17:55:32+00:00,private-journal,https://vertexaisearch.cloud.google.com/grounding-api-redirect/AUZIYQHTayQPG0daNst-wh4G444Z98qT5JWb7ZljiM2nY_oRNAWoye01v6UhqIXuqYavOlQlupEQ6TMBF8ITM7mCXJTgNd6bYH-LuC3-GuN6DcTKBiS0y0y6wkI3PDSZZUVQL8lkGcjf_1ByEHJPmw==,getdailyvox.com,getdailyvox.com
71,2026-08-01T17:55:32+00:00,private-journal,https://vertexaisearch.cloud.google.com/grounding-api-redirect/AUZIYQHWzVcE9n0PDoSbf-x4q6mmv15qtAAZrMT1ocLsnshHPhpZ2MzIdeMb6Bb70AVFq3r2a0fDLWOvcesDztV8SLVhODHewsKydFnC1avKWnPnCECAnHJZL3JL1VVgy-B-rDwV2kBoN5k8frV_OMakThc1LpBSlVvU-A==,deepjournal.app,deepjournal.app
75,2026-08-01T17:55:32+00:00,private-journal,https://vertexaisearch.cloud.google.com/grounding-api-redirect/AUZIYQHYNxuJ1zuzWyzLuqsvYsADE_GJtsbLJ2tw5BRvK6jmB99WJzuClZbGJEPkJg-yBmOwfzLSv1F1iOn-ZhXyToT5N0xyCBofF9Af88ZFZaTM,diariumapp.com,diariumapp.com
59,2026-08-01T17:55:32+00:00,private-journal,https://vertexaisearch.cloud.google.com/grounding-api-redirect/AUZIYQHw10mr2ukiXFBHSHpccmeL2hveNk15tX3QPjfoX8nC7jcdRQzUB7dLcB9_NI79dmhyzjQEAhj4mnziMIkwimUT9bPCIB6LhRiPWB0EBw3ahCZJUIDh46J_YdDTYlEZ1uKVl7SbDzUKIB68f3CEpIKruF4=,unwindly.app,unwindly.app
45,2026-08-01T17:55:32+00:00,voice-diary-app,https://vertexaisearch.cloud.google.com/grounding-api-redirect/AUZIYQENZRDL8vqgtqKxWiO5VszUwhoqsyixc9jM5g6Gk7xPmuI0LcKTxrCpRvm_AXazxfaT7q06TcbSbWfVZytL3SjoULiJt4p2n4XtipPPuEwgWszYiuK5-bC713_Jh3v_EBY0-qIZrSgSajC4T4qHSgqpoKxSFsBi7c0Q6Vz5QlGC-8mrKXY=,google.com,google.com
47,2026-08-01T17:55:32+00:00,voice-diary-app,https://vertexaisearch.cloud.google.com/grounding-api-redirect/AUZIYQFr4r_RSD2AeQPKiSAvlSUdTgfbiekiKcGidyycNFLk-VlUDVK58g8C29Kd1nqSO5EvH_VmMqeQ7_UiQ8RXPvsy_0nOAo5Pzo41apRKt6fyj_S_2G3Ble_czwL-aLdrGuXLesPw7T5iGNQeaGEm1qg_VgrzO0IYhhvl8fnCfoVtfZZT2ds9,google.com,google.com
39,2026-08-01T17:55:32+00:00,voice-diary-app,https://vertexaisearch.cloud.google.com/grounding-api-redirect/AUZIYQFzXD_QhJZbNHKc13bmLj3hW_qUgEP384W5b-n6JEGOijE1yu1BS56f3Us_kJH-CvDqGaqazsZ4YkeWsTnvqUQIrZKSZ71Rcu4wwPHHIpZtSRN39O9oVWV_WRZdTFb9RgXP,youtube.com,youtube.com
52,2026-08-01T17:55:32+00:00,voice-diary-app,https://vertexaisearch.cloud.google.com/grounding-api-redirect/AUZIYQG0OfhSTpiQHOw9vggrgENZmw0ngJJo95CjRC_pebJkXZPjVKSEGFJTELQQBo-wqwGpWxfw7SXuSu1ozMCNycIcd3Es4Dw_NSF8BenoRoqv847a7YKmCBYhRbPM_AFhxVD9j9E86_RQlZm-LytnvYBt7sNakQ==,knowyourethos.com,knowyourethos.com
40,2026-08-01T17:55:32+00:00,voice-diary-app,https://vertexaisearch.cloud.google.com/grounding-api-redirect/AUZIYQG6xuVE-TLBWhBA6ZSvkrnrxggl5cEoN6XJTX2jbHQPYl5WhDjpMVGaecLL1usftbAyOg0fVbH4Zn7eaQ9QgxsheuIIP_ywDbmFtylEGfuKiOUXNNY28JWUflXU0NfZui9ZSZmg6znTlU60Z6Br8s4=,journalinghabit.com,journalinghabit.com
42,2026-08-01T17:55:32+00:00,voice-diary-app,https://vertexaisearch.cloud.google.com/grounding-api-redirect/AUZIYQGB9NPtYy6r7sBWfPFrBWIF9H7_tSlOfPcwOlIHcREXcGb_MrfxrBl8pm0Jl28Zu6Zxb1dMIMDNPonY2pDMghLNiWIZp8WwBuaAAV_9_jDkgZuyJZr1Hvs0wGoL1G1bA61WjaTUCxtlY4uYVRGftk8=,vowise.com,vowise.com
35,2026-08-01T17:55:32+00:00,voice-diary-app,https://vertexaisearch.cloud.google.com/grounding-api-redirect/AUZIYQGORkwBIYJpUOJaZi-8W3R-vizATKC0-_OBvxXsp9SZhSTm0A_PT6ZQaLP6Pb0FLdTPVZ54kj3nzXmRehkeOoPASjNjAFbG_P3i-lVFuapvreh43EOCwxBAfMX2ymVEDhzhPN01sIxDumSNLmSwpeDz1biIABNAdkcJ8MmJy2XKoUw9SHuT,google.com,google.com
37,2026-08-01T17:55:32+00:00,voice-diary-app,https://vertexaisearch.cloud.google.com/grounding-api-redirect/AUZIYQGQ_GHkKX4-B_ba6QZNFt-XOq0dgbfYUHgQ3oBgG4DnsQboTcGVwZqamX-95C6i3pOMnimBoqCt8n4EwzXDpdhOaTq9W3B1w3fA9F1tSVRcC67KJjtbqKgG_nJOwcFPfiaxz-8DdlGhx6TEI8gipfLF6xNaPM9XElFXGLMBqP6xZdA-HJ9tkqAwgnXL_TAaKMd-SESa2LWOQ7gv_jM=,letterly.app,letterly.app
50,2026-08-01T17:55:32+00:00,voice-diary-app,https://vertexaisearch.cloud.google.com/grounding-api-redirect/AUZIYQGj-LW9qCJWGYfGh7qxs0xXJbqwkLVPJtEkWc6gKcJTIg67LaJHtwKBLq9MOSLAXTPqZqyhVK1gguriahn7JvaEXWB7Uliv5mkFoglQ3GziUgpykuyMCchID8Fu0AkOEMjBAk7VVqUMvpBeIgPZszLEgT0_Ryc=,apple.com,apple.com
46,2026-08-01T17:55:32+00:00,voice-diary-app,https://vertexaisearch.cloud.google.com/grounding-api-redirect/AUZIYQGjDTZS6KAi0dtV2DlRijuCHBpOFeG7SbWZGb1WhL5xjMrj2aIsaNAPQadFh_f8UXJlKvwIRI4flzuIX3Dpn1FL-rsxQ-RBSJNgiOvynb1BUMOYqtE0H9z_79-xZTUZisg=,youtube.com,youtube.com
43,2026-08-01T17:55:32+00:00,voice-diary-app,https://vertexaisearch.cloud.google.com/grounding-api-redirect/AUZIYQGm3ctyi9fhkTnBnbO3pQSf8Runz3tVo5tVjF7zw9IzPquRtUJbs1taStiKGUWOK0hUwrmvhJhtS7o7Nv6HMZBzXTkv7rsVrpRvttMqmNVS7tQAmccSffkrQfjFAuC9A0oyegEcR-oDJt00h1N4dhtGS_tVKFA3Lw==,holstee.com,holstee.com
38,2026-08-01T17:55:32+00:00,voice-diary-app,https://vertexaisearch.cloud.google.com/grounding-api-redirect/AUZIYQGmdwwKiDbiRSUh5Jx2ytMeosmrzZPHIG0IBnfSvJjqu2Rum_GgMMXeTtw9QWQEd228GOLG_z9wKp5ZJ1_8As0Djj7puqQX5PcnHsuR0IxBitub2RgwmhXiSacxd5-Bh2u8,youtube.com,youtube.com
49,2026-08-01T17:55:32+00:00,voice-diary-app,https://vertexaisearch.cloud.google.com/grounding-api-redirect/AUZIYQGn-PEdGq7ffhIg471zsbpd7oczxXqKyNlRQWCmo9RcIaz73p3EcvSK_RdJd1tZniEcS46KMtu1ViTA0bWRswKGUbAfvXqW7FnB88wi3N85_U3BOj9cEsG4qB8wgbfRjSbqnXikkcDEvfifSvQ5,speakwiseapp.com,speakwiseapp.com
48,2026-08-01T17:55:32+00:00,voice-diary-app,https://vertexaisearch.cloud.google.com/grounding-api-redirect/AUZIYQH28TPJJofx5zfHlaEhkk9YXoeXKPqhaPAr0N5RRDLInYPAKm9mMIZaLA-vTww19YFlxgnCTNyc7gqkzzAOygaVavYQwm7Fzdlklvq75XtO0mh5lIZu4xnq7rRwnIhEYwAC8q0LfuT-cWfjpEAKZcp9DAoN_L9T7GjToSv7fWYxWpd4nFtFsy_JEdmmmhNZLipsMA==,reddit.com,reddit.com
51,2026-08-01T17:55:32+00:00,voice-diary-app,https://vertexaisearch.cloud.google.com/grounding-api-redirect/AUZIYQHF8Ha69ghqWgbarbVWzUOjn1AL0h8j4Z6WAH1OeCNu-2U04K2NuVM1uR64kiNqeZm46JRKa-qQr6MOjeXUjZ6LHvSCmM2GIJ0Q2GRT6yfbOFbyOcB4OPBuGMLrtHqR9aSOyLa27UslGwSINLSyww==,hellodeardiary.com,hellodeardiary.com
44,2026-08-01T17:55:32+00:00,voice-diary-app,https://vertexaisearch.cloud.google.com/grounding-api-redirect/AUZIYQHG2KnV84HWCslcHcvj_BRIr7SbzJecK_mPWWdY5WQMCPEVMjUsEA97JSnprIb13dy__QKfzQV1ZqGR1MIrTnGK_COqUgRB1UFS9s4jrH5pe9C0rvOmOc7gZxMfzQrkb0BdWy0TOOHkvGmwIl5_rJ3h-FUiEde5HXbU06Chn91DOEaU88xlfR5C4JO8PVZFkKOTwkkwCrnfMVh1PGbrXWBhSqM=,medium.com,medium.com
36,2026-08-01T17:55:32+00:00,voice-diary-app,https://vertexaisearch.cloud.google.com/grounding-api-redirect/AUZIYQHUsHn-HFRWQrew-Z2UWuAqlyUncJiMSIDNgb5ZBPH8DzpueaENZaYW-zBsCneoqsvb2qAC86b8CfyavsLK6c8YiJdOTRhFDKTb5GwCPfbiqZuXh_SDbp42oTegyHSWy3oCNYGhbxc6KkUdS0TsL_ahH3sZAbPmUiot3lOw8X4Xo6k7hWimhLdbYGUYa1AGJqyZVw==,reddit.com,reddit.com
41,2026-08-01T17:55:32+00:00,voice-diary-app,https://vertexaisearch.cloud.google.com/grounding-api-redirect/AUZIYQHqA06OAVYofmDy3aKeJmT6WmCxu9Inc7ny5Z5TS-nXegnCH3WRmwLHzgWLjZwQK6RIwg2Ph7z3q0kRcpn_Ne2xYUDlGHPl42U4yO0RIh2e2ErdPzhNmogzm1nDI_8TDR2IPAwhdrM_1waiiu_z7w8AAO3-lA==,knowyourethos.com,knowyourethos.com
226,2026-08-17T02:02:11+00:00,apple-foundation-models-apps,https://vertexaisearch.cloud.google.com/grounding-api-redirect/AUZIYQECMrZ4nVqT_kUhr3p2a-S41ViyHk8yEEpomTDNFVmr2gHIZ5uKTkWiW8BpR5jq2yG0vAK_7pyerNkdnqAUB2s7zaY2hGg0sFdQ2G2RIPP8kv_iLkXqrJccATrz56bE24Nq,youtube.com,youtube.com
225,2026-08-17T02:02:11+00:00,apple-foundation-models-apps,https://vertexaisearch.cloud.google.com/grounding-api-redirect/AUZIYQEQkVfADMTcROEQmjQ6rnANK7MOnTcryUvCt_AkWo_ORLD_gcbsbpzuQwRVwroUECif-gPm47JJZ2ImWXxh97aOCTUykaKZsAhBDPl2BMhx9vmwaaleA8JW2d7RRCI8YYiplrPTz3-0PUElp1nRCJB9,apple.com,apple.com
223,2026-08-17T02:02:11+00:00,apple-foundation-models-apps,https://vertexaisearch.cloud.google.com/grounding-api-redirect/AUZIYQER-LGG7tLaDMdBUz8NaPvUleSpaEzBQP9SDhnk3GXBpqFIPdZY_3inax6M_omnWVm8dKGcbIlpyt49E5n25LT8IqebFS8E_vkTll1EYROVyzN7lqjYZUexEYK875U5VFr1ijRsXkmgQrLgHOFm9a9ujmY-yGSkInlCfWdgdphFK7i-DsOeu7u2aWDir2CgGtb3TcimBn-qs8ouC3Uu07doak7HrX2OThw=,apple.com,apple.com
231,2026-08-17T02:02:11+00:00,apple-foundation-models-apps,https://vertexaisearch.cloud.google.com/grounding-api-redirect/AUZIYQEZXqW-T3lpUnaWTUJcvihu7Ib3w9xtqq2PrJ_PGuqXLqthfBItbx3GXQgzpR6FkOFXHHNG8F5Kfbn2Hr6D5pVJW7mlmizEUUT1h4jRvSvT39hyr-Al_NjXNRwhEQqV74WokKtOWwoV,youtube.com,youtube.com
228,2026-08-17T02:02:11+00:00,apple-foundation-models-apps,https://vertexaisearch.cloud.google.com/grounding-api-redirect/AUZIYQEkK8OL3-U46sRpHf4W4TVdfGXGWB-5uI-tp9CkYCxNLtPFo3qQtAS7gMGEViJ6ODPe58Uyukg0IdrQZlnNnrT-Hx92_0ysJqT6G5gv5s7WPIGzMkWVY6JSSAomZPIk-f_p,youtube.com,youtube.com
224,2026-08-17T02:02:11+00:00,apple-foundation-models-apps,https://vertexaisearch.cloud.google.com/grounding-api-redirect/AUZIYQEqu7T3ESqJ1QvH3b5SGKC1yO6XJ_i2tXRQdGJQdnM-EFnjbhYF-3HcSb9nfUv6Qcu0DuZnQydmflCbYwJsQHnMf_aFr9PIA06VKrAEhYsTkJ0t2PxtTihptXtXsKq1lngYojWcgQXoMQGOuA==,elephas.app,elephas.app
222,2026-08-17T02:02:11+00:00,apple-foundation-models-apps,https://vertexaisearch.cloud.google.com/grounding-api-redirect/AUZIYQFBPHbfMVvV2IAydI94lxQIUGv9ArcWROJBFQYMKZrGhSVGHWg_fnhjuQQG1MHbD3cA9tTZ4dTmTCQPiobrrVapN70oaRsk3HUVvnpo_00iXOPefS0XXoMXM3wNhyImBl6EJqASdjSPNlWlpsf15U4QKnZsL27WDOZ6kv1BrCCYftOJamKVCbbtw9QXKGylPMpAao6OCl2b7w==,apple.com,apple.com
232,2026-08-17T02:02:11+00:00,apple-foundation-models-apps,https://vertexaisearch.cloud.google.com/grounding-api-redirect/AUZIYQFtW5-sJcQgkZlr845M35G1SrIRWSmPdzVuzSFOiDfYDZbuHvULfxWPHEhtStxO08tMkJtADSGjJMZab1zKjpMSUNIdlK3qp8qD8sYAtJFU9FQ3JB688h4RIfykg9dtxXtkjo4DcQ==,apple.com,apple.com
229,2026-08-17T02:02:11+00:00,apple-foundation-models-apps,https://vertexaisearch.cloud.google.com/grounding-api-redirect/AUZIYQG2ZqR20dO5RdUAm14gnRG4PjqNaE2K47-EQtKP_tevHKDeLsnCDfKFAEq2kgO5OMa2_mGEIWmm4HI_HzkJjif0uRJZ2NbtRM9OKyRISxKeyejpPlyAcWJe5_tMRScJpEd3LlEZvR5HaLkaLiRnklCv5AwCxJ13U_5Wun_bqjxcjHdccfH37OnxmQ==,apple.com,apple.com
233,2026-08-17T02:02:11+00:00,apple-foundation-models-apps,https://vertexaisearch.cloud.google.com/grounding-api-redirect/AUZIYQGPTEbDroW0d8WdBMHJ05t7eU29ocRD6Gemrw6O2N4gVVO4UZ_kUQYjEhXJ3cKiRqTgbBmozWOgTJLsy6tJsJakes-pKfN6CGuW95WVIqf7jGTc-s3MfHw0bteD01A8TpUeD113LwFRLeTklRSfLHOaPO4QW9dx2zUDDz9TxP4tZZ9EWkEj,macrumors.com,macrumors.com
227,2026-08-17T02:02:11+00:00,apple-foundation-models-apps,https://vertexaisearch.cloud.google.com/grounding-api-redirect/AUZIYQGdZC0x8X1Zp9_YmqbJaAVeBkgj8oULoEyxdMm_JbBLvVL9nxj8gq0113f4Z06OB5y10twd5f2C3iT8_yqwtJUw_FiQLvkqPNF6OQsArnsqONIYvySwsgLWr1cMgTRwvDng,youtube.com,youtube.com
230,2026-08-17T02:02:11+00:00,apple-foundation-models-apps,https://vertexaisearch.cloud.google.com/grounding-api-redirect/AUZIYQH4WR4msGicJbPTaQcbkTWGYpKRZ9eHAAEHXxe7s89dKJatNN4LnXkaMiq1B_1HJLz1L-ZVt3Fcg-rnN39GosDSpATDwI2h-A9f95ZZ6Nq_8VQWLkF_2odsq9c6fJIaWfYo,youtube.com,youtube.com
234,2026-08-17T02:02:11+00:00,apple-foundation-models-apps,https://vertexaisearch.cloud.google.com/grounding-api-redirect/AUZIYQH5ndieFjOX7zW_GePdtXRbIrp8qsO8KlRY2_CH5dZTbUBqUiV5hFpL1zkD9ULDbwFNdcQ204ORvWL2USzlPFIt1VYiSVHvF2Dn1hlH4Vm5CQItBRnd7DuLEoEa7v8Gp0dG,youtube.com,youtube.com
239,2026-08-17T02:34:27+00:00,digital-twin,https://vertexaisearch.cloud.google.com/grounding-api-redirect/AUZIYQEbzGD4EfHWmIRFAS_4XI4H5vWb7IYMUwBx-OeryVhT9YPlJ4cvX0IPhCn4VrIsd9U_vYKAgdNLPIYUCErcIy1JcHNd1-yaw_YM6D8s3XMckBeEiOiGU5Hcw6LPbHlxTcSTMAUdRkfV_DGkwMT24p5Htujq9nhT6lfsBQ==,personal.ai,personal.ai
240,2026-08-17T02:34:27+00:00,digital-twin,https://vertexaisearch.cloud.google.com/grounding-api-redirect/AUZIYQGJTxVFtoj3i7b31I3AukrtQDemjNJWM_2rZGyGr33V2RnozCeG0UpaQXHDmW7WS_CxSyvW92OAhej_zeCiz9Qf7PvCrzYwJDTowwEtN5Y=,mindbank.ai,mindbank.ai
241,2026-08-17T02:34:27+00:00,digital-twin,https://vertexaisearch.cloud.google.com/grounding-api-redirect/AUZIYQHrdFPPu0-rpeejEgHDRGZsYjUtwmijzfyBXtv7592L6iUXqa3mo1PH8L9Uh2z4twAmCdxjHdbU9KdmjS7mIkHV-SXFya8mR9kJl4-Fjg8UWG6b9cm7NllkpJztkpiCBnGYVZlTWZKQ71LJfG0W-Hbg2p-sHGyUe46FmxqUyXg9cX6dPns=,google.com,google.com
236,2026-08-17T02:34:27+00:00,voice-diary-app,https://vertexaisearch.cloud.google.com/grounding-api-redirect/AUZIYQEPCDNdc2d9ozZouREtsBSr_4tCXJ117_C4WTUJK_dj9TKnwblUARu-CQ7zVs-JskaUFUbRm5_U40vGbCkkYAbkplcwbSGM4kr7RS2MQoYcfJ3SzUcHZtdLcw33vyf5lw5OXp7BRAsc-zF1yA5g2fLRn9n8HOCOrw==,holstee.com,holstee.com
238,2026-08-17T02:34:27+00:00,voice-diary-app,https://vertexaisearch.cloud.google.com/grounding-api-redirect/AUZIYQEPCDNdc2d9ozZouREtsBSr_4tCXJ117_C4WTUJK_dj9TKnwblUARu-CQ7zVs-JskaUFUbRm5_U40vGbCkkYAbkplcwbSGM4kr7RS2MQoYcfJ3SzUcHZtdLcw33vyf5lw5OXp7BRAsc-zF1yA5g2fLRn9n8HOCOrw==,holstee.com,holstee.com
235,2026-08-17T02:34:27+00:00,voice-diary-app,https://vertexaisearch.cloud.google.com/grounding-api-redirect/AUZIYQEgh4bAyM1fZm6miwQOdayNRbHcQlEMNk70mGNmA5-qE7fRJCKWoTcTYPxLTULtg30VjWuDKzabZELHJy8u68g4YVmBKIpY4ZmxkROhbeBE8cwiXJLJE5agpRKOoZDjVnX1aC5fegRkg2QQJK63YawPlLl8_A3eezGWyLfb-JZI09ZZL4ai,google.com,google.com
237,2026-08-17T02:34:27+00:00,voice-diary-app,https://vertexaisearch.cloud.google.com/grounding-api-redirect/AUZIYQF-e9VzLehXTe9v7xCU7wZGZqGgV5lJdgKCQsu3eou9UfBFcpyrEiqAZqNSxB1lSHdoAnu_NNPa7jbV6yE5bFxT3PbQV53quMW9QxNs6NKB2WLNIYokKj41zO5nvNLQCKloODwIoQIHNM9nxH0vi3My-Tit6D636wpr,journalinghabit.com,journalinghabit.com
266,2026-08-24T02:26:46+00:00,audio-journal,https://vertexaisearch.cloud.google.com/grounding-api-redirect/AUZIYQEAvCE7XPXU1v6mhGL2v52rdLwMFTcgPmz0O0LS0G7Jig860EM4QvBYS_umyLgLII8-GhdH6V2zZkmzN_sAB3skH6hCM4HJB0wayl6gcG5dYAz0dTAoVNG8eDulfsnBxUEf,youtube.com,youtube.com
258,2026-08-24T02:26:46+00:00,audio-journal,https://vertexaisearch.cloud.google.com/grounding-api-redirect/AUZIYQFX7YSCw5Y7vTY3GfztZ7E-HnACpA6X3HL2-D3gm6O68SDC-dh5-gVgkToCQ_nEx93IRne0uoz3dOZ4mU2ejHRkUMJfRfHzZ52aNoA54J0GtkfBSM3TfTfoP3sqUFzjay2BgrEyQLzzve7XaevcH4Y-,dayora.ai,dayora.ai
263,2026-08-24T02:26:46+00:00,audio-journal,https://vertexaisearch.cloud.google.com/grounding-api-redirect/AUZIYQFsKhidscjZ86PqM43t0FoMT4iqyuhc-6HNRVcIpZ2SzLrU8geAjMtfiB_yl2-UN9Er9SJ2VrhAIriYHMJ9J5xVnCF-1sOvkGkswjt5t05NuMnZBZVpQkviPuqDhFEk-QlCARDjlnjFUupeXKZxtLg=,vowise.com,vowise.com
260,2026-08-24T02:26:46+00:00,audio-journal,https://vertexaisearch.cloud.google.com/grounding-api-redirect/AUZIYQG5gA-mOei2asRH2ytuZ0znrHXfYGih5N_R00AdqHV6qRdBL1Czjf60qbCaZxqGCNvWWb916iuuzFM6pVMTQ1sTOIj2rdDADtWP5Z4n3KSHsQHQBsOy9JJapKG5-VmCNk8kJz8NKoZdljD1Jn19HYBsvZQIkdpB-FKYXzuG5AJs5ITkB1Wu,google.com,google.com
264,2026-08-24T02:26:46+00:00,audio-journal,https://vertexaisearch.cloud.google.com/grounding-api-redirect/AUZIYQGL9_9pShALfTAvA_Vii-ownYlkm2ZaHYpMhKfkU3fBh88viyoBl8VaJoSm3ntipzWKiOyKMUa_pe3FoJoQwKmOaklWjGwweVZGJNK7QHJk0semDmA2oWyYdxtzApUkFp0oWc8zuoUALB0Yu2kiYJIQeTES9VPHnItQ,journalinghabit.com,journalinghabit.com
262,2026-08-24T02:26:46+00:00,audio-journal,https://vertexaisearch.cloud.google.com/grounding-api-redirect/AUZIYQH5wyzIepCJ4hDPK5rvX4DgYtPZCE0UYp5heHDXVtUv6J8IWv26b6tGgaqoZM8L4JFYZUoFbLBzskxx6f35ufKzVtcEKu774JoPEKi2eDGT_aIJvgWbkDXYALijTYx_GdDX3ku0yCsKOrnPXip1zF4Fs3uHKA==,empathdash.com,empathdash.com
265,2026-08-24T02:26:46+00:00,audio-journal,https://vertexaisearch.cloud.google.com/grounding-api-redirect/AUZIYQH5wyzIepCJ4hDPK5rvX4DgYtPZCE0UYp5heHDXVtUv6J8IWv26b6tGgaqoZM8L4JFYZUoFbLBzskxx6f35ufKzVtcEKu774JoPEKi2eDGT_aIJvgWbkDXYALijTYx_GdDX3ku0yCsKOrnPXip1zF4Fs3uHKA==,empathdash.com,empathdash.com
259,2026-08-24T02:26:46+00:00,audio-journal,https://vertexaisearch.cloud.google.com/grounding-api-redirect/AUZIYQH6VsMiL9b900oPnX7oeZLSaP6VbCs7vlKCoUbRI2knLaX5OJ60_pvbrztm7bapk0A2mOMyZ18yiTSQlU_tKOTbZORrScCu3eBGjzeylenukNxVI6p-RZf6ink2sDFRyL3YhL_rX_RPaiDeIRY28Hdrtfeso5jv5Gk1LfB__QrhW09hBN8dKVc3fcf-NeTYClCEoLHkT08=,reddit.com,reddit.com
261,2026-08-24T02:26:46+00:00,audio-journal,https://vertexaisearch.cloud.google.com/grounding-api-redirect/AUZIYQHUEqt5sFaGc0uLZZ5HFMQlKfJBVGzPyVr09TaJBNPXUragJ4jZxb2VY1VLp7yr0JqPfalFup_MTvBBdiy2ZLxzclvFv3MuTao9ARaC,audiodiary.ai,audiodiary.ai
245,2026-08-24T02:26:46+00:00,best-voice-journal,https://vertexaisearch.cloud.google.com/grounding-api-redirect/AUZIYQEUYRmWYs416d5aKtY_1nloelsgUcUKUpp4YSoKEKSI7JC0XOYbk-rtJ60alDVj_4-_aerKoUcFOO_Lzq1Gh5adRYlftNd17A9HKrGE6NuuY2dXEOE6C-a_WQq4FBQgFYLxf7nbEle9F2OW_QlnpwMCPujb,lound.ai,lound.ai
242,2026-08-24T02:26:46+00:00,best-voice-journal,https://vertexaisearch.cloud.google.com/grounding-api-redirect/AUZIYQEclHRrPOn_Rz01V3q6EjRpGFzONPoMXFV-pIksRW5-VDllWB5NeICbfiDrf-h0E5FFVXBlzKCPfS6efxs-WESLQ1jqUOuCymTjfmCW-8UcHeW8g4HgD4HVRpOHWNuE4xwFRuVfRCzJ8cSdidtf3e294ustk3E=,apple.com,apple.com
246,2026-08-24T02:26:46+00:00,best-voice-journal,https://vertexaisearch.cloud.google.com/grounding-api-redirect/AUZIYQEkW8XxRTHnMXKdlz42-WID5YuVggUYXpReYU0k0O9nC5ZaFYcJ7gg4jDQTCC5MZjRwzrTictSSwDRYxU1vtrA1Zl2AEq9jJhhZ7-Gf3fG4Hhi3226WqzsuFQXTjLrPgHd2,youtube.com,youtube.com
247,2026-08-24T02:26:46+00:00,best-voice-journal,https://vertexaisearch.cloud.google.com/grounding-api-redirect/AUZIYQHFaVXm0QEEtABGsYZ8wBB6o4SBt745bZjnzvIbBYcV1tWcbiR_D72uRzwmhJh6UDKWed0S-nEVCGat4EZMzRo-FSfvFYa4W7GuGgM_S2pjz4m_R67I7BQa8BdgPuSvI0WR,youtube.com,youtube.com
243,2026-08-24T02:26:46+00:00,best-voice-journal,https://vertexaisearch.cloud.google.com/grounding-api-redirect/AUZIYQHPcQcziWj-6y5oCAvwyxeHA0Iuqyy-NlVZDllF3T90OH8ieCwEDXuDSRLF-N0OK0Gbaw-9BW6T0YYao-MJ3S2OSTKUDvQe6DV9RxVsqLhP6Qr5Bqvk5P550i6H1D6jBHt3V1MbBQO9txfmYdL8PUuLoa-T2g==,empathdash.com,empathdash.com
244,2026-08-24T02:26:46+00:00,best-voice-journal,https://vertexaisearch.cloud.google.com/grounding-api-redirect/AUZIYQHUIBo58y3utaPBizxpww1l__6Rh21tPTCRLUKhA4eQHVGqAdPZ1oMYrfIsI5o5CwPTDmO9y62JR_NVelXUQzO-rbMuI4QroLbbV_z2k4XXGdqPohtmUKGCN2Fe3ckeaWhqgkuvSS2C7n_d5U8vq-3MMvgTpy_UwYxrLtZO,apple.com,apple.com
256,2026-08-24T02:26:46+00:00,voice-diary-app,https://vertexaisearch.cloud.google.com/grounding-api-redirect/AUZIYQE9dMbqXlU6imrLPWiWjHOeOmf6F8Qnz8Bl18WQH_mHF15Xq9jgY9HwQLZy0eOuvv_3oU28nKFWKX-F0_bV82cFRNzqXP0oG8z9K4hDSPm32Ivo9nVsBq5ZJ9I7YzKwnh9iNTHdIybJIFyZZJc53A==,vowise.com,vowise.com
251,2026-08-24T02:26:46+00:00,voice-diary-app,https://vertexaisearch.cloud.google.com/grounding-api-redirect/AUZIYQEbqs58cGkNpl1rqaiRCyScUzVVZod5NoH8cqm15sNJM8JnLljyMWX6e7ywS5pubOXT0tTdYWTPEwVWHm71lYizRCzYuH-hZtUne2ybp4Wdd_L3FvglWhqeiPAKcUWjEJxrPzGXVMbw1m9FKJTTaqOpJpA=,clairecalls.com,clairecalls.com
252,2026-08-24T02:26:46+00:00,voice-diary-app,https://vertexaisearch.cloud.google.com/grounding-api-redirect/AUZIYQEeAAHTMU4KmBwj1IwmXQTfs-U3vE5TLmN-5xx9EjX-BsqLKexlXMd46Ui3nDVGaLpsEzi2Z8x5ATTFQdkewtWKSnKd70L5QOskUMtTjdHtStUDrFa5q-WU9cnQN2HrtFfy48D35uJhAmCDvqFPF_BIFF1jL_L_i5o0lro8aJoEGiGqQz3muu2bGok-6f6tgbLuLN55Hg==,reddit.com,reddit.com
249,2026-08-24T02:26:46+00:00,voice-diary-app,https://vertexaisearch.cloud.google.com/grounding-api-redirect/AUZIYQEtHIwCP8d2ELE4AxLDrtT_NuR87RndFIxl0LTQx5hCVOdClbx2YrifgYkcD9Ke8AFfRq7w_hjBSI52aKakNsjP33_5KcOKGiMabSdZ7E8P5kKSXtZSK9YpePXFrBMLWQIhwBulfLHqhxMK8Z8m0ak=,dayora.ai,dayora.ai
257,2026-08-24T02:26:46+00:00,voice-diary-app,https://vertexaisearch.cloud.google.com/grounding-api-redirect/AUZIYQEwttup1Bw5LsOyeuf1t26cH49junS7-tsE6ZPRrwtihufY2AjI1ThX3zopE2XWfqxNlE1sslU3e2CtxFJIQEAs6b0UR0AOOjvqQMULz3HiwuGnI4H274xrqwZsIJBnD4BHT1UzOH977CkalitfPfOl9r8_NaX5fcc=,journalinghabit.com,journalinghabit.com
255,2026-08-24T02:26:46+00:00,voice-diary-app,https://vertexaisearch.cloud.google.com/grounding-api-redirect/AUZIYQF3x6fLklK8I1ewInwjF-DnsK9UTEPng7AHQK640xwLbSYb1D7LJnIFOtBjntpg7Hoznge72BrNG211ye4cVSnICYS7E42_gfdJqbUm4UR-8DcDMW8JH1l4AM0zEWiRnGna9tGmL9XrnRHuesGiG_dC1xGTRhnL,holstee.com,holstee.com
248,2026-08-24T02:26:46+00:00,voice-diary-app,https://vertexaisearch.cloud.google.com/grounding-api-redirect/AUZIYQFy7Q0qDrPTPdVv1DeEqD-br-i_O-ROl5pKCCgr3KgGAjHhxSa2oqi_gWXB4LPKRKgEZI2GUGfgvmsHnZb9ScF-YwX1ugdSab6wSUzvhSfT6u463Q8MWWkvokNtlTG3lWmnNCNnbzYw1tX9LQ==,lound.ai,lound.ai
250,2026-08-24T02:26:46+00:00,voice-diary-app,https://vertexaisearch.cloud.google.com/grounding-api-redirect/AUZIYQG2uSH09SD4RdYL31kW6xXX0qZUQIcWGyG_m5ESPafWk6gsWdmZg8QL60TxepRr6bmRErVA-QNJeYan-ommoxfsBLdrvlVrUPCKnddG_FZNQIJs-yhkYO6gEMPV3TQZ6ec80BFPQmLCv69PiUU=,speakwiseapp.com,speakwiseapp.com
253,2026-08-24T02:26:46+00:00,voice-diary-app,https://vertexaisearch.cloud.google.com/grounding-api-redirect/AUZIYQGTziJQlKARkP0ZqpVp6G7FPucC2mHT1H30g8wy2dhlbc56bJA5k4WoVJFuEnV5CRihUahhVKTn65dpRWnj-DAu9dfAZurvPnMfP1LaFFsedcy48IUYTiQE4fVxzEwkBsI=,youtube.com,youtube.com
254,2026-08-24T02:26:46+00:00,voice-diary-app,https://vertexaisearch.cloud.google.com/grounding-api-redirect/AUZIYQH-lMB1oR_5LzQ4Y9h0XooItcINt9X-mi_hD4i_QP4sosC3mAwtFxbt-N-TuPJqPGFPx_7J8WUAZYf6uFgxnlqBEdPsIZzc8Vd1mDQn7lsZFVvd3_gZPI3LYb_5b2SQ95Y=,youtube.com,youtube.com
308,2026-09-03T08:18:53+00:00,apple-journal-vs,https://vertexaisearch.cloud.google.com/grounding-api-redirect/AUZIYQE3D-fXYJpvD8pVX0a51M383NR6BwwV7tJJ0sV87t3yTj3Cq_vyf14YAzK7KDWNyc2Z8jKlGhlewB0eufRihz_DRviaRLUE0WAgfiH-ulUTtKZCjYzmB6XpMIH0Z7PmVFoTojovNBUoJQXXOqyvDbvfsVtqyLF35tZ9fXYB,9to5mac.com,9to5mac.com
310,2026-09-03T08:18:53+00:00,apple-journal-vs,https://vertexaisearch.cloud.google.com/grounding-api-redirect/AUZIYQEFnRdLP5RhyYdhU78PmWtudp0jGrsYeZ6pG9NoMgLYVPkYy2ixZYZu86NkZa8uYt-d9vmT0p-h7ugj3coeUeEF3s5unGS_w4rxRtLmrv_Hdwsg6HIfml-Myc3pQmnPwPfF5ZZ6bjERU8h38nFUBtp_8Nx1hCwYwE5LrxQBtTvJPplyxHJhchcHllGyP4b0Jg==,tomsguide.com,tomsguide.com
313,2026-09-03T08:18:53+00:00,apple-journal-vs,https://vertexaisearch.cloud.google.com/grounding-api-redirect/AUZIYQEM8LQg9gqe2ggJGaigbLOyIryDGE_3HF7Eu72XQnwvZ2yt8CWxzT20fEw5fTM-CCeSZPC3bVfHcnm2c22TlILf3c8Dvws6SyOMqCFh81IEpoAFrYjXlwut8ej0tnq6RlvyJRr3l5NCy093QGKut2urn_AKlJtxfna26QvZ-DICLW9qfC-W8pT7wcepDYHq2leAhPa2sCM6-Nn7eoTSa3aVOQ==,apple.com,apple.com
300,2026-09-03T08:18:53+00:00,apple-journal-vs,https://vertexaisearch.cloud.google.com/grounding-api-redirect/AUZIYQERljoTVfDumzW-_2yZSHOxrvP6wFlJMjEHnHD7CZco6_U5hxWswsFtdDqT1m7Tl1iqv3OmJ0ipWp77wiHec1HoT-uPJ5MdOoGTKYSqRjzFF-rvx_RGrgbAi3LElTxXUrUBI0WqRqhpyQE2m2b2OqgTFgrJnW4YoZrBF1AZ6w==,9to5mac.com,9to5mac.com
309,2026-09-03T08:18:53+00:00,apple-journal-vs,https://vertexaisearch.cloud.google.com/grounding-api-redirect/AUZIYQEd5-Y-RlZEXMPhPsaJZiW9V-iBsrxvGl5sl_SJ5FJXalBJpip2mbDIvk2TQsGPCGTuWQtpmX75quhDWBMF_-kQ8E0WZM8lLO5NnPndvsLPf4ivDhz9YDgpXBFb5ZcF9OQ=,youtube.com,youtube.com
299,2026-09-03T08:18:53+00:00,apple-journal-vs,https://vertexaisearch.cloud.google.com/grounding-api-redirect/AUZIYQEj7IOGqqKGS9ZzAeziABYTi4uduKRNF94eJOfqLCVR8OxTrjhU-ZXeyG06Gf8WqUFdY17xAuFj9EBVZi9A6oNY6VKo7HZ-zqqD39RfY-8Fywztg1MCWGPzFf6tdUdy6R6eQo4Xo33NyBsYGCxg8JghU-azzrwIa4bEMFhA7bTT5UEGGX7dixU=,reflection.app,reflection.app
315,2026-09-03T08:18:53+00:00,apple-journal-vs,https://vertexaisearch.cloud.google.com/grounding-api-redirect/AUZIYQEotNWcnl1kHISgcXw8PygEsmcBIm11X9zmys6j2AekUuIgMwrk0Qqsw0OWdXjyRT6gfp786U3jI3al_uoRqiyiWbfnOwwZ6E1nJDvWYHkw8ycDthl0PEjGhruqsla1mtbu,youtube.com,youtube.com
312,2026-09-03T08:18:53+00:00,apple-journal-vs,https://vertexaisearch.cloud.google.com/grounding-api-redirect/AUZIYQF4Uer3TDHxnPkY6dKDLC3iulmuDodW9Dm6ViTmb6YvbDCPIz1U7AxDoLFZZoiqEUfObJ7snox4H_qTjH1L3EaWhdjLMVumtA6SoelI8fstjA4rxxyRhcsRWaov38kHx4v4Ma23aErH4VK0TtM4KqTlcqtIDgz1FJ6NGFuT1g==,9to5mac.com,9to5mac.com
304,2026-09-03T08:18:53+00:00,apple-journal-vs,https://vertexaisearch.cloud.google.com/grounding-api-redirect/AUZIYQFAfFTIMS-As8nzWh7VtswAnR2OM2A25M8yX5K4zvZWyW7LA3tV-xgrYfsS64kK7Of5JbZAPVv6rsTUigRrqHQh49gprOgoGW4J_Rt18t-w5luZ3ZjvAH2pWb3sSsNI44C7,youtube.com,youtube.com
301,2026-09-03T08:18:53+00:00,apple-journal-vs,https://vertexaisearch.cloud.google.com/grounding-api-redirect/AUZIYQFJzA2vEbT62ET56TEc7ESGIfBi1jYGKoWj_u-0ZxoivW3u6czq0RRjsX7jALWF_N0tg3JZlFg1Tk1KaCmLH5GY-KIkolFiAvu3eBfAh0OVG9m3_apZPs-9BSbpdOnzyrHUQyLRQdNnStu-hBkh7kQD9Vs8yDOlVzo9onND4LrYpKnJuA==,medium.com,medium.com
302,2026-09-03T08:18:53+00:00,apple-journal-vs,https://vertexaisearch.cloud.google.com/grounding-api-redirect/AUZIYQFS2tBq5Qf4fBkLWhroMF0UdP94uMxzjs_SFN8W0y2n_SLiGr0C0flMlf8AjGC_0IMy6Ysf06xLGA3cFpTN1qviilyaSayV72NsH8XWOJ3Up8MzfOrnPzxrb-X8JTBXB2DID_oM7AfjhXGhbGbMJHyn1xV9dEKRuVaRyweE3gRs4USW_GunBMnoIFFunMZ21yM=,reddit.com,reddit.com
316,2026-09-03T08:18:53+00:00,apple-journal-vs,https://vertexaisearch.cloud.google.com/grounding-api-redirect/AUZIYQFhZMQQo_YUMKbveid1eBfq2tajIBlHVNUOsRSSvNwVV5bfOC5TkmSo1aUULZizeeOfj3CfxdGp0d7sP-QND_qWQDilaJwib6sjmpBOImskJaX2i2To_eJCnI8qJtZg9bF3DbSwdQrgzLWHm4OcaZIxH0IuvuB9bpSIOcK-ttX-W78XYmlD7--HnfmIKWk=,reddit.com,reddit.com
314,2026-09-03T08:18:53+00:00,apple-journal-vs,https://vertexaisearch.cloud.google.com/grounding-api-redirect/AUZIYQFyxILR2FauJS8GtMfRLiVUYyHjiPorNt__9CjOGw8zgjr18su_J2DTx-oSibCwBnVwmDaaeqBrknLSpDndMoXV1X4rlUh-m5-5juDNuTA2WlqqCHG6owPLjEO4A-DhpN2d,youtube.com,youtube.com
298,2026-09-03T08:18:53+00:00,apple-journal-vs,https://vertexaisearch.cloud.google.com/grounding-api-redirect/AUZIYQGXqxt9LUc3QGhwM61rbwlVLnjEI8XT6FLwpP64qalbkWO87Am5ncn1OtqaVmgkhsPoKn3QCTDg-Dt7Wa_1Wn8XkaAWa38VVX3B9mM9_nNWSvG8P5KX7wNq3u4lnkfe6kIlkI-sQyxD1A==,apple.com,apple.com
319,2026-09-03T08:18:53+00:00,apple-journal-vs,https://vertexaisearch.cloud.google.com/grounding-api-redirect/AUZIYQGdrHjGsnP1foAEAxyHzGvX3qxF33lMdwugwE8Aghrsvb0a_IKwhx1n5a6AynnvFLHie2a8b7-o0vFB_OsMDv6EZYPB1N_-YRqu7LPg-p_jqg9MQlbIv0kPvQ6AvB4jXLrvus50hK5he7i_kCaiWTtCgWFcQv3NtV6tP28SoVwJL29ZYy2BQu5hRW8=,reddit.com,reddit.com
317,2026-09-03T08:18:53+00:00,apple-journal-vs,https://vertexaisearch.cloud.google.com/grounding-api-redirect/AUZIYQGtbcJNmSI_JgmZ3mqHX5czV8vtCc-2SDE-cuPFq1ExGW7sHoFYbi1y_EiKf1txDttvxxY5zJHeebYljpJZlfbXruSBvS18tg3NUIiPp7pJFBxJIWKZqz8hu5M4rMjRDDI3TdB9F-NNrDhW4s7b4jT7rvkizKwuQ89GWZLgAMpMttg3_Yw=,vividiary.live,vividiary.live
307,2026-09-03T08:18:53+00:00,apple-journal-vs,https://vertexaisearch.cloud.google.com/grounding-api-redirect/AUZIYQGvYIGAfr7oyiULSXFLOktuXwE4J-BEMnudMQm__by1S6raoazo50zAX5jHV8ihfmILPvwsVow6DesRZCakaMn3yJCiQoWzG3CpPBfuK0N_A8MSYkPyjs7Jh3CYOBC-DyRoK0HC6yJq9iTZMxCIOivBvvXnLDJ-P7cZLBy-q56AjhWsGynm76lzWw==,reddit.com,reddit.com
311,2026-09-03T08:18:53+00:00,apple-journal-vs,https://vertexaisearch.cloud.google.com/grounding-api-redirect/AUZIYQH3Cp8h_IlPwVzx4f5yEE6i3_vDiFeim7PbTSS31Z5ZM9z_d53cLA5reNsep-MtWQBsAStbM7aJGyK37jHMx7tgwxqJs06eB0ToDYwyXla1xYQZQf6RuTf5Gf56sO4RaPS0_y66XMGZtGfeWgRvQeDaeYizpVvuM3z5dSSFj8pGlUte03n9OD0=,reflection.app,reflection.app
318,2026-09-03T08:18:53+00:00,apple-journal-vs,https://vertexaisearch.cloud.google.com/grounding-api-redirect/AUZIYQHTq89HiIS5q-nJQks-wcrcoEO1_0S-GuiQ_C9qLDdv3M4K6QEBPBUPJUjvJ_nTxEgLMyT5BRgRrJ_jv3U0hcPjeeypaeY9CDb0ONTQkuckeiyYv_l20AUsqJNV1JCH63JN1LUXbO6IkvLmclXmu68reRqEYAqonPfd-XI4NYatzm1xP7yzU0VFumGHSgd4n2W41QNYd38yxp1WA98XhCgyGfpuDA==,appleinsider.com,appleinsider.com
303,2026-09-03T08:18:53+00:00,apple-journal-vs,https://vertexaisearch.cloud.google.com/grounding-api-redirect/AUZIYQHjnh4TeSEOCyI1tMrtotm7sIlDmh88sHHBxbkWLxlqxXrz_VR7QD71QdHu6oUqgAhHzpfKk5LIJjAHQ-aLDq6nmn3DIEgsLjV_Qkrttua7TjCAT7YN7By6fhE8NRVj9AW1xXngwRYTdZLXA_HybykmKZt7m9142PJds6vVmxDWb-evHO8mhLPohDmh,pcmag.com,pcmag.com
305,2026-09-03T08:18:53+00:00,apple-journal-vs,https://vertexaisearch.cloud.google.com/grounding-api-redirect/AUZIYQHvEwPG199JYuaC2uvQSBCRgEDOBkYOdNo77q2iUuGcYA5y2AmCNMi3nDZI7Z3srgw4rK4lw2Lb3N7yyKLn0AOofQMR8Vw0mqBz1DoGcTudEG_s8u47IAaBQNuxQLDMRUm6QDSvlJaYE0-F80v1R0-QIitp8w8OKoTRp37zYy5IFVRvXPA_1Q==,reflection.app,reflection.app
306,2026-09-03T08:18:53+00:00,apple-journal-vs,https://vertexaisearch.cloud.google.com/grounding-api-redirect/AUZIYQHxXwA1bCb0exA7SmoVQDwZFGx-v69N2BY1j-3hmsDZc3xCHyO4f5GuVHvCLUl2ZTHkatIZ_cmbigXxsTm3lXAOpbv3pI935YLGUAXD6fUV1O-xPdKLQ6aKPBPMTXYDpsw=,youtube.com,youtube.com
432,2026-09-03T08:18:53+00:00,journal-app-privacy-audit,https://vertexaisearch.cloud.google.com/grounding-api-redirect/AUZIYQE2JQIVXKxT5je7OyFNQpwrEEOZ5i51GJtu_JvCiRP77MlpL6JVcHeqRKNkaVmrcno8jCxYmhioJI4V2LbhNO-oX_Bk04mKIzzUFspdIGWxEENizsfYuRBiohE6jBNpd0r0kBvCpkUeVdPrsDxXjbucGmClTgYmV98r,apple.com,apple.com
445,2026-09-03T08:18:53+00:00,journal-app-privacy-audit,https://vertexaisearch.cloud.google.com/grounding-api-redirect/AUZIYQE3ZI1ksT22Et8tNPNC-iIfbkHufmEwLQQK_Zlu47bSwJ59reiXHAd6gkhjRK1PKn2UTLwSDVK75lX9VHo2n7DEGgTILL4r_Rr6mPEwPC2YqTHH8W6U0gBAryHkz3Gh1YvQcmY8A5vUGOMd7V9uPPFP1UnM46M6eR0=,apple.com,apple.com
428,2026-09-03T08:18:53+00:00,journal-app-privacy-audit,https://vertexaisearch.cloud.google.com/grounding-api-redirect/AUZIYQE9yFQndNygNpXfB2OjoJM7QJexqhWd_yUnt8KCDXyRr-c1_hDzKHP6mLUU9S74nbE43Zf6vVAg-X_VsECC_LP46RN960t_Vmg4Ig6kDfLi2e9kIYSTmyrf7_AXLzM7-DKBhCuk4VksQ2w687T2Cg==,apple.com,apple.com
409,2026-09-03T08:18:53+00:00,journal-app-privacy-audit,https://vertexaisearch.cloud.google.com/grounding-api-redirect/AUZIYQEBG2ZattgWydA12ZzkBy3zpnB6fA-8-V4OD9_pTa_ilvqgdRWpE84NCa8uQVsGpzO2mjn-X__TCEMGN1zrhHqC0lm6wvk5dHmaXAqooafrrCcXTdQSOWnaEhjEKdJVCb24EUuLXtUVMIGjxj6IAMirVMjMDLTg1_txj_BzE_pv,apple.com,apple.com
456,2026-09-03T08:18:53+00:00,journal-app-privacy-audit,https://vertexaisearch.cloud.google.com/grounding-api-redirect/AUZIYQECvpXUwoY8CVNihwWkUAedcI91fRId7V4C7b92g5-bQfs_7eMtvncTchWE43y2Vx4fReIOipcf62LNhSIqPIZe5Fumau4WnK1mBXtUfDZjol0M-o8GH4G20M6pb7lqjSx78t1tvz3ecl1aP4dkBeffJRP-upRFE0SpyNSYKScLzH2kIEKN-dm3Zmg=,apple.com,apple.com
454,2026-09-03T08:18:53+00:00,journal-app-privacy-audit,https://vertexaisearch.cloud.google.com/grounding-api-redirect/AUZIYQEKOWzdEuLMMjw5yviGiQFG_PjkuYOoow08w-EV5WQJKs-D7Fp9TQUxEly-XSJE3J0pskDzz-0R1NEVIabyGoYkwssD6Hx-Bc3BN4uM0OOVL51_VvNpHgkioC7IQecEQeVBpYqoORmxkk2ZxftII_mYEgtL7mcORQ==,deepjournal.app,deepjournal.app
412,2026-09-03T08:18:53+00:00,journal-app-privacy-audit,https://vertexaisearch.cloud.google.com/grounding-api-redirect/AUZIYQEP7Mbqul1_XBW6FTZMhIUNtg7g_qsaLqbWTV1lP3Ia_c7-91w43fZpAnvOjvQW8u4lwA_bRuZjs0zCBZTK3nRUHqHPvtt4WY5Sc993QQjgcwKZPbWb4i9ovcBvh4reFpq6Zh4zxrCBogngQWDAN_XTnTYv-qg=,apple.com,apple.com
408,2026-09-03T08:18:53+00:00,journal-app-privacy-audit,https://vertexaisearch.cloud.google.com/grounding-api-redirect/AUZIYQEWIkM1E4H9hGaiTXz4pnjjs8XmIoSSSdEzP7xjGWUhsIrOMkE745DOgLClosNPrYj8tb6eT1r0FGnBGZu-W7aUrTPgwz-chxv-FzAHpruy3nyMVBjOrw1qhWYEW7AbJ400c0sH7gFtjn4b79nniWBC2uMC3ynAj4LI,apple.com,apple.com
425,2026-09-03T08:18:53+00:00,journal-app-privacy-audit,https://vertexaisearch.cloud.google.com/grounding-api-redirect/AUZIYQEfU9FLKgMh20qCcyLW1zkYN4W2AGXd-XZzKrrhLysqFQeUa12s9jSzT9tmWiADApzJKW0JP0rXw1cgtsC2tqPMtvfUwadFe5MSajAIv2JBPS5Tn7oWByDKEGiy_P7LEx9koD1mELnAYueNU4JM1MNAO4ta4V0cxrD-,apple.com,apple.com
426,2026-09-03T08:18:53+00:00,journal-app-privacy-audit,https://vertexaisearch.cloud.google.com/grounding-api-redirect/AUZIYQEy6RD01c80bbzzwh3e4kCy2suzU_pGTFIjdof0jfsH_on5n4ZBgLYX8Tdwgr10pU2iLaLQvnYE0joa0A6hdartXAd7k7qsr3w8EhaCPGSvGGd3vwkrhr-pE_Fl7DcCJZai6w3G7EBC7yC0dB92w4pfyEqwThvhj9pNlghesg==,apple.com,apple.com
424,2026-09-03T08:18:53+00:00,journal-app-privacy-audit,https://vertexaisearch.cloud.google.com/grounding-api-redirect/AUZIYQF3oF_FKhCJYldkMPwn0VzWerSgXJ2F5CZCas9YNEQNSDmPu1J3ZJgKjNfsXULvaPFJp2AvEp5zK7fvQk599hH4sUs4FIVxa8M5LkSHqxrY__kcmmT1rubyeiOnpcNDTYlMRRvjE6ABK3dFtHaBVI8PpYH2eiSqXcY=,apple.com,apple.com
464,2026-09-03T08:18:53+00:00,journal-app-privacy-audit,https://vertexaisearch.cloud.google.com/grounding-api-redirect/AUZIYQF6g5vbB4tKztxwh1MrBVjoySG-XN0w_VWTAMAmS5rKBiWXHOXB5f9peN4aYK8af_nxIKvvGFkf3Mt12f_6nN1dmAwg93_bB-a5Nu01R5mw2E6at86RKrNBSnULeA==,apple.com,apple.com
463,2026-09-03T08:18:53+00:00,journal-app-privacy-audit,https://vertexaisearch.cloud.google.com/grounding-api-redirect/AUZIYQF9HyuTcb3Rw1dxy7GkT0lNJrqFG1uUlb8pbjXLawsX1-zEFMmyI7kbJ44kzloSiTwKERHVBfnXnc97y-20IMeSmM2iNz5SR9BPKfNwvfGMbhguHrqZxTv_PtvOSK3b-PeR9YGZ3DLb-LjeAEdS__MK7IMCv45OTdvUlush_Vp-iJ4u5MEFCwQzvQ==,washingtonpost.com,washingtonpost.com
404,2026-09-03T08:18:53+00:00,journal-app-privacy-audit,https://vertexaisearch.cloud.google.com/grounding-api-redirect/AUZIYQFAdyG6ZN4-v8ciH54V54tagJCtGYkf7wEQ8oGqsQllZ2odE-R40T1LUdSrwBkXrp50JDlsHORogWo_WknTII5-Cp77gKgw2V8iq_VYQjJUONIQIznl3TtlW5s=,apple.com,apple.com
417,2026-09-03T08:18:53+00:00,journal-app-privacy-audit,https://vertexaisearch.cloud.google.com/grounding-api-redirect/AUZIYQFBGr0cPbiZm9HENxcUu07xeaeTctZzAJVATjR1XfMB1ATgI1_k7JQdR5vkzgmJzaqP5x_UeNshUweNwP4-AazEIeCL9cHwxcMyOEpic9IFtqCk31vBI8BmTRRp0iuOPuk2IwfwMlLW2CzFF3bJZjaiuvsFSCANrz8G-UDaUQ==,apple.com,apple.com
406,2026-09-03T08:18:53+00:00,journal-app-privacy-audit,https://vertexaisearch.cloud.google.com/grounding-api-redirect/AUZIYQFJzjX32F8iccjDOFbiUK2atJ426QNzXkBMYm8x2jqZASAjBGvkJsZHkveJedbkrbe_b7DjgP1fIREBq9fOZbcNG9Ji_MWyj7XkqIyMaTwRlzr6fNCqrJqFXCdyPccw_rQOlrM5b_xPnXjUbglp4wyYlek_1iG-6A==,apple.com,apple.com
448,2026-09-03T08:18:53+00:00,journal-app-privacy-audit,https://vertexaisearch.cloud.google.com/grounding-api-redirect/AUZIYQFVAgBeOs80Svn2nmkcabCDuZ4FUUJRuJowAr7Z293sREyaAI6dXT4m0e2bj7ylC2pVyxkVf7FaU2Kw7Sza-cRPEbfboohnl1UZVKhMFeIYKqCbYVgoz7XXmuvM,apple.com,apple.com
420,2026-09-03T08:18:53+00:00,journal-app-privacy-audit,https://vertexaisearch.cloud.google.com/grounding-api-redirect/AUZIYQF_TxPvzXhx7z8zwK6OBrWTT_76j1TXD_zVlq6Dym0YAZ-AvFkVjf4Z9m5Wt7QcXbdc-x8digS1WsjhFvICkNPaHDIalYgELB1EDSLH6OpD_KEIsNzRonav6WMN8c8MbRntyhjPThKJnESDMUEaNkNATXAWuUell54l_w2JBvyxYzYAchrRA5niwjWYggAczVmMEGp8fjKcV-w=,reddit.com,reddit.com
429,2026-09-03T08:18:53+00:00,journal-app-privacy-audit,https://vertexaisearch.cloud.google.com/grounding-api-redirect/AUZIYQFa4MNuz97l9Dzi76mctdb_23I48bVQlJ9NkZmAPWCFiVAgLotHBgq_csLplESDCXcv6oUfwfMplgXUXPldm-QlatVFWRDdviEGJthJRTVYrOhhWc7FKyg9jvCfe-uCeKRhUnDZKqk=,apple.com,apple.com
438,2026-09-03T08:18:53+00:00,journal-app-privacy-audit,https://vertexaisearch.cloud.google.com/grounding-api-redirect/AUZIYQFbSUU12Eal1xYlsa_LU-2cLCszuqqVl3pDIA0gLdLpU_fIsVZwi0ssLbM065ZRTVHKQe0jOqUENIrjh1JZQeWIfZIgrcZrybMMMnpWfVNYpsOzZZ6Upu4iQYG4fgb525Q6vPn0PYZqm32QwB7qpfB8sWemeahXhXmK3o4=,lifehacker.com,lifehacker.com
453,2026-09-03T08:18:53+00:00,journal-app-privacy-audit,https://vertexaisearch.cloud.google.com/grounding-api-redirect/AUZIYQFwIAJ83OgKIfUMZqsjxyP6xZv4sp1xFZ45ZWZ4EUDHBrBRgs2ISR-aNW1arKEkMTUuJOkS5oAiZSp4E7ICyW1od2atMGMwbitm3E0ELu4tvhOgBBMOrGeXXZofAVP065yByRk34UxOe7hMfLm4xg==,apple.com,apple.com
451,2026-09-03T08:18:53+00:00,journal-app-privacy-audit,https://vertexaisearch.cloud.google.com/grounding-api-redirect/AUZIYQG-s5bPaol6NahhSbAHGrHVR51q-3XEtsLvGhT5-lprgj3_fpICT2_9Zh0t5jvEt70rIB8w10rLZgxv6ilzITBAkWF2MsxC2P16J8DpgsuhpBSna2UOFrupFDxsupQXjPCl3uqf2PpwgjKkca_XrrPsf1uURFDKVMTRrYI8nMiYFjUReX0vH4oDRcIqg8HodWxVahKplrhWHMTx5QWrg7TKYCYJrg==,reddit.com,reddit.com
431,2026-09-03T08:18:53+00:00,journal-app-privacy-audit,https://vertexaisearch.cloud.google.com/grounding-api-redirect/AUZIYQG-wgAgJg1IATdv0xDhSaOGSCqb8lTK2HYP_ipb86LNDVi4jzZX4OmryUnKHuHJcH8NiUHIcYtb_GH3YkqMee19-2y8Nc91LpqejwHWcNUC7JbdVcVwuWN7l8R0CbfiHV4EoIgHbPOROARPhCd7_6ALVIwpUNK8qp8=,apple.com,apple.com
419,2026-09-03T08:18:53+00:00,journal-app-privacy-audit,https://vertexaisearch.cloud.google.com/grounding-api-redirect/AUZIYQG3ltEl6k0CLgVKCtyuY3c4g26VcYg4Hy65QHo0cuwXWMWjm3xdFi3H0yAjD6CimJoY-P4jDE8w84Gp3KhJEz2aCk8M4Af4QgCGpAzDMfCEHVz7ua_mcOH_IIwcIAMrqZFeNHSor4zdGgs16LUjz0tDTHENZ763Y4Pbkl0sLSzCfw==,apple.com,apple.com
462,2026-09-03T08:18:53+00:00,journal-app-privacy-audit,https://vertexaisearch.cloud.google.com/grounding-api-redirect/AUZIYQGBMesEDBCfFKeM6R2egFmSbqpj9sRONw76X290j9kDo3BcNZam0cnD3rMKJ4ELMoZ-DV9HzIpEQSIvrgpRwO0--IzJO0GtG6-s2oPEJOcd1H1LbjJI3jktpBXQ7IinBRWWTO_sf59Nd0dXNZdT1YjShKlP7PmTaW4Aq-qYkn_Q7rQlUjqQB6EBsW0BdShWVuk0VjbG,reddit.com,reddit.com
441,2026-09-03T08:18:53+00:00,journal-app-privacy-audit,https://vertexaisearch.cloud.google.com/grounding-api-redirect/AUZIYQGKUReqBo3mG5oKreCFOUPSXKY2Lq9hw3XIklKgxcKj2l3yuxRTJa5BBPI7HEvqlTmz5_fKX7o1E_9CgTFEyY_jsgZvt5DPc_Dm_QhzA4SAUqnEd7YKRd9xWWhIvu4Xtwy-J4Hefwv9iOhUyKuHLhjtLeGKGQ==,apple.com,apple.com
434,2026-09-03T08:18:53+00:00,journal-app-privacy-audit,https://vertexaisearch.cloud.google.com/grounding-api-redirect/AUZIYQGMwx2bMELFndEXkQQdCTF-1zp7kea3IY-CWDBG-txGzDaGF5Xez5gvTM8v5QSmntHn6W4V5Vg9JiPUJYU4j3RTYHvmBbG7u-SLBNyST2J_hsuzJ3r0XqRJKMOLmDK5bNBLamq8iXHrP3hBlCeo3SChPviumtCtLPzb-8ru,apple.com,apple.com
430,2026-09-03T08:18:53+00:00,journal-app-privacy-audit,https://vertexaisearch.cloud.google.com/grounding-api-redirect/AUZIYQGPqQ4MHF6h-yBH0tK1IxuNP4FrVOd6ONyg3OLAftyakUZg04DWihGvNa2z4LeZGd560U4ASSPd4vKU6uHpJ8e_pU-LJI5Ukat_KXWcgBR9mZgeFEE_zebcWq4lcHdXVLQP27CNX4SPtIgO0R6iFFAboyPxLymci--N,apple.com,apple.com
413,2026-09-03T08:18:53+00:00,journal-app-privacy-audit,https://vertexaisearch.cloud.google.com/grounding-api-redirect/AUZIYQGTbXhlpS5APuuk0F79B4k2NPn6YUyZJre0eVCR5UB4K8ft6IoTiYgPUD-V0vqNUfBe7y_QmDvUYuxDAqOGIsmzk6OZiYg_hZPoG1DyTKlStdpsYrdHcyfutfsfZXg7t6SkIG6-f7x8c6Zw29Z0DsCZZSfkxFA=,apple.com,apple.com
450,2026-09-03T08:18:53+00:00,journal-app-privacy-audit,https://vertexaisearch.cloud.google.com/grounding-api-redirect/AUZIYQGaeVTpopIztDLOtEVWk9c5vrJ-uuqhB2BljpKAeyZwCuO8w_EHfAvrFGy5TuaUoGPcdQh7LVgzqowBbEBTenroVLxndssviJx93ILZyof4QrRTcg5TikXfQHcVSoPTKLLKCLlhzxw8Elsx3tt36rAf8a-1llWjMtsH,apple.com,apple.com
439,2026-09-03T08:18:53+00:00,journal-app-privacy-audit,https://vertexaisearch.cloud.google.com/grounding-api-redirect/AUZIYQGaerseH1YZ9CUgJMPvRlsHp3wICKoJ1NHk9ZMdyj0U1qjk3bIZtlI6laDx7DtLvURr4LyzDfrLgdNNlCfMsZPAHzheVg79OlPr77fJq6Boa1LzaOgb5D722bUErwyp4TNrcx2-iTWsqP6q-KDOEkIVWaJh,apple.com,apple.com
440,2026-09-03T08:18:53+00:00,journal-app-privacy-audit,https://vertexaisearch.cloud.google.com/grounding-api-redirect/AUZIYQGaerseH1YZ9CUgJMPvRlsHp3wICKoJ1NHk9ZMdyj0U1qjk3bIZtlI6laDx7DtLvURr4LyzDfrLgdNNlCfMsZPAHzheVg79OlPr77fJq6Boa1LzaOgb5D722bUErwyp4TNrcx2-iTWsqP6q-KDOEkIVWaJh,apple.com,apple.com
461,2026-09-03T08:18:53+00:00,journal-app-privacy-audit,https://vertexaisearch.cloud.google.com/grounding-api-redirect/AUZIYQGd6PqbA0xxNP32GUl27GJaTAH98tVgSMMDf0H5lDSXgLqF9hSFScuBvzA3gSvDlVoDQ10jSCcafFZ0bsl6Fl08F9BAO7C475I1uLMzvBs374q2_pODVUnfidID7Efz6fmF8jC1_GX8tA==,dayoneapp.com,dayoneapp.com
446,2026-09-03T08:18:53+00:00,journal-app-privacy-audit,https://vertexaisearch.cloud.google.com/grounding-api-redirect/AUZIYQGdzlSwS0lnrxwKfsucb7jIShHOLcs4Ink_nYDfMyINGNigKgcdecKM4RER3_K2B3DVwqGbXAch-TvJjzF6xyMW8oeLIIkyX9FbI9-6Y3Uby2wZD5fX9puTnOpWPhfA_qbKzb6YpN5sW9YqZeiXivA7wmq9WWgLt_5_b5t1ltE00dITpwLaOZ5QRA0uXTv6RfBmbMYgrpQQDA==,reddit.com,reddit.com
460,2026-09-03T08:18:53+00:00,journal-app-privacy-audit,https://vertexaisearch.cloud.google.com/grounding-api-redirect/AUZIYQGlIt1UxWLCB42gK4_3AtLwL1Z2lKzoLVulT82RVygolaRivNSCIXy-m8J5cRzd0kcI3KjEYKi-d4GLSZtIKaXJ1R3yK_EYozVbonHI_Fg_TWtNseJr0vbcr4damONATvJ7HkOeqWxrwA==,apple.com,apple.com
442,2026-09-03T08:18:53+00:00,journal-app-privacy-audit,https://vertexaisearch.cloud.google.com/grounding-api-redirect/AUZIYQGntWG4qbEU2zQe_yOoHohYuxCsADY9GVUdasNUbCbO2sgwxPfVyMincJz6ffqi62uk5sfQbviMaO7K1jfInQ381gduHh8WpZNG46jOTJVAc_4kW-wDMomgRwpNkOVo3igh6wo=,ycombinator.com,ycombinator.com
447,2026-09-03T08:18:53+00:00,journal-app-privacy-audit,https://vertexaisearch.cloud.google.com/grounding-api-redirect/AUZIYQGpb7Q4ZlH5g0gohIgGHsOTNpeGjGzsNF15oPunFBgq8EwV9Jda1OabAj7-Q_ha3mTeZ-QZFFAgXt1gjAVfAgA3g2nZ_5Q-GVYdORrtmlGI49YLWHeQ_Akeafyx3PJbtlhJIjkVbhLxuLMab-5SDTvVtmM4wt4XtuNPU1PcM9dKTno=,apple.com,apple.com
414,2026-09-03T08:18:53+00:00,journal-app-privacy-audit,https://vertexaisearch.cloud.google.com/grounding-api-redirect/AUZIYQGxcRvIXATp1Y3hpXhiHxwuRgk08FTPEggSc4rmZnMbgt0yPq7gqkxyIXTxqIF8uv9KGjzdXSj6m13qEavM_YUNUeO-9vzlAxp8pFXNwUNVbKkZJ7x7Jh6wP9uIVxyGDnjtSBP652d92oNxEPuJKX4A6vqM6cQ64w==,apple.com,apple.com
407,2026-09-03T08:18:53+00:00,journal-app-privacy-audit,https://vertexaisearch.cloud.google.com/grounding-api-redirect/AUZIYQGxxb9C68zuScE15l7r08j6BNKww6jhIH19achQNIvX3dMKQQKTeX4_WNYt2Wiwuxacx3ABMQJKV4gias5ZVRZ90HSpimwa49DK8w1dMxafyj-I-twxz76CsZqMCSmbePet8JW_nzZUCeZCxizDQA7WNuEU136jxKhLL7LIA5M0cnfT8AOzr70W3ZMPGjT9oOHv8vt82bPIzkA3hl61_k6-_CY0BgC9,researchgate.net,researchgate.net
436,2026-09-03T08:18:53+00:00,journal-app-privacy-audit,https://vertexaisearch.cloud.google.com/grounding-api-redirect/AUZIYQGzHrIJjYNc7sfMqeBsAGTDIDtjhzVw4nj4arrHGXi0bt-ncDZoYclcaCXo-CQP09OmLhNBD6Hp1bBe-2P8LxE05MSOyHkHiAHI8gm4jzVRdRBDN3T0EPz_y9I=,apple.com,apple.com
437,2026-09-03T08:18:53+00:00,journal-app-privacy-audit,https://vertexaisearch.cloud.google.com/grounding-api-redirect/AUZIYQH65w8_KmXc0Rkva01OQoaZPAKvZ_q936kfECpw95mJrLBVJNn8QJIpDJIE2x3GLlQuE0QKN1L2JLvfdqzoh8kwR2tBrryD2Z-Z-hFqv_VexH9YW6XxOAMgpAs9LQ==,apple.com,apple.com
421,2026-09-03T08:18:53+00:00,journal-app-privacy-audit,https://vertexaisearch.cloud.google.com/grounding-api-redirect/AUZIYQH6v5gpOKZJF1ianQ4rkjNVSN_ExG14FPiartZKM9E_mQy7wMAj6n3PKKRFlhx-wUETCruHkCUuiFl2ioG-OTNbyHuqD3oQ4UZqcqs0i0O1GZIPPeHsVTfJtgM_nmcF_AFusyY0-3GgsGMjKF7DFfRAWvWKx0LfSTV2,apple.com,apple.com
443,2026-09-03T08:18:53+00:00,journal-app-privacy-audit,https://vertexaisearch.cloud.google.com/grounding-api-redirect/AUZIYQH8nAJbkYY1YecbgawzTjz3CkltID1sKx0uKt3gwEwfQzMrwxMcA2VDk25TKj-aveDTMic7W11wcTKOtnXoF75A-Q2HWCBoHSe5E7fIXAwggpnRiJI7obZjJxKD1azKlI76WPhvHTTV-b2Mvlei8K4AofZ2zjfN,apple.com,apple.com
458,2026-09-03T08:18:53+00:00,journal-app-privacy-audit,https://vertexaisearch.cloud.google.com/grounding-api-redirect/AUZIYQHAu0QxEex3BId-i27dlIfUsNqRHuiNLLBXciwA7979qba4hYd3o5IG1Lz6Om9dIGaOUSs8U3C0mq682RRwmiq49fAprZ2O1MKork7D6IU5ZKH-LUdLhtQFpTJ0yrAdSvGTpZKyQpi4ljARwo_Kk5dUcGM=,apple.com,apple.com
433,2026-09-03T08:18:53+00:00,journal-app-privacy-audit,https://vertexaisearch.cloud.google.com/grounding-api-redirect/AUZIYQHHi6zUPwT2eFO5qZUjcnNvZA0w6pQNmVBt8jYIu3cuWsdSrR9q-VKOKPUXTm5hlQtDedAbZSzUjAtOTKBO50zTewmxgQPonR-EmUcxRb3R3xkDUhnvDZyqcogbsYgXEPwx02Ij9DyzSpP3JMjpS6DUg5Zuvtw=,apple.com,apple.com
416,2026-09-03T08:18:53+00:00,journal-app-privacy-audit,https://vertexaisearch.cloud.google.com/grounding-api-redirect/AUZIYQHKrp2p3jf4Me_UrxzeVCzWbw6RuDe_i_ikvEcLZyFd9vmM4hudF4-Oh-i5ppedu1nX5mgvE4rAXfJfz_6UrQJG8zmJloNgC1lhlwX7SbGYOcqTfPtkcFe9dX2TtPEDDsH3NZ0evtdsNgI6MjbZKBzOQvhF_sQyk2Ft6Bdu3g==,apple.com,apple.com
459,2026-09-03T08:18:53+00:00,journal-app-privacy-audit,https://vertexaisearch.cloud.google.com/grounding-api-redirect/AUZIYQHQ7edU3UD1vABu-A2w3m1EBwFvn4aPMv_tyk0nGIDlJ3U9Fdxj4QsXK7rgfdehT-e40q6oFtWtuVVWvS39EwKdpXDGpfPvqAp2jVZp1x4qsiPVh8u5ePSo9xeyl4CIGNEyxBGiUBauKQ==,apple.com,apple.com
455,2026-09-03T08:18:53+00:00,journal-app-privacy-audit,https://vertexaisearch.cloud.google.com/grounding-api-redirect/AUZIYQHQVggfOJZZgLxnej4alsVP-qJAt9lrmc4kwU2HGfLRrL5Grg3cs-xKv3kYCzexg4JPRE0rwBpxCGxw93_poyi5rOaiCkl0iqLWnkRrUr_N22HAHzAd1LXCrAELRbvyh0_IKkUsGn4qTtvdVzHLjB1-HqHdjX5rGJiq,apple.com,apple.com
427,2026-09-03T08:18:53+00:00,journal-app-privacy-audit,https://vertexaisearch.cloud.google.com/grounding-api-redirect/AUZIYQHRHBSs7JXKexCMc4U6FJVLo1ZtxRlQ8n-iqnFgt02_7DUfFa6lnMAxR7cxLlLzWHWvZc10sviFCJqlW5HbZ5l0x9qdE5RHFPaM1jBC-lbeOYB-Vol2HCVD1HIiNVWcF_vAqV6GkMsiM07Hmcd-1k-wHbEv9qcUnqHg3C3e,apple.com,apple.com
422,2026-09-03T08:18:53+00:00,journal-app-privacy-audit,https://vertexaisearch.cloud.google.com/grounding-api-redirect/AUZIYQHRJsrMKSzi0P08jOoS0L2lLtpzXSDnwkdPB_6-vc28r8C_M8L6381e3hcJ1Imw6C_YyutzMxTjokdD_Day8CTIS-cI5uuFdbDQPgW2q3azSbjIviWe,arxiv.org,arxiv.org
418,2026-09-03T08:18:53+00:00,journal-app-privacy-audit,https://vertexaisearch.cloud.google.com/grounding-api-redirect/AUZIYQHU3QtVKXL5RctoY5pqpJZPXiF-nyQQbvUywIZD3qpN9zpkLFSO5ERukCrZyGbtFLaZ6C5g-xWWirTwbPEbI3iXRt9Jee_d4ArGmmNoF2XUo8_IMHJ8lbc0S7hiVq8hPJ0yQfLY4cJ7HqDiQrQXfybwbKQM5OjRlBYbxq-j,apple.com,apple.com
423,2026-09-03T08:18:53+00:00,journal-app-privacy-audit,https://vertexaisearch.cloud.google.com/grounding-api-redirect/AUZIYQHVL8aeod8wVZp93R6zNLB0z2TNEw4Fa7yZHxs9bgl5M9sKeW4VGgDh9oJ26KWzY2DO74TwllmkoTT0s3gM0C13WcJG6hJnW4eic4itDZunRuVWqVpdys5DVspYfxcl2hd2z9VhP0sjPKi74rNsWJxPkKNYgKaP7ggtNRz4aW1zDf6E,ptkd.com,ptkd.com
452,2026-09-03T08:18:53+00:00,journal-app-privacy-audit,https://vertexaisearch.cloud.google.com/grounding-api-redirect/AUZIYQHZeu1yIOnRTdy7JXzQcG2b8mL5F_GtFS67AWMpAVGWkgQmj-AU94ktmsTTBbTqZq76inuBH86ZQH1q-sbW10gApAPTxSw9d8DkUCN5YouMuBk_CvbwIl_ng_2AGHMVRrEKvA4-XzQF39YP3K9PR1-I0A==,getdailyvox.com,getdailyvox.com
449,2026-09-03T08:18:53+00:00,journal-app-privacy-audit,https://vertexaisearch.cloud.google.com/grounding-api-redirect/AUZIYQHbVXPsXctgOZdH9zOjbWzdfsMZFt5y4mHnIeDi7Fw8NqScUncm5C_-_7sj7Z61eW1N93hwH4i7-26-8f2gNMVDabTOCzPXDNnBM50HUsysB3Cp9wwXsA7Ye6dsWF-qr-j_Rk3J2h8I7cSzxr4Z3TwuqUM5Aw-uSsWq3diP3_Xxpbo=,cosmicuniversaldesign.nl,cosmicuniversaldesign.nl
435,2026-09-03T08:18:53+00:00,journal-app-privacy-audit,https://vertexaisearch.cloud.google.com/grounding-api-redirect/AUZIYQHbj1mTTY60jamvEcWUeMLiGDob90oi22Z436F6LIHABpveA7fUTPLpkQCEtgd_51wUQ0cPxpe0MKJAfzi-l0l_cBeafiqwPDeArm1PxKkjl3UJYuLWcbRUZZg=,apple.com,apple.com
444,2026-09-03T08:18:53+00:00,journal-app-privacy-audit,https://vertexaisearch.cloud.google.com/grounding-api-redirect/AUZIYQHepkG0g3uUDfg9lEQS_1XbMSBpwOYJJ8Fb_IAW08wrvVIh8vyN0y8dSM_WanGPKmrDmsPdFyG2Au0tFzIrs2B-vdqS3zw20QFA_mw5aegPRO6pbQBwgxWqMpJSMXCtwGNSCMkTRnJEL3ky5YAkDhstA8W5uFC_,apple.com,apple.com
411,2026-09-03T08:18:53+00:00,journal-app-privacy-audit,https://vertexaisearch.cloud.google.com/grounding-api-redirect/AUZIYQHhavnPgKkkwJ6ouQg6qUGVas_Bvr652n0Vz1jHM3ug1VTL_9bHe4xofxOuMe-qAEM-AIaG0y2047hcyjwTW7kdN4LAElqQMc_9nLitWC37I_KkquLoAy2dgaxToBnSVThRr_M4OaSUd5uCAs_OD6kyww5iHA==,apple.com,apple.com
403,2026-09-03T08:18:53+00:00,journal-app-privacy-audit,https://vertexaisearch.cloud.google.com/grounding-api-redirect/AUZIYQHjEKNI-MX-5U7-z6BLVQPXu1YKL7k7-Go5puZpI7FnDW623NPGkC8TISfBBLBo0DeqyGPlULjTJnElgBs_eIul2MJAqobw9ai3M9GEUCYgi_X4-KUYmYDRcawrXghFRtmCn_DV5lGJmTE1mreg2Q==,apple.com,apple.com
457,2026-09-03T08:18:53+00:00,journal-app-privacy-audit,https://vertexaisearch.cloud.google.com/grounding-api-redirect/AUZIYQHoTleXs-ra93Sbi_h-GMGEYShmJAYWnFl4rUXiHjtBaH4QN0jixyGkXI2YcXFM9zpXfFPUbynqCsyH4OXRQnBx6RGaPWr3HgupZzenukHhMnSMTfYx8yREhRXSVJy6deTeMRFDNKSdi-M6rp37gJv0s8o=,apple.com,apple.com
415,2026-09-03T08:18:53+00:00,journal-app-privacy-audit,https://vertexaisearch.cloud.google.com/grounding-api-redirect/AUZIYQHpYpPLnEGB5lwFCc3m4t5rzioPhjjjlasD02576MyZlYROQdrTeh97x8VeM3-g8yHylZKT6bf6RNIelgeGFbl2hEgAP_ouufh8woN_hVOnHrCsrZ-kv-7ABhPgAfjCBKMsRZ3gEKRtMZuHgGrmj3lv17HxBwO_scA=,apple.com,apple.com
405,2026-09-03T08:18:53+00:00,journal-app-privacy-audit,https://vertexaisearch.cloud.google.com/grounding-api-redirect/AUZIYQHqsnsQQshDwtdNYdnL7kL0V_0AVOuep1ARzjP4eVEyEp2h2gQqYCEWL3MdH0SmNklpdt7Vxk9RHrOeeGUunTmirfsIo0uQ6XlqSmnb3VRIT_wSPN0JPM9fDN-q,apple.com,apple.com
410,2026-09-03T08:18:53+00:00,journal-app-privacy-audit,https://vertexaisearch.cloud.google.com/grounding-api-redirect/AUZIYQHrKj_lWt6gViMJ8niK7VfzFTC7oYEETOPLxoLb7GRhy7euQga0u1igxYGes8NMRrZVclt9RLd6WaCiDe3BB9-vdiQs1yrfUpUJxRkf8rT2TAAhiseb0bcbQF5KdO-NIE0Xiz_-vPyGMEs-yeNmWmbJUgS3Qp4=,apple.com,apple.com
329,2026-09-03T08:18:53+00:00,journal-therapy,https://vertexaisearch.cloud.google.com/grounding-api-redirect/AUZIYQE9rxiSTaLmTxvHn_cLg3teT6Qs3Q-dKCVdwMbF-Ddc9hLOq3SFu1oym-wuBrWBS39zj0aJudj0olYz67vSPa3k8kzYghZwfJz-IJwryv5009ryfVQS_Cni9WN4ECz60xBNRPWxZok0FW4hV9H75oNauJvq,emosapien.com,emosapien.com
326,2026-09-03T08:18:53+00:00,journal-therapy,https://vertexaisearch.cloud.google.com/grounding-api-redirect/AUZIYQEReooJFnCmkc83e7duOl5S_UpUHvgawk9peskLVYeeJfakarlDdhLsxqPiKn9-HpcayVvrVMaJ55m3DfuJ0j_dJz9PMmBh0ZJPdg0sbvU8dlggIm95n0pwq1UyZeI9dMMlorU5FknY14NZI1tD_gSXBJivJlbBEWYBhOMHaw==,rosebud.app,rosebud.app
336,2026-09-03T08:18:53+00:00,journal-therapy,https://vertexaisearch.cloud.google.com/grounding-api-redirect/AUZIYQESubPhHfXM--uOvd1WInNBpU7OONw3D71zC4QAlKQIonfwin3NxP1UCl4ptM07QMRoNCovSacUIU1Dqz0YT1vmX_55DVfbA--0nIbUUda7sEoBwQoZBM8e70YxE2HG17bjh2jIHquCHPLBDppk23N-qpKZ4L4GuleLA6k=,kickstherapy.com,kickstherapy.com
324,2026-09-03T08:18:53+00:00,journal-therapy,https://vertexaisearch.cloud.google.com/grounding-api-redirect/AUZIYQEZm6_sVcRUstMpk7EQyH6R-TPTJ-Y27e2ytBOWgykWOsbpI0Pb76UTWLDMoOM9wvu682qOO-hSMdojIaqGrEdGnBoOZ8C42KWuGT59sjCUKyJaui8WkppzuHBw3QO8j_lSYhEQf3icsCdmFJELTrAsNXqiaEGiEw==,holstee.com,holstee.com
328,2026-09-03T08:18:53+00:00,journal-therapy,https://vertexaisearch.cloud.google.com/grounding-api-redirect/AUZIYQEiGRbTmPkFf5jzugwyug-hGd2UcFm0X01IsYBYwQLmybrnWNHjE9F-uw2-f_pvzsqYzPfJ6galZvxFyLSMmOxHckLTqcRG7ijcX2ZGtcfuDoV63PnZD2sHVQjsudhTRLWzKfEphTaeGg==,choosingtherapy.com,choosingtherapy.com
340,2026-09-03T08:18:53+00:00,journal-therapy,https://vertexaisearch.cloud.google.com/grounding-api-redirect/AUZIYQEj1sYWopQYXIVxodlFZfY17IM_50kACVhT1M2VWx8stQpWGscHkkcbzQTwxA0w__stQZW6GExVgoylaTTnbL27dfNRM4E8At7CNoBkjpYtjJHcMrA8WkJunFMu-OMS-WHAJKeLmYPtgVFRmVEdR14=,journalparty.com,journalparty.com
338,2026-09-03T08:18:53+00:00,journal-therapy,https://vertexaisearch.cloud.google.com/grounding-api-redirect/AUZIYQErEInpYUd896GytrS41rMlUkjNM_E_ZI1ImP9jiSSzzSA63Sfsuo180zO0I3aAc-emH1F4A1BqYGI2V5ge6N1XTPrghmdQGmO0o6vRgfWsveyZYMsA-VVh3loEKFqLuJIK2lURG3p-fV1f7T0KouU7bo531ky4,holstee.com,holstee.com
342,2026-09-03T08:18:53+00:00,journal-therapy,https://vertexaisearch.cloud.google.com/grounding-api-redirect/AUZIYQEwoQD68-ce5gSargiw_0Zm842kgaDETjJ9ttaKwZQRhbhbEZ4ufFPhMc6xnqe0OHYw2dF8dmk0fSKIYjH16ykkJQm-AhHn1tZSr39mb_LM6h63pv6rAgcEblKhCgGUI6G-NoRcOU6Re-jfDXPIhOISSwWeMqV0FQe1ZrIOaor-fn9a2-FDCw==,mindsera.com,mindsera.com
337,2026-09-03T08:18:53+00:00,journal-therapy,https://vertexaisearch.cloud.google.com/grounding-api-redirect/AUZIYQFDcQcYOjsrRuel5lTvYeHXlGgaIjakq1xvv3w3tz3qOWAEoWHhQmhVT_AJlFMoJ-fRgKJVJqnjFBXePtveVhAfbzpi56MEZCRNy22bMwpD3H6g0kON4m-jWEKMjKSjU_Fq-7wfD4go95xlXhlf-1I-1YqY9e5OxQ_dBrWmqnpOjEIJ,reddit.com,reddit.com
334,2026-09-03T08:18:53+00:00,journal-therapy,https://vertexaisearch.cloud.google.com/grounding-api-redirect/AUZIYQFfVNBpgTJRmMkNCC1BLjol3b317cUijfY109_Nk_QqL9sJcBpzz_oZxgznB18M-977pC6V8CggnO5d6hnOqvM3C7xHhIiKXWiU13w2q3BG,becomeunstuck.app,becomeunstuck.app
333,2026-09-03T08:18:53+00:00,journal-therapy,https://vertexaisearch.cloud.google.com/grounding-api-redirect/AUZIYQFgY5AVU1fDjNlQgg82KXTDVZ68zCyvtCRUXWbxmVyApLeakjO2Bn265Q2_hmvmRvSxcDKftAXLgch94ai-lO-mvcOCpPff4ZvpynvkJ5RyPZLUQfoMXS3qtSX4AeK7ltLamYQ=,choosingtherapy.com,choosingtherapy.com
327,2026-09-03T08:18:53+00:00,journal-therapy,https://vertexaisearch.cloud.google.com/grounding-api-redirect/AUZIYQFwgqEs--9ktx09prpU1hFXqCd3feWr2V2L8bu8lEuNodIVqw53A_JmvkoV_SIB31UKw_hwHi8ER4J41ilHI928ZKpqKAW9Im6o0Mo1nSR6tZ3hnsQ_QQHvB_cVhSGsytYhvd-vhc_sCtZ6fkKRLxGPlyd2ujrzVw_oo1x64Q_qMM0GQid1gQ==,lifestance.com,lifestance.com
349,2026-09-03T08:18:53+00:00,journal-therapy,https://vertexaisearch.cloud.google.com/grounding-api-redirect/AUZIYQG8c02r6wXfmoBt_CMC6HlxwYVQSnh4I50G2nDEFOCGRtyoVZZ6HLOPKtHhYbpVY7iACb43lsqmjB81JMRH1P95AH_U1f9bJKqlwkAFn7SCEY6evgZOcVK8zXtsl6tyiR3dMfOo6uwyMe0-3RaYV_OW6FwK1lKaQirnkn2E3szZ8NBJcvkKyw==,lifestance.com,lifestance.com
343,2026-09-03T08:18:53+00:00,journal-therapy,https://vertexaisearch.cloud.google.com/grounding-api-redirect/AUZIYQGEwZBGHZcesRZ7168i-NI-7vCa42hTuU9_Yy9zGJUb7lEcFH9Bz0H4t2t6pD-9p0yvTZBkRklPdFn39JCwAjKKrzsZvNzA6ZndfP0DRnp3R4LeHalyTx2kWYplapax5lXObKXB64HCWAcUo1AHpuil1-778UK3q86WQPeiZHBdOAtFSSeG_QjWQiUf,heyberries.com,heyberries.com
330,2026-09-03T08:18:53+00:00,journal-therapy,https://vertexaisearch.cloud.google.com/grounding-api-redirect/AUZIYQGPHUIps6u20w_OTDkAb79hP-aNxz7RmE39F_GG4cgb1zcbONv7ScvbohXQIXGvHzuFoumxufkFCBbxna3Dtxbd_F8TNKF1sokRQ2SbmPse1frSEPVHRd2M9OQhB3ZBYUI47XA-M2_chIVnuIFLWZP7u8PPNGu9xMMA9oO3,rosebud.app,rosebud.app
320,2026-09-03T08:18:53+00:00,journal-therapy,https://vertexaisearch.cloud.google.com/grounding-api-redirect/AUZIYQGQq8Xz4oQIc_TNi0fN1Lkhkt5QZg0l3fCEWDWduhiOsqsoH9Q27LZmkZpjhc6zuoEmwQhwqyeCupTi5Da9ZD9IaxPihMGEa5EsByInrXIYyg0EtVU4FAssiQ1aHYnbGOlrzRlpXlK3Ki0tzwothtl0j1vdvUPf,empathdash.com,empathdash.com
322,2026-09-03T08:18:53+00:00,journal-therapy,https://vertexaisearch.cloud.google.com/grounding-api-redirect/AUZIYQG_hCFceiRJRNNUz5Lh3PBtoqE2TxlBBIMQ7bO6DLZpHg5rDrZNxm24el2eCyzlD517NVq5H4glz9HK4gCMbMwQGUNcVOa4aqVY1oN88bsnPaLOE3AoyDYEBj6U_Vxu8Axgq7JBRc5Jjbab1uIkM2xNq8Vbs54vnbI=,noble.health,noble.health
350,2026-09-03T08:18:53+00:00,journal-therapy,https://vertexaisearch.cloud.google.com/grounding-api-redirect/AUZIYQGdg9D64KkSBKJ5LocXUqjFzycufo6zDAsER5yLXz6-K15ddlD8zSf5-pUIzl3G7ilXrP0vGSDVs3_EQIqxGDHWxdWixLYngUVIn0_LZyOg8r6UExs29MkFcs4Mv2HoQChhp7Xaml-_XuM_3LhaCGsh,journalparty.com,journalparty.com
325,2026-09-03T08:18:53+00:00,journal-therapy,https://vertexaisearch.cloud.google.com/grounding-api-redirect/AUZIYQGmcxCyA5f8rqQAse5OOoYTiBePmZ4E9gHZKLfxOKp0FFSgar5X_QnKA6-ZnPbJ-Xchg1owfDbqHmecrxVa2cN7YMP9OMaqCdt95xCPCZqeAISGD8-jBni-gsuTHg_DNmXXgASEylBxj_1CRkVcBIbJ1LeFowbaTuXvE7vh,rosebud.app,rosebud.app
347,2026-09-03T08:18:53+00:00,journal-therapy,https://vertexaisearch.cloud.google.com/grounding-api-redirect/AUZIYQH0TQ6z1ARuBanNrSramJO7piJssA6NxtejV8X4fsEsInf70enrcjCcyL4P7FYVyJzDNb2Vcvl6KoGac-l2ZmIwzvEI8leTnvh4Y59bLkNmULcbDDeSni5UczpSQ38U6hfdRI1yicUTM25v_nmJ4-vq6p3fmUD84yGVPupqABQCIjgJyNxlwxaTfFFQ1CrEcL8eOkqa0uHRV2vzrMqYcxusVFaq0ESLUAJCWqHjovMCt8QSwMv2kE7BCFTCjA4HYF8=,williamjames.edu,williamjames.edu
321,2026-09-03T08:18:53+00:00,journal-therapy,https://vertexaisearch.cloud.google.com/grounding-api-redirect/AUZIYQH9BUOxfwZXZAFcjmk0p1sdHuHUYb_fRXtQG6Vf6YSZMkWyYtIFyX0kCWSqh-ny7xNkxSQO_TkPu3k7jemWNDdqiL3QPQTn0qjgDQ5wnwWKenmj6ESNlsmIzn5WhrnYyhw9HqlYNLOA8FgPiIKVKR-ilfHAQbQDbriRHnQ6,kickstherapy.com,kickstherapy.com
341,2026-09-03T08:18:53+00:00,journal-therapy,https://vertexaisearch.cloud.google.com/grounding-api-redirect/AUZIYQHLf4y0cGDLNS4KfTABbCZWtgIvCBnIVK3MlDMlz9qf_x6PGwEfEkDhsh5bk6BN7gpq9gv0d0nhTgU6tgseQM9G0CziM2hz_SHZW5aEnuqAk8VtDH0-sA-ZjvBOwVV0gSubnYt33vRbhJHTcZCRwcGAjc4lqH3oFprUuTXz,rosebud.app,rosebud.app
331,2026-09-03T08:18:53+00:00,journal-therapy,https://vertexaisearch.cloud.google.com/grounding-api-redirect/AUZIYQHOr_ApclBjrcmghjQsPV8MKPjsezX8sbzWjlQH-IbbfKa4rulCDxzS5tO-wpDeHslUlSNcguqEfVmabgHHzHsmvWqX8QlqKxQEd7csOYMAi7g8ESD_u1Op1lXLUIxZKEhjipdY004vhhP03KnbQ8rxThNRXGs=,empathdash.com,empathdash.com
339,2026-09-03T08:18:53+00:00,journal-therapy,https://vertexaisearch.cloud.google.com/grounding-api-redirect/AUZIYQHOr_ApclBjrcmghjQsPV8MKPjsezX8sbzWjlQH-IbbfKa4rulCDxzS5tO-wpDeHslUlSNcguqEfVmabgHHzHsmvWqX8QlqKxQEd7csOYMAi7g8ESD_u1Op1lXLUIxZKEhjipdY004vhhP03KnbQ8rxThNRXGs=,empathdash.com,empathdash.com
345,2026-09-03T08:18:53+00:00,journal-therapy,https://vertexaisearch.cloud.google.com/grounding-api-redirect/AUZIYQHcZIVwHPsemSIf98a9bXIS3aRVWw4KNF_PHUc1R2yUswACWi42DrPF0D6bjXRfOYCAG0C9RtXuatfhSVtPP1l1D02oSvDvJN-HN9yGgjFRfefjgvrSBJ833scyhodIpasztDBPGZtZT2K1PWUhEIDOFCFfioLP-z9pFS5XdH0dA4q8p-W0Qbn7d28FbEwUfGP4deCCztTZeIY6Y_g6NYefgfpOyz5xjQOUFPTb7v2EikLVSsRIddauag==,denverwellnesscounseling.com,denverwellnesscounseling.com
335,2026-09-03T08:18:53+00:00,journal-therapy,https://vertexaisearch.cloud.google.com/grounding-api-redirect/AUZIYQHdTrl3xhAQMTwndZ3grJIKBeqDFQhWe1nKKT4qoomrXaJTkwij26Irw_2fQrlE5gshzZhLev3I182DVRCCq8eyZlWfz64zx15zZQxySCuyw7R1cjpTR1lQtVqzbfr7CnfEf1UY0w8INGV_R4vWLRwAA3EMSPb7mklCQZmmrav6Dr4qnO5CsBM92qLFcP50yua06DXi-YifPeo9uWdrOMnSKnKurHtZE6oLMLchu6VYy-gsQeiSAM88,denverwellnesscounseling.com,denverwellnesscounseling.com
332,2026-09-03T08:18:53+00:00,journal-therapy,https://vertexaisearch.cloud.google.com/grounding-api-redirect/AUZIYQHhgOQhp96eVAGD4L0Lg-VWPCIU7yb6Q4R68lBLfA0xeAdSrd404ghh8Pj0j3BpkIjJc8NhG5e7XpWkNzrCIlK8e6Tg7Fzl7iNm2JOjGjsw_ZFiuitp0xaZxLDNyxBXSZmHniwKX2t74Trb5s07IG8aGgI=,emosapien.com,emosapien.com
348,2026-09-03T08:18:53+00:00,journal-therapy,https://vertexaisearch.cloud.google.com/grounding-api-redirect/AUZIYQHofJgxn3vIsNON3ni-PU8fEFZoTCF87R_s3vVE7UTUiv5rw1vZQ7368BVS_BxXO8n_ZkScy5v1PfS_DsxlglbnuZ_BFBoni7jLbRdPbtdq3rQe2ZMM2S9649rnGg5iutkQWTYg9TE97yF2QRgOtmr5Gozl_Q-4Ng==,holstee.com,holstee.com
323,2026-09-03T08:18:53+00:00,journal-therapy,https://vertexaisearch.cloud.google.com/grounding-api-redirect/AUZIYQHujWtgqz9WzJbzjNabyKpb38a67wdcY95UfgoRuaOaNAgpREBoOOtQPQLL74WVyvEemVfh_MXxw_P8hQUxvhtha7Ti4RqqLO6JwNJoIj69VKYuQfioboHklaTY3-_eS_1Ya8V_MxoDRLQn_kDmRbFs4x0CqMY620Tbg_75WKw7L8lMq2Wbks0XEgpTUoKiIlGDJAkUdzXO1USJODCWi35AMyzB2ids5h0-bZjRwiKR3dvo1Mmv84jrtg==,denverwellnesscounseling.com,denverwellnesscounseling.com
344,2026-09-03T08:18:53+00:00,journal-therapy,https://vertexaisearch.cloud.google.com/grounding-api-redirect/AUZIYQHzR9hUEyElJiGlNh1D43eAW_LN01b75MzwRWOpSiaVdspcRIvsPqyOvUAJ9OKR6cFoJS075_GR1NaU-CtSe7VMD_gVk6BOgb56m1hJKbB9oDRgGOm8tgF4-Zs0JtUMx9-H591TGgXF-u9Oi1USGjgMc9d8kwYq3-Q3J0GL,kickstherapy.com,kickstherapy.com
346,2026-09-03T08:18:53+00:00,journal-therapy,https://vertexaisearch.cloud.google.com/grounding-api-redirect/AUZIYQHzR9hUEyElJiGlNh1D43eAW_LN01b75MzwRWOpSiaVdspcRIvsPqyOvUAJ9OKR6cFoJS075_GR1NaU-CtSe7VMD_gVk6BOgb56m1hJKbB9oDRgGOm8tgF4-Zs0JtUMx9-H591TGgXF-u9Oi1USGjgMc9d8kwYq3-Q3J0GL,kickstherapy.com,kickstherapy.com
380,2026-09-03T08:18:53+00:00,mood-prediction,https://vertexaisearch.cloud.google.com/grounding-api-redirect/AUZIYQE3A2mrQZziphilxjfu0lq-5mFb6Qy8sLZczMnFSB8paFy5tAhkZEDuJu0t2JBgSWwBDV3uhhitarm4k5cq7EpiI1nHv_6Tlh9QChAF-TcbzuvYHXQZgfpV8KXku4PQ6Z0euYruH5dNhnGM1Ny0JDKneB-xAadSt_TzhDvIEBrufsAM_F3Aj1UxqN6nV9xcMmg247OWoA==,google.com,google.com
394,2026-09-03T08:18:53+00:00,mood-prediction,https://vertexaisearch.cloud.google.com/grounding-api-redirect/AUZIYQEYtbWnmikuaFC4oRAnSCgCliGjEmtr29YIhg3GLRO6W96xHkrmV9nVYsS7FSMH6_k3j0s_JJyFlOEQRdRStYQnW-YQlc0_PKPke3MgSimQWdIQFVHZFu15sgT8OgfoW8kvjvzc1B7hUrpdYvNGENguc6-MBeElLvUlldM=,apple.com,apple.com
396,2026-09-03T08:18:53+00:00,mood-prediction,https://vertexaisearch.cloud.google.com/grounding-api-redirect/AUZIYQEgGWWz36HXfAF9paKVEoDbxeY6NC_ssdTrXsfGUcThsuzfyPmyrYcmKMpxTkKG9CIPi-utUyynzUqvYFyRoHG5wQHMthZ5a0f4NmvGIV04EzwZ--7zO7hDUxZCPGfnTEiNY8E3qXnCJDSMV6mkk18zVXujAGV7u05hCOTO1Rbq,webshark.tech,webshark.tech
382,2026-09-03T08:18:53+00:00,mood-prediction,https://vertexaisearch.cloud.google.com/grounding-api-redirect/AUZIYQEk8duN2DZZbFeymxRcY0YU9lvT_jCJEk9A0VTrB1Ky0z1DT9dBAIDtKV55GQJ1SaCIxX9_Hr9icPAhY2xCMGU-q-Z9QpGMeCMXHoFQF1iBkddlG8ChfZQD8AJ7,lifestack.ai,lifestack.ai
392,2026-09-03T08:18:53+00:00,mood-prediction,https://vertexaisearch.cloud.google.com/grounding-api-redirect/AUZIYQEsy9SCUIAp71o8cLy_rrbS-tx4l1SoxIc4hfIvlzIgqOR25YrVvBSVAkAoTVPVUQR1UdrdBwEjKfvT6f_x5KE-MBVVCyyZfdNHFKoT_Yg1w1qpjk2Et8j-A2BS-4gmi5zXkpSYhdaswKM=,helloanticipate.com,helloanticipate.com
378,2026-09-03T08:18:53+00:00,mood-prediction,https://vertexaisearch.cloud.google.com/grounding-api-redirect/AUZIYQEuE7gf1uCWQR63Jag6JUD46P_HXRzee5GWEn88evysOu_-Zfi1P3DjW2UMjQStdGfUK9AObtUvn716_2xvto0IVRzvNGz55kLBu_0vHLpEnnHv5FACeikSwe7DP0VuzsmXM-w=,helloanticipate.com,helloanticipate.com
397,2026-09-03T08:18:53+00:00,mood-prediction,https://vertexaisearch.cloud.google.com/grounding-api-redirect/AUZIYQF2ScfSAP4phWZM1EUf0BRvnLpLoZq_WYqQDfdqy5ASNK7gZnrFTcOQlSdWMKAFQJlSIIILDb8BZe9yPToBCB0zT01Qdwn1EV9Y,daylio.net,daylio.net
388,2026-09-03T08:18:53+00:00,mood-prediction,https://vertexaisearch.cloud.google.com/grounding-api-redirect/AUZIYQFBkhvg2U6Ii7Sv7YMmKlJ-_jeMo6ixZM64x6g8ri9PnqXmk2luL_RsYokhP_GwcQuOes2nHsSwA5f5ikQcQ_Njjg6BZQQ7M-1D4UuL1p7n73IuVFaH5Ybf5z9jxJ7zzBaw7QbgYPA6lbbUP50QU9IVhsTfV2GCUkdnEODQ9km8zAvrw65anbUu,google.com,google.com
393,2026-09-03T08:18:53+00:00,mood-prediction,https://vertexaisearch.cloud.google.com/grounding-api-redirect/AUZIYQFat_4FJYNenUAftaRdpkw-utq8A8s9U14wq6ceqvKXvbxzjhwgIDzdwd80S-c6E40GE1JdVHOo_UITn6vdFS3Mftjw2N7FsTzFTvdoocpOJ8ouIF7oi3XKYafObYaY2vWIRVkV04Y=,helloanticipate.com,helloanticipate.com
395,2026-09-03T08:18:53+00:00,mood-prediction,https://vertexaisearch.cloud.google.com/grounding-api-redirect/AUZIYQFv2ajmWFWElsDtp4pb1CGxDpM600HPo_N3ab-3bkHk7XT8Au22w16i662Ex1c1I8-iEL6Okdr8D7Bnmz-I2JK3tQPLTuNY7d6Z5Ep1E7UbxX3ejBBsu0NVkdB5a-a1f57wTlDuGw==,hormoscope.app,hormoscope.app
377,2026-09-03T08:18:53+00:00,mood-prediction,https://vertexaisearch.cloud.google.com/grounding-api-redirect/AUZIYQG1R0hhF0lv1-IrRnPNXzvBMB2pUXbbH_j1InQxbY4OmaK3fLrp8GHgYX1RyyMv4tOpKgCOjSToQKKpASfHoy8xPmvySfpFJ9r1ng==,moodquad.com,moodquad.com
390,2026-09-03T08:18:53+00:00,mood-prediction,https://vertexaisearch.cloud.google.com/grounding-api-redirect/AUZIYQGFHsMmC-5tcq80Z5G8qw4VmnbaMkG7-Mhwb5X6ApTVCut-lVoJnJo6cCxZMUt_e-ypWb6y0pl-YU0-DYw061fQNDJTlsvtrFViSDw3tjwG6_n5PBx86FtH8r5UZv9qsjy2jToHInPIeOwVePBqPz4=,helloanticipate.com,helloanticipate.com
381,2026-09-03T08:18:53+00:00,mood-prediction,https://vertexaisearch.cloud.google.com/grounding-api-redirect/AUZIYQGIlmsi8rQrMhKyoYhMgjOwgEtd7NV4AcrpcwLeFfVv642HzA_i06f-G-GSMAhR0yysiMBNR0kq3CfDOyRZ3VSOsAWIjIrDFRvVAWki6BLHZ0qwnqev3eHDzTTZnDiOfK6lfzPwzAU-rfg3fEg_UG1yJnyxBHIslqmG_Q==,apple.com,apple.com
383,2026-09-03T08:18:53+00:00,mood-prediction,https://vertexaisearch.cloud.google.com/grounding-api-redirect/AUZIYQGKoKrkkA4xR2bFgq6CQzUjSLsJw2bEqdYAeusQKdp4FzZw1ILRaj9plcAWEEsrZsOTwix1vsIP7ZLge_1ba0hJPnCWeskL3g6eDdTns2rx838HLSVvjZ9J2q23Um9S74Op_EVwQQ==,habitbox.app,habitbox.app
384,2026-09-03T08:18:53+00:00,mood-prediction,https://vertexaisearch.cloud.google.com/grounding-api-redirect/AUZIYQGKoKrkkA4xR2bFgq6CQzUjSLsJw2bEqdYAeusQKdp4FzZw1ILRaj9plcAWEEsrZsOTwix1vsIP7ZLge_1ba0hJPnCWeskL3g6eDdTns2rx838HLSVvjZ9J2q23Um9S74Op_EVwQQ==,habitbox.app,habitbox.app
376,2026-09-03T08:18:53+00:00,mood-prediction,https://vertexaisearch.cloud.google.com/grounding-api-redirect/AUZIYQGxlVbbuh2kZejQYdjFvvg4iMm16SnKGMP-DOtVbdBtCJL7grO7jGBLqES8Ci8LQKBqDavMUVPfVrMlB1I13_mMwZBYZydeVX2CkC01gnmnYV1KMY2UvKXxSsrn6nqO7EbmEEte_9IxMg==,helloanticipate.com,helloanticipate.com
379,2026-09-03T08:18:53+00:00,mood-prediction,https://vertexaisearch.cloud.google.com/grounding-api-redirect/AUZIYQH2kKUMOaemNZpZpCXkVSPXcTjgRn7E-eafc0T5wDgUx8MYIrzi2b00pWdfjjuSWzq4IBRa8Cyam58_rez0mWkwI1a9V_wYmMFIpypLXubqK9Ffblogs9ZrMhaPnMLcIQ_uOoJvkTs=,moodquad.com,moodquad.com
389,2026-09-03T08:18:53+00:00,mood-prediction,https://vertexaisearch.cloud.google.com/grounding-api-redirect/AUZIYQHM9PvnVBs56ZwUwVtJV0FctbMcm-_RWj3x6PP8pBgxVELWMAvQnBpbs4UQp5lJrMnR_a2WpdSzCLYlYBqP5c1OGA0S_sTYSi2OP3I=,moodquad.com,moodquad.com
391,2026-09-03T08:18:53+00:00,mood-prediction,https://vertexaisearch.cloud.google.com/grounding-api-redirect/AUZIYQHV6Hn8R_zYgBWO4Apa19VLgLCn26PBqTfJetkiK2ncqCRpVtPaOvuNCkGBZdcUP2V-HWUNN9F-s2sj0-JE1CHwRN1Z8aF3zR3hLo0MDPctmBoLhJiyEZImCl2BbK4hN_Rjun5Q,helloanticipate.com,helloanticipate.com
375,2026-09-03T08:18:53+00:00,mood-prediction,https://vertexaisearch.cloud.google.com/grounding-api-redirect/AUZIYQHdcwlqTd0UH3wFyNGbW9bm7thbi32bPLdxHl4tmfenn5G6Z8aWmXMAPLiut1d3qla0avDevZDA95ObNwtmi9MXci8zrSn3Grg548AZiNyK4BCqwFtKLyQC_t50T2_i9IgX150JGQn-kLcynsRmcVo=,getlunarwise.app,getlunarwise.app
386,2026-09-03T08:18:53+00:00,mood-prediction,https://vertexaisearch.cloud.google.com/grounding-api-redirect/AUZIYQHne-hrsQl6gDdifswcnxdJVEUFQCIZ2k3IlYwgOZVBgNupcoE8Ad5x_g2_NgcixcdP34mN6ehAzyXPuMxNBdnLu9bB8NmhvcxeYOj_tzZdIlo8QaUIsCCQTJ9ABPGjC9tN,youtube.com,youtube.com
387,2026-09-03T08:18:53+00:00,mood-prediction,https://vertexaisearch.cloud.google.com/grounding-api-redirect/AUZIYQHne-hrsQl6gDdifswcnxdJVEUFQCIZ2k3IlYwgOZVBgNupcoE8Ad5x_g2_NgcixcdP34mN6ehAzyXPuMxNBdnLu9bB8NmhvcxeYOj_tzZdIlo8QaUIsCCQTJ9ABPGjC9tN,youtube.com,youtube.com
385,2026-09-03T08:18:53+00:00,mood-prediction,https://vertexaisearch.cloud.google.com/grounding-api-redirect/AUZIYQHtzEKThw_UtblDlypsvY3pVurETqvCiyHjgfAZAvcpGdUs7Kv4dWAQkOamqEvf7PFA_dmzJ92BOIC30uHMjeVnsnGvATDhaVzCfy34wc7pmtYVzLrSDSwqGpWrK5RuEOyd-Mkxlm670o9YQcVtDZWkepAR7qU6q45AGHtWrvmYJcwRDFg=,theliven.com,theliven.com
353,2026-09-03T08:18:53+00:00,open-source-journal,https://vertexaisearch.cloud.google.com/grounding-api-redirect/AUZIYQE7i6O8RlsU0-b8EoiDXrEPaGW1b507_kxCpFBjaO2Xq7gW794Y4eCIFWWEKZptLv6BoiJI-Zk6ynU85AyekzytVHe7XTOsugaECVRTw06yvx-7kpgsu9erdWos6XZt,github.com,github.com
356,2026-09-03T08:18:53+00:00,open-source-journal,https://vertexaisearch.cloud.google.com/grounding-api-redirect/AUZIYQEOO6mUSX0xZC5J_UdZ-iH2R5GRg7veQs2gHyvC9FFikLQPYEW_2PFKFoB_KkBnd8rj6ANNOXHkD8THwADNMH4y96r8kI4sAFtSArmC,joplinapp.org,joplinapp.org
374,2026-09-03T08:18:53+00:00,open-source-journal,https://vertexaisearch.cloud.google.com/grounding-api-redirect/AUZIYQEW-K_c0yCpapxQRzQC_7Ar8Exq9FvOz0QaFfsE8sjgkxZqh6fybENMDnhB3YQaKEmlwruye5V3LZsedl8Y137JU0KYS1aPuv4EPNrvSrQSFvl6pkGzJHzVbASVkvfkv52pGK-rKCU8vA==,apple.com,apple.com
365,2026-09-03T08:18:53+00:00,open-source-journal,https://vertexaisearch.cloud.google.com/grounding-api-redirect/AUZIYQEeIAL9E6dQmZ3IgCSFo03gb1QTum0N_q6DOhPfvrWSvUnJeYux8v7e-12wb-Rj3t8MQ9fsHAuRUpFRddR83G0iiwNFbfnFKZWNUx3A,joplinapp.org,joplinapp.org
355,2026-09-03T08:18:53+00:00,open-source-journal,https://vertexaisearch.cloud.google.com/grounding-api-redirect/AUZIYQEmxLraGUQ3LJm1UTaO_YnQm3HHdP3zb6nD5WpRZZ3dYH_bSGEonY23wR_aqY6uiwH6P8xAGbaPQOewq3hxZI4mtH8fswmtN6CZvLIcxxhMtt5P0qMy8sTFbfZmGvWhK2vjMAhX90IFe8gaHjN9fx2wG6G7cLLKj_Rjmubb84H9DYH_wZxFUyq-Hb1vbXQleUVqj5fiB3VPjcY_9w==,reddit.com,reddit.com
357,2026-09-03T08:18:53+00:00,open-source-journal,https://vertexaisearch.cloud.google.com/grounding-api-redirect/AUZIYQEsox1rkLEtgF76wDXP7TJq1jCbZrwLeqsLPBdoltes5l3jhTR_2w_hHZE8Ioygo4AwjehV8oy60cnEoYwvEzrR_SLKzn04QT8RTQfBd5LHVRMMIsCxCHL-bV1HHrDkmg_l4scpVA9yJJFe7OkxJ2d7LyC2xmXgiujo3OtAdpFUxr-EGqljbdigRiBtkC-Fx1LYXo9aXAtNxA==,reddit.com,reddit.com
371,2026-09-03T08:18:53+00:00,open-source-journal,https://vertexaisearch.cloud.google.com/grounding-api-redirect/AUZIYQFGSEDF-CbR_OlMOTRsYNIUAkltcNrOQSY_S8NNFM1FzNlGY1AT6mOm8LHFCQo7YUjr2nHptNf8NB1_ve7u4933KK2Kbi8DwBlvclZI,joplinapp.org,joplinapp.org
373,2026-09-03T08:18:53+00:00,open-source-journal,https://vertexaisearch.cloud.google.com/grounding-api-redirect/AUZIYQFMPo0-MnemE-PTL3YBX_LYSNzdqCKa3OzTEYKv9hpF3br3-NOgPNFccB85wWiLgCH4yq9zYbWYJROy27982qAmCx3wrgaC4AFxXFQL,dayoneapp.com,dayoneapp.com
370,2026-09-03T08:18:53+00:00,open-source-journal,https://vertexaisearch.cloud.google.com/grounding-api-redirect/AUZIYQFWPNM-JIabNZ4PEFfHUsBRPkXCOjDyINWGbbrKm_PS4gfV9nIUDgP92Gz_EVqr0B4w9s77ZLOysZp-tadf4tzPfuQ5AKC6wXHVaQ8_zVihiOnmi6zM_ns-BOFs,github.com,github.com
368,2026-09-03T08:18:53+00:00,open-source-journal,https://vertexaisearch.cloud.google.com/grounding-api-redirect/AUZIYQFhbro3vNyGnz89CgV0pyITwi3WZvm9yDIOyvAvj6bv9NIeg-8Op51MlLRC-31Lez1H3qfQWZ_cR-FB__T_gO2vxBEb2qZipijGfgGtnufkhy1WCvdsD4OVddsP2kXClaRUzT4HX_FFrbSP3JwKHg_kj1AjIifSKkgZ309_q8SfxJhLpvh0PcByWf3bDFOuURPP4y0Fay6cltzGQQ==,reddit.com,reddit.com
369,2026-09-03T08:18:53+00:00,open-source-journal,https://vertexaisearch.cloud.google.com/grounding-api-redirect/AUZIYQFkAUoqrpPFUOrBfCcSfxfH-4tQbLtgT66Kbo2xHUFTnEO7fBx7VeoshSpCiR9KHyZSplOOQkOakQHw_6ka0woMONGOvM0pIOjkcwLudiV2-b6lDehTwnTM3tLxVf-XCdYXng==,medevel.com,medevel.com
352,2026-09-03T08:18:53+00:00,open-source-journal,https://vertexaisearch.cloud.google.com/grounding-api-redirect/AUZIYQFrZW3oD-smZeJQAdYTViNS7ay7lk_8EaP74l8DxJzOFw_Ije0CVQHnxSt9Do0fI7wakYWaKtw1lZJ5Wc0JpFSq3GDaTSRNe9Rv-BtT0Z5paqCCeeLdVD8_DbpE,github.com,github.com
351,2026-09-03T08:18:53+00:00,open-source-journal,https://vertexaisearch.cloud.google.com/grounding-api-redirect/AUZIYQG-xLCQPNAb_0RBDEMEbnnYuwj1MQ8WVH3mBLDu5G4LkzJzuSoRrU1Gfn0Kvp7SAOVhwLhIU0OwDDB__eVBRlPsxIu8efe3EjYFJYm45jDkK-5wDS144V3Q5KeWhHFdaQbzb1RjNGzXnaCzkVPGrUy6-X6O4puHsmqkjuCfjN5aGHyeDp5hUbj5HDcOe36yfC0j_XCBvqKf1A==,reddit.com,reddit.com
366,2026-09-03T08:18:53+00:00,open-source-journal,https://vertexaisearch.cloud.google.com/grounding-api-redirect/AUZIYQGEdO3j94toJIAGddjdls9hSvawAF4MkgHYdJQcA2yQmDyZUzfLo0LRSvbjenYPOZxXA3mTlZGTMF4h5DX8RubehHV8ZEx9S2eq71wGeZXd9PdNbe2XtdDsA6I9Omo7z2QM5DQe3oqfr0FNXZ3KdyZkzx14kWEfqF8PfQeqHUtk6S4NAlJ_r633YNqj0H5n6mr77UFIluNq966w2w==,reddit.com,reddit.com
360,2026-09-03T08:18:53+00:00,open-source-journal,https://vertexaisearch.cloud.google.com/grounding-api-redirect/AUZIYQGJym5ulrGEZbMFf30VfxJsJJWXJDXfm9VM2hRE4pXearWZesh5-uHxKWIeAM5nixiv-hKrj1EBWt_g-mE1z_iL3dw_-5BuqYgDzj2DpTjcSHjB6U4vod_sgtCRZ6DSVYKxtbf9Pc8UK2bWww==,apple.com,apple.com
367,2026-09-03T08:18:53+00:00,open-source-journal,https://vertexaisearch.cloud.google.com/grounding-api-redirect/AUZIYQGL-ckOutdFZ7hGDnY_Ndq0m-InTLuBdUTanONzuCvzAl9CpkYntSAO6Q1RtA5clEM6CZ2AyD9sgMrl5aFdJU7BWHx88vvmNv6--7smqKtSoRHofduBbLGgGeP0DbgDuiy--T9ASGPJb4u0kY1VKc-JtO6PGWqq6z4zYZEShpzvrKW7Kuoe9pKVnx64dfVrmFzFURD-2LmrgQ==,reddit.com,reddit.com
359,2026-09-03T08:18:53+00:00,open-source-journal,https://vertexaisearch.cloud.google.com/grounding-api-redirect/AUZIYQGOzvidTMqwdiTHwzo3zJntUob9G3-FtpFG5Wh3s1fUpsR5ct4zBvuVRdw_36DANXL1qTMZ-gOqNqhncHN8TXLLaDbjYKrKkG4C3Fqg,gitjournal.io,gitjournal.io
361,2026-09-03T08:18:53+00:00,open-source-journal,https://vertexaisearch.cloud.google.com/grounding-api-redirect/AUZIYQGSRw3KrQJvJa6rU5WyL5RFF63tO7vxwsjKcEVE0VkCKBPzmePHKexwdw6s2cVPgyW1eKWIIyuJoB0OIAD5uUEvOrxxE2igY0M=,memos.moe,memos.moe
354,2026-09-03T08:18:53+00:00,open-source-journal,https://vertexaisearch.cloud.google.com/grounding-api-redirect/AUZIYQGaIZOmaSIuOwU2dPD5WqFXAOJ7Qr9pg5vVTnNLDWTTgWZa4C2KZPvcbfnhE5CXbuhpoaY3nKrISLGjAABaZgQr3EJ_nIxoo0JdBYGsnfQ1HGc_IjDViipd14TAlzMRFR2F0cvVrOxMwAparA==,apple.com,apple.com
363,2026-09-03T08:18:53+00:00,open-source-journal,https://vertexaisearch.cloud.google.com/grounding-api-redirect/AUZIYQGq5ZO0QHkEcfnQNW1mp9t7D7QHPSbV8DVoNs2dL7Zgccf04Zj0MCVHT_WLxZ-RxHvCxtDd3kAk7McOIFyqwkheAFabe2M5-Wn-UnKl,memos.moe,memos.moe
364,2026-09-03T08:18:53+00:00,open-source-journal,https://vertexaisearch.cloud.google.com/grounding-api-redirect/AUZIYQGvHZT8ZuowKlvbYFjBFuQrnbrpvGHrUC_6p-G--HXypxNPWjPsHNa6O1BoHv0gUmWrg9sX3mJNcsPYS4vopjS_2eQ7uF1-8ZfQCNezUIeDa2AKkiGxakZlqadm1j0gIlg=,intmaker.com,intmaker.com
358,2026-09-03T08:18:53+00:00,open-source-journal,https://vertexaisearch.cloud.google.com/grounding-api-redirect/AUZIYQH-P_S_ZdlM7MnSGopysJNr_fGq4Zomh1HfO7mb1Z5Ngq8yj5jFMpiItGw_qFtT6TP06ToG48sVyUARlh971DZBm09Q9ElABW6LjzB5MMTtWN18amXha-kwhQ9D,github.com,github.com
372,2026-09-03T08:18:53+00:00,open-source-journal,https://vertexaisearch.cloud.google.com/grounding-api-redirect/AUZIYQHAOt0NIIutV_uhfRQ4znyD3HnN4raXG9KvFXypq9DC_BRspS2Qvm0aa3p0b0c1vs7PlOaw0_EmZy7tcJfvMXVRLumnFkF1M9-JTmzr6tu_,diariumapp.com,diariumapp.com
362,2026-09-03T08:18:53+00:00,open-source-journal,https://vertexaisearch.cloud.google.com/grounding-api-redirect/AUZIYQHreBifmVGACFLxae2A2ZId_kYsEkgSZqSaDhsULRKyfm4NJg9XaPpS9tPdwXXZTDLTymJVb1m0ET3ZwqmM4KfxLjOn510eE4mLa74ZnfwsN9etXsVYBmtlWosIGzMRsepz_T5_qo5ZMUlZ,apple.com,apple.com
281,2026-09-03T08:18:53+00:00,rosebud-alternative,https://vertexaisearch.cloud.google.com/grounding-api-redirect/AUZIYQE8SRQL1JPhiyJ6J0S9A_1F-1uC_MVZpg4LaPRP2Z9lcnqZ3h52myrOmjyOiIiDY0uI2Jv3TfCaSkmD_cxpTLGBX50-AeaeB5aDz1D9_MKOoEBhGQzVFY5784qmAoBc1hAMv-QeKJfwpV2JXtsW9IG8UGerZQ6mPJiaQOCoRhc=,rosebud.app,rosebud.app
268,2026-09-03T08:18:53+00:00,rosebud-alternative,https://vertexaisearch.cloud.google.com/grounding-api-redirect/AUZIYQEaMkBuse38N9HlMicxcpUP5i93AcDUU3SzHbJNLJrU-_J66kKHX8UrC6H55iaS3QuMgGujCihLIHGXUiAna-Il01rgKjf-yIrkl0aFE68yLf7zOSQlflwI7chevXefLZGmQduy3iakfHmxYYuFwwIOtZYgTiWlobi_N-8x2kyRvibUajEVq2qKYQQLSauoEgQ=,reddit.com,reddit.com
297,2026-09-03T08:18:53+00:00,rosebud-alternative,https://vertexaisearch.cloud.google.com/grounding-api-redirect/AUZIYQEmQo8clsFZPGV9dpC6DEt896l5QxRiTk2eynh0rR6ORmPpGVKzB_bNIXVanVCXFFYZRO6JkmaXi2cCW_0ELJ_9hcFgK3A8f9w_JeedYSlvO0VVvlnzGa35bjGzylUNctn_Ilfr9car0YPEBxknVYollPWpMHavsJwKGCTj4Gk=,rosebud.app,rosebud.app
292,2026-09-03T08:18:53+00:00,rosebud-alternative,https://vertexaisearch.cloud.google.com/grounding-api-redirect/AUZIYQEwlKmhousdBhkRFsPEqhxBH2OKeiyuzKQBAVFnZtTXnMcsfdVKJNyFLk4jvBJGsCN1ZyYwNUZQem_H88WtVhwlrc5X5cM-q_VdfRLWH7WNYh238QkmY0ogfMe-5usLLsAFZuaVajEKg7NwX_xqByfR2FSfHs6NQQ==,holstee.com,holstee.com
294,2026-09-03T08:18:53+00:00,rosebud-alternative,https://vertexaisearch.cloud.google.com/grounding-api-redirect/AUZIYQEwlKmhousdBhkRFsPEqhxBH2OKeiyuzKQBAVFnZtTXnMcsfdVKJNyFLk4jvBJGsCN1ZyYwNUZQem_H88WtVhwlrc5X5cM-q_VdfRLWH7WNYh238QkmY0ogfMe-5usLLsAFZuaVajEKg7NwX_xqByfR2FSfHs6NQQ==,holstee.com,holstee.com
272,2026-09-03T08:18:53+00:00,rosebud-alternative,https://vertexaisearch.cloud.google.com/grounding-api-redirect/AUZIYQFAzuO6FIKaiRS__5B1hJ13WSIlQ05wGlymlqrdVE_C52r61Yjse2nvWDcG03_4E1cpjXD65yQaFloiKEAI_LAEDO5bVJlPrFYymnhU,journallm.app,journallm.app
273,2026-09-03T08:18:53+00:00,rosebud-alternative,https://vertexaisearch.cloud.google.com/grounding-api-redirect/AUZIYQFAzuO6FIKaiRS__5B1hJ13WSIlQ05wGlymlqrdVE_C52r61Yjse2nvWDcG03_4E1cpjXD65yQaFloiKEAI_LAEDO5bVJlPrFYymnhU,journallm.app,journallm.app
293,2026-09-03T08:18:53+00:00,rosebud-alternative,https://vertexaisearch.cloud.google.com/grounding-api-redirect/AUZIYQFBIk_rF7AT5NZE9-Mwl41QbHKsTx3E5qAMbkCHy4LQ24G0fQcS4inkxvJ83Z4-KqWFhcxD7rF11Cyzdxrus4F8Pq1g_X1EHhGTJ8Qw8hZBhFce_Z3H9R8E8xwLqucQUsn7wR7Yq511XiyYaI4=,aijournalapp.ai,aijournalapp.ai
290,2026-09-03T08:18:53+00:00,rosebud-alternative,https://vertexaisearch.cloud.google.com/grounding-api-redirect/AUZIYQFaQTKfd7nnNGLpGJ1QVbttLYHfrNyO8cKOgIgaKvviLwp9Lx_JVVDNNIY9hQgXkqemlIPwPw_e_1qfS3Yu_RhOBr7u50LjQeFFKwHHkQUcQwXRG3DULkdvgnW3b7vrxi53PD5cyhxWlLwd-BFZyrHEDnZ0VYwVScUWZNI1tfKPUVvh6C9VhyT2yZQ7oJf5PdzeGXe4CX45cw==,reddit.com,reddit.com
271,2026-09-03T08:18:53+00:00,rosebud-alternative,https://vertexaisearch.cloud.google.com/grounding-api-redirect/AUZIYQFb9KBSyNS1h-JUEGRVk4kAw514DOmpew1Dh2B1a79pEfrulGjZminp8zWQkVkBhG4IgRLiUs3qRaOhoZL9iFM2ABWGh0nB-U_3s0U7-grhANvK3s7uaXX5oLIOqQ==,trythemirror.com,trythemirror.com
277,2026-09-03T08:18:53+00:00,rosebud-alternative,https://vertexaisearch.cloud.google.com/grounding-api-redirect/AUZIYQGArVcbg25H39kDyj9nyFVrFoCo-6MSeMzR2Fs5TigkYpY5fWM8zE1EHOR5b4IkDV_yrmkUOpOv7DzPZObUejUsC2Be0hOayexp5qcTr2NgMBf9Yu08n9_duWPOxAP1bsnUE2nT9skwt1rjpNE=,aijournalapp.ai,aijournalapp.ai
280,2026-09-03T08:18:53+00:00,rosebud-alternative,https://vertexaisearch.cloud.google.com/grounding-api-redirect/AUZIYQGG4EkS8XC6T75Jcqw7vlqiPdsybTB6JN73-uJ-xvzSMZ4TkLQc8BdIwa8lW9LvPxo3yNOhhMRKtEYQ0sTBcFgpVfVtGAD9nx7HkeBF,journallm.app,journallm.app
284,2026-09-03T08:18:53+00:00,rosebud-alternative,https://vertexaisearch.cloud.google.com/grounding-api-redirect/AUZIYQGH2NsUhk3GwzMWiSfnPWqYOnUeLLIJOwM19F8fz1KwE1GQ_DaI-7cKU_-5mcZwpHyBUPo7rGoFF3bkMaoKpMIUNlAhsgusQrgHC-S6maxyNuRNkR7v_p17HKgE7bkWFUpLjGff4LuRPX5aApLX9Gofi0W2cjAgiduLFs0zTnqz_AP5jyEz6UTomuDWN4YXotrTXwI=,reddit.com,reddit.com
289,2026-09-03T08:18:53+00:00,rosebud-alternative,https://vertexaisearch.cloud.google.com/grounding-api-redirect/AUZIYQGM7HEeFgA9Xmo1cTT23g1-nSA8j_MTShjE-gRNDxp9XFsSzNQJyfAu7haCTOLmfC8oaeAC40WTkRUi8qqqlVyB1FLh2PRu3UNBHbBniXJV8sMPlZebcyKlgtEiqi7gPbi1EOjuHSEyMAyAbfwi,mylifenote.ai,mylifenote.ai
270,2026-09-03T08:18:53+00:00,rosebud-alternative,https://vertexaisearch.cloud.google.com/grounding-api-redirect/AUZIYQGPwP9NJbncreEFskz9dch2p9ZuzIvavKiHi9rSWj7u5E8U_JV0d1EnGhMaEHEX5HFrssN-ASL7_BdrCXSzF6NtwkF8-SwdrPy_5Qepcm3WcgyIDW7ZqSSeHyp0hNdDal-sXqmSbz-RsfL7SO3ZnMrJ4VM35Mo0rw==,holstee.com,holstee.com
276,2026-09-03T08:18:53+00:00,rosebud-alternative,https://vertexaisearch.cloud.google.com/grounding-api-redirect/AUZIYQGPwP9NJbncreEFskz9dch2p9ZuzIvavKiHi9rSWj7u5E8U_JV0d1EnGhMaEHEX5HFrssN-ASL7_BdrCXSzF6NtwkF8-SwdrPy_5Qepcm3WcgyIDW7ZqSSeHyp0hNdDal-sXqmSbz-RsfL7SO3ZnMrJ4VM35Mo0rw==,holstee.com,holstee.com
269,2026-09-03T08:18:53+00:00,rosebud-alternative,https://vertexaisearch.cloud.google.com/grounding-api-redirect/AUZIYQGQ77qgp1w5wp4F7-Rb_m96wUwXlsfbFQvwBxrDM5jkh1o0PvT6OhKaR4Tva1otE5luLMPMYtO0z03d9Mp9UBnFzTIarhSIbk9U3lCzfiI-Uzv47WfurASewFRRmUC_Jt3_sRLHyQOAFvWXc_pM,mylifenote.ai,mylifenote.ai
278,2026-09-03T08:18:53+00:00,rosebud-alternative,https://vertexaisearch.cloud.google.com/grounding-api-redirect/AUZIYQGcGj1340i238ZTbIN2T6CvMIQFtl-wbl4g1kV2HMl2Fnq28Ja1RHCMRrBsqJESMyoaT6crx9-B_ZMcKHLs79QhjyvHgcZQWthxWo2CzUMntkx4bXPQ7ol3dn0XFGkxP4Yzt7d1qSrpmvLCaMj6,mylifenote.ai,mylifenote.ai
279,2026-09-03T08:18:53+00:00,rosebud-alternative,https://vertexaisearch.cloud.google.com/grounding-api-redirect/AUZIYQGjeXFHVfgw_zLajV3moW2TtiSuKeVCWDDjuTlwUC1nsoHf6swgZSlk_sfdDlsOiy8vhNIlGoD_95uNfNmvV1sIEwZ5D6I6MpIhwIQN6mOlAkrRwQKufuTSgn1S4DlJhwTv_aLQTpcCZASHaay5Seod,pensio.app,pensio.app
286,2026-09-03T08:18:53+00:00,rosebud-alternative,https://vertexaisearch.cloud.google.com/grounding-api-redirect/AUZIYQGnduLK38uN8B8uFkRJBkcIyy9nPpYbFPR3qRiXg9h8xe7QyY8R7_WiBnl5fm2Y_S7xLlG0g0Pngls6RWc1y6JF1q26tdI2D24JKwU=,mindsera.com,mindsera.com
282,2026-09-03T08:18:53+00:00,rosebud-alternative,https://vertexaisearch.cloud.google.com/grounding-api-redirect/AUZIYQH-NZsBm4MDfe69RfMMwm2DOVy4b9O5sJnWRlFotZ_rpkxDUf6PUd-HkXKSPu2ao_zsyW85sNy5aKJITbMpnHoVl5DGJbeBKQx9idmYd2i97Szs-ADQRZ4FjpPxENtJmICEWQJz8AUJ3-B9IKkBKVRf7_Lq33zizw==,deepjournal.app,deepjournal.app
296,2026-09-03T08:18:53+00:00,rosebud-alternative,https://vertexaisearch.cloud.google.com/grounding-api-redirect/AUZIYQHNsXXB7_yaaAK9iSoIpSZ07yOGG0ZjVds7gZ9OacqpLiTWDlcubMkXyNllAqtslNg1Upks0f6K4M-1of3uswg-zwAEVqXFi86hORfVqVfv,pensio.app,pensio.app
267,2026-09-03T08:18:53+00:00,rosebud-alternative,https://vertexaisearch.cloud.google.com/grounding-api-redirect/AUZIYQHZThqrcp_T-D0U1WO5Jyb5axvqel8IkjXffIFNzRG67NsUEvYHkcIOMzg0ZlSWZT8rkfmMkQbOyDEj24FxuUnGJuEeedKHceI6997G9HieJnR1yDc8XcRLnnAXwFRfSxycmOnDxDvrdr-SdNd-,mylifenote.ai,mylifenote.ai
291,2026-09-03T08:18:53+00:00,rosebud-alternative,https://vertexaisearch.cloud.google.com/grounding-api-redirect/AUZIYQHdJukmD0X6nGEQsfoWTwuj1Ddc2oZKdY1A0Q1wF9x8ufdhL75eFy5q-2IglppPUZuOgse1La-4kSngxLJq0K1l0Kgex_65xejcGz_pnW2nL2sS_TMps1O3NjqhBj2LvKev0m7DH9L4W4Lm3yL9GbMnWDcYeI10WA==,deepjournal.app,deepjournal.app
274,2026-09-03T08:18:53+00:00,rosebud-alternative,https://vertexaisearch.cloud.google.com/grounding-api-redirect/AUZIYQHiy6igYIvxVGqsARfah3mffIqlL59YvxjaNHYyhZg47AxKTZ-4kN2kUYR-pt3xj0zvfZcMbHULrTIqzHhCSQpv5Ix61B4Hgxnh3YmQycS3Az7tQVIhdZpQ1L28CCdJYpHRFrnK81jfR2GRrB6AC6ybW64kQ4aKIOPp57BEQ38=,rosebud.app,rosebud.app
275,2026-09-03T08:18:53+00:00,rosebud-alternative,https://vertexaisearch.cloud.google.com/grounding-api-redirect/AUZIYQHiy6igYIvxVGqsARfah3mffIqlL59YvxjaNHYyhZg47AxKTZ-4kN2kUYR-pt3xj0zvfZcMbHULrTIqzHhCSQpv5Ix61B4Hgxnh3YmQycS3Az7tQVIhdZpQ1L28CCdJYpHRFrnK81jfR2GRrB6AC6ybW64kQ4aKIOPp57BEQ38=,rosebud.app,rosebud.app
285,2026-09-03T08:18:53+00:00,rosebud-alternative,https://vertexaisearch.cloud.google.com/grounding-api-redirect/AUZIYQHp28AH6WRdrP1cVTd-IdYYY7emZNxBcz3oo_zHEvCrsgB3eE_bRELU_TlkOQj4Iqdmk8lyu3WnP3OWYwJb4OyODQerOrljj96HKc2URHCzrSBgKJg5oXf6b1-pxWUVAyVMF05FTXkdDFVduDNt,mylifenote.ai,mylifenote.ai
283,2026-09-03T08:18:53+00:00,rosebud-alternative,https://vertexaisearch.cloud.google.com/grounding-api-redirect/AUZIYQHqZRH6TyUrD-OFIZotnvgwblw0NLkbw32BCM7gr4eidODQ9UcpvFfJiNdRY8BYTjTJhjJtMNJCcZ41t3Ynd3izfUEkDhufuy67KGdqFiaA8wCLD3dkI7KqS_Ki3uid7H7cSEE1Y_BbePeaQbm7UEa1l7I9Dc9RQA==,holstee.com,holstee.com
295,2026-09-03T08:18:53+00:00,rosebud-alternative,https://vertexaisearch.cloud.google.com/grounding-api-redirect/AUZIYQHrVqEJlsbBlxroBYnarTsQjpfJrdSj0Dn9JZdTaP5jcYvNcNY337M1bcxZQocX_BSQgMYrKyFytoqln68_n5qPpkZh4nCky8lUhJ4zuRYnKC9ozqYKh_9MNX5lCY58njpV5nwJHpm2DeBA10o=,architectapp.ai,architectapp.ai
287,2026-09-03T08:18:53+00:00,rosebud-alternative,https://vertexaisearch.cloud.google.com/grounding-api-redirect/AUZIYQHyqdDg3TA0R_7SA6aKZiJq9mu44P6CdOlUx0S1kChfkKxCwA8PrYxpjFb2M8TNf0KoZZTZy_CDaJ9zloleNbEbGuSRjoimhL6x5lslqhUnTzZHnwM8VNfdbP7TvgDw9kVHHnJUITjHD6R-MMMPJhqQQg==,reflection.app,reflection.app
288,2026-09-03T08:18:53+00:00,rosebud-alternative,https://vertexaisearch.cloud.google.com/grounding-api-redirect/AUZIYQHyqdDg3TA0R_7SA6aKZiJq9mu44P6CdOlUx0S1kChfkKxCwA8PrYxpjFb2M8TNf0KoZZTZy_CDaJ9zloleNbEbGuSRjoimhL6x5lslqhUnTzZHnwM8VNfdbP7TvgDw9kVHHnJUITjHD6R-MMMPJhqQQg==,reflection.app,reflection.app
402,2026-09-03T08:18:53+00:00,voice-to-text-journal,https://vertexaisearch.cloud.google.com/grounding-api-redirect/AUZIYQE6Aj7wqa_XLRxPEAqS0Wlqvun280LC1MwTqwrsCZwMjm9vN_d5DI3LLiHrEk8U_gXbfp4u7I1WDCKMJNnSGEUn4juR_ApSmNBarOGnu6u3b5m8GVuybi_u-_0X6B32s2T77MWJp7jezhjazCNmojj3ii9ZzmOlZu5G_IbckYp2YrF549E=,google.com,google.com
400,2026-09-03T08:18:53+00:00,voice-to-text-journal,https://vertexaisearch.cloud.google.com/grounding-api-redirect/AUZIYQEChiR3sPWnSvth1jdLuB4uPe011D_9zXJUHhxslmBIQGoPaANR6cGPHrRrbF4QeO9ODRAudetmpgZqMzlnTxZgdc30S3ZSrZ-Ga8iBsjXSWryWrU_FyROUJGg1WKyXJn0=,youtube.com,youtube.com
398,2026-09-03T08:18:53+00:00,voice-to-text-journal,https://vertexaisearch.cloud.google.com/grounding-api-redirect/AUZIYQENi-9zAm9xcyapj2ye46vqSWpqnGT3IeP4SrutRN3cVyCB3gJ_BsHm8KoiqUbCDpoYkrtBSiTZkNfvMVCt80WmB9JF6k8FjiOug3bJYaDrbewQXkS0cheSO2tTBsS0cPRa,mic.so,mic.so
399,2026-09-03T08:18:53+00:00,voice-to-text-journal,https://vertexaisearch.cloud.google.com/grounding-api-redirect/AUZIYQFhJ45M0Pu3BtICDv7MKXQ2XDyg6ozGh-zpjmL-AVQkY-DJgKwaCThRNN78OvwPKZODwa170ue4xNUZx4pGACK9SQdrlbWxmhpHLbXx3YnCbA4DfQvJ8hmpVsbViSoZQldpzbzk33Fr0AJvaQ==,lound.ai,lound.ai
401,2026-09-03T08:18:53+00:00,voice-to-text-journal,https://vertexaisearch.cloud.google.com/grounding-api-redirect/AUZIYQFl6lqAPLeCco6nQyXu5SDy9kSbNElaru2Q1LErBq8dY-GoIIkSjpDRoVpMjsiTDfAmJtnZZTCxnc0rxs5wTKY13Lm2QdhMpsSr07mS37Fu7CGnxZa-y6N7F_DFfq4dAo2kIuql3AwQ_mUPSrbZxx0a3CD2oHfVX2KTJ4hx0oAjr4tbbb5NsgTat1cW4-2341-4,reddit.com,reddit.com
521,2026-09-07T08:33:31+00:00,audio-journal,https://vertexaisearch.cloud.google.com/grounding-api-redirect/AUZIYQE_-7VbnyI6vQkrbb2iK9gxys26QWLXR5t2CeBrm11Ibrem18Z4v2jUof24n438zMdwe_ffNqe1zQjzgEAdf3VxOFakM1XfD_EMsPqYscBhYXq-VgVPfA-Olsy-7rzeTZ2lyx2z9cI2zceCx-ghuh2jvtv_kQ==,empathdash.com,empathdash.com
519,2026-09-07T08:33:31+00:00,audio-journal,https://vertexaisearch.cloud.google.com/grounding-api-redirect/AUZIYQEsk44mArCrANZUemNpNLlLuSj4L3bg_mOAe_98UkNHeZ0eRcmrE8DtAA6bU_BkAi5fi6tfptzs-rV9-yDD6y2QQrjgUwL0Qb5QlNJxkGdIYXdTP1oAFJcEqOnCEj35A9rryRSkzmTbbb8dnxc2Fk4=,vowise.com,vowise.com
515,2026-09-07T08:33:31+00:00,audio-journal,https://vertexaisearch.cloud.google.com/grounding-api-redirect/AUZIYQFGsAgFGKnfrmrNhEUNFIOFqNDI-tQKtKapTGnvYCTfsKNtT51r7DKeAZKoEsdVvOedhx2s4TuqKATqDb8Pl-V6HvC8bG130Pv9t4XN1CCzjje-wIRlAoeLhFVfXywKbzaqfacsRnFxJKJabbE=,lound.ai,lound.ai
516,2026-09-07T08:33:31+00:00,audio-journal,https://vertexaisearch.cloud.google.com/grounding-api-redirect/AUZIYQFVkYNuaKmoWu-lXPL0T4DQITZ76m9Tmkr9ohexfIaMiba291z5lZ03mMhhCzSGANgzRPwAk59WjkKw1WBkod3gUc1Rp4QsRUBkA9P8sPowMXdSYVvYwg9denEj_9HIwOzE4l_Aq2YxM3zKNxJ5,speakwiseapp.com,speakwiseapp.com
518,2026-09-07T08:33:31+00:00,audio-journal,https://vertexaisearch.cloud.google.com/grounding-api-redirect/AUZIYQFfJituMnFEUQKgw74j88n_MTHyPSgZoZ7hMRYW9s63dsaWVxafvWSPOpcG7NFVB2KSVnuKR5fFQkDBMvjyeSLOeY6PhjZOh8rnc84cpbCg4o6E3mcvaDZ2nBlS52ski7N7,youtube.com,youtube.com
517,2026-09-07T08:33:31+00:00,audio-journal,https://vertexaisearch.cloud.google.com/grounding-api-redirect/AUZIYQGObrXfSwDRviiTeKfE4fiFRFaH4GHvqPmzC9LcSa0qMTSxwKiaDyhpKaAcmyZg9WACEMWSbgXdeBCB39Ox68_oJLJTSp1O25a_08YkcjAeTTqOKm1MrIjUXweLeMM0f7eSKauDwr9y5rUI,youtube.com,youtube.com
520,2026-09-07T08:33:31+00:00,audio-journal,https://vertexaisearch.cloud.google.com/grounding-api-redirect/AUZIYQGo8eneTUe3FvYmgG5BjmxArX2qUQpu2zSG4TT-NnqR5b8RTkq0pvW4hBxTfQgQDHX7IUbk7CQpgPwwRIr2NVEvc23KfQS6sNgSBYslqVjbrm_dlOQ8ApeDe2w20mEgx7SKOBBIgYwH1XHBarboLjY=,journalinghabit.com,journalinghabit.com
468,2026-09-07T08:33:31+00:00,best-voice-journal,https://vertexaisearch.cloud.google.com/grounding-api-redirect/AUZIYQE7WYtaAAfHtg0v9o-czHgkOOCefSqsCp2epzcHxdNwSRflD9yEXdXhJ_rDz6azN-lDBdh7b-y98iZlJkDZ75EHAaATuDA67iUit6FtLSmGk-D__5TQqY5uTWYB-MTrj94-,youtube.com,youtube.com
478,2026-09-07T08:33:31+00:00,best-voice-journal,https://vertexaisearch.cloud.google.com/grounding-api-redirect/AUZIYQEI2vccys04bR32O3fUqVd5-kjARFmv0rpkVD3E758qSiLSmII-kYzNO4dvybxPSgrXkN0pvJTA3xC2KPOv67t5UDyeINk1Aa-zxI_nanXvkDPbs2LhuT0MhQ3bThWp-a1y0vs=,zapier.com,zapier.com
483,2026-09-07T08:33:31+00:00,best-voice-journal,https://vertexaisearch.cloud.google.com/grounding-api-redirect/AUZIYQEksKJFGum-uW7vpsj6xtDxZCCIZscMhy2ZIyr8dFPQvHJZP0_6KpAjs_b9G4MF5dmSKwxFqJWaccvi6wPz6sL4mDKQ1qGG3hLK5xU8zNnFUkZvOjV3vqYLOe3quL2PYn-ygn2T42At0qBfTIhMQIpEbWSedjWddjoPU_El_IXkivGogcCqlnPvb0b3rQEVD80e5rxaF9DkxzlLUDtY,reddit.com,reddit.com
481,2026-09-07T08:33:31+00:00,best-voice-journal,https://vertexaisearch.cloud.google.com/grounding-api-redirect/AUZIYQElu_fJriXEldBbmmFP6UvwPjBX3VLmOQ-MIpIgkgvS1Kcx__yjVIjaqO8iWwCyHWFnjfqfMtEiyiGexyh2tT0qTY5zjXsGHxh8kVAt0tAJr1SXsHx80VPjGlOLPV-N1PpTW0C8rJ-o5JIVhS_PFBG4U6RZjgDabA==,holstee.com,holstee.com
489,2026-09-07T08:33:31+00:00,best-voice-journal,https://vertexaisearch.cloud.google.com/grounding-api-redirect/AUZIYQEq4k8FdDp0UeRWPFW3f2CbzxKyZMvX7wh-ym4iF86FXtBcdsfixUv_hoEum_6QPOqDC4LKriFDWq7hMq3NF27X_WvrctJI-7uKRFeeCKr2I0cI5oVudgFDVg0I_E9vLdbuTUYSJgkPgI3-akdIelbQbBXA,lound.ai,lound.ai
474,2026-09-07T08:33:31+00:00,best-voice-journal,https://vertexaisearch.cloud.google.com/grounding-api-redirect/AUZIYQEskeXU4AqLBu8E8vukrhrL6TvsaL-nKYOkEV7HgmMR_u77uSotXQQE8K_g9NiLfsh_2_k2YH1M1tlkNAVnC4CNKsiszgFAAz8MBmq2PNqpOiIgNfXIeNAKRF7xw94xbOKV,youtube.com,youtube.com
490,2026-09-07T08:33:31+00:00,best-voice-journal,https://vertexaisearch.cloud.google.com/grounding-api-redirect/AUZIYQExp701pwXbIOVTYp2nM9oqhjSCokiTkGavUj8qd2XVxvq3RWTsVjWqjR6P92IY3ygCBgL5k2KUsuSMqJI-PTijiJBGHxjN9FzgF-YavG6Ez71WWuLJMwQzxHHTMRGu1CnW,youtube.com,youtube.com
471,2026-09-07T08:33:31+00:00,best-voice-journal,https://vertexaisearch.cloud.google.com/grounding-api-redirect/AUZIYQFMOFQpAI_XGApqMmmoH_cjhVxxfI2XDbIkEhDUdywQBXqASmHREbmeDoZ9Ki16Wv4cNvyRstrgu4BpmF7_2a0eR-B2a-FmN4RlX8CwHGr81BlXvACriIjkTm5g_HdeqqGSUe9bVAq7vxbE-hwTM8V7,dayora.ai,dayora.ai
482,2026-09-07T08:33:31+00:00,best-voice-journal,https://vertexaisearch.cloud.google.com/grounding-api-redirect/AUZIYQFUW_qkUEc7EKQlJ80kVza0kFNIWJitzs2der77K3y-zyKZ6nQBTaes_v12BWWVZJFfAouZVa-weymMaMg7skYz6a0iGYWK5eB4sLqSlQaLEyrE8AfmTDZ9BiWYkwFPys0lHc6J3HiKG_OUrDvoGAVdEDHk34l_4MUOM61mH6cY3Svb7XihReUf0IuoeFZb-ywG7un0Zn6FErU4tRZJyXAFxw==,medium.com,medium.com
480,2026-09-07T08:33:31+00:00,best-voice-journal,https://vertexaisearch.cloud.google.com/grounding-api-redirect/AUZIYQFW7m5vLuz3NhK_ktlY-g-PvSsbK7m5BHAWhoyJTnkUO1XZPEd-Ac6VA9maWi1T2efOt-XWXviRPiQEdaauc8RMKqlm7_3wM6yByeGb1EC4a0wWXfq0K_yRHwEwgEYKIrOZ2qo1RPaIVrNhms8=,lound.ai,lound.ai
477,2026-09-07T08:33:31+00:00,best-voice-journal,https://vertexaisearch.cloud.google.com/grounding-api-redirect/AUZIYQFW_QEEwh8-h4TZSaoA0SFsSgqJCA_ACIaIQI0fk2yCGn4HSx7FrJT1vvvoakBmdYlIRU6l0sn3iH3U_Yp2u6dT3rtmJxPAyiwkeDlnhvW8MSXIZuUiEVY0c8aOUdxCm6vXxIKe8MIHweXf40DxhQ==,journalinghabit.com,journalinghabit.com
470,2026-09-07T08:33:31+00:00,best-voice-journal,https://vertexaisearch.cloud.google.com/grounding-api-redirect/AUZIYQF_7fFvy3TolcS9AHARCvZMNo-9Ncg42l_FHKQdq8NhGj3bD4d6IdJeI_Z-5bm2B9lmJceNAIk6kSoy-LXxLUmfeIr0cTglJVQVITtdcAKpCbNeKeR3CU_Fb3LY45-JbEjiD6LVichFUgkpLw==,lound.ai,lound.ai
485,2026-09-07T08:33:31+00:00,best-voice-journal,https://vertexaisearch.cloud.google.com/grounding-api-redirect/AUZIYQFgqPpnG9Gbnlf2t6m-UcwgBW_m4lSb8DH0UOn39pahloJeBeY4K4uC6FNHpnTs2hqVJNuhRIDojjf_s0oCBDss36CdpF9PkVwYdN6_aGBVHbpW8ZKUG1tTXtBWB59w4k6CWdNgElXZ04t88_oaqWw=,journalinghabit.com,journalinghabit.com
486,2026-09-07T08:33:31+00:00,best-voice-journal,https://vertexaisearch.cloud.google.com/grounding-api-redirect/AUZIYQFgqPpnG9Gbnlf2t6m-UcwgBW_m4lSb8DH0UOn39pahloJeBeY4K4uC6FNHpnTs2hqVJNuhRIDojjf_s0oCBDss36CdpF9PkVwYdN6_aGBVHbpW8ZKUG1tTXtBWB59w4k6CWdNgElXZ04t88_oaqWw=,journalinghabit.com,journalinghabit.com
472,2026-09-07T08:33:31+00:00,best-voice-journal,https://vertexaisearch.cloud.google.com/grounding-api-redirect/AUZIYQFnHDdoz-Z1VQhFbaNH615cYKtHSXPIXc2uaxFnl6G6zq-lKtZorsOtN_nGWSSnC2RT32Xz2H2qH2lECqUdWiebs_6jKU8rPyMtkfNP07m5xF78Rlz-sk0FNC9BWtQT20LTFiRSW93Qeg8nMXQfv9usumKuP1T6ESclMgEGCg==,apple.com,apple.com
465,2026-09-07T08:33:31+00:00,best-voice-journal,https://vertexaisearch.cloud.google.com/grounding-api-redirect/AUZIYQFzidhKUmjA0e55ABXEzFnOPq83prxHlgTCPH_8gs1WEl0QWJBzO378FQ1W9rhhd3vhT3KT2R-wgyK4_63jOHneDwEV23kudZU8ltu6Pt3DBuzGszW9SfGoV_Dt9hjdU3-ipdeafmdEpdNvdVZZ0PBlLKwnVMNj,lifelogdoodles.com,lifelogdoodles.com
476,2026-09-07T08:33:31+00:00,best-voice-journal,https://vertexaisearch.cloud.google.com/grounding-api-redirect/AUZIYQG3vbEVP5entBMzmBhovOh78qOw4QD8Qluf4Yjq6Weusf0sNhSKfFykR2wehkJFYtYa1oj7n4iA2IrmmUzQU19-sLCzvSk3Di1dDGcJOpVQeYu3DUFCwFoXyu4HGuduFPbA27WmDAsHYv_ouPwPUX6_KFpf,clairecalls.com,clairecalls.com
487,2026-09-07T08:33:31+00:00,best-voice-journal,https://vertexaisearch.cloud.google.com/grounding-api-redirect/AUZIYQGUX7TDgCfSc32tlw76LqPN6J9IRP2FGHvMoeVltM-We3VWSlt7IfXqFkuX0KjCA_BSGuZvHrkFQIc-AZMXboLx-bnI2YbLPKyivprUCEzaGRjf-H5HuXJkWPLGIGKiNQBe6iiU9qaohq9GeSPc04XlWIg7UUQI,lifelogdoodles.com,lifelogdoodles.com
466,2026-09-07T08:33:31+00:00,best-voice-journal,https://vertexaisearch.cloud.google.com/grounding-api-redirect/AUZIYQGXe-wZVuuXmGwr6gaqU7BUySGLqStP0GuTCTNhn1ZeQW7yQWdVgRaNsgwrqJM6UeFOBi7QPT10IblONO-ygyJYd0s6WyZTFp_TkTVJjtLWARSJQso99_SuklLttB1hdBEcCHSSuON4FAwCAjs=,lound.ai,lound.ai
475,2026-09-07T08:33:31+00:00,best-voice-journal,https://vertexaisearch.cloud.google.com/grounding-api-redirect/AUZIYQGbecyJVlOVRzpykGDS0bPesCh8MGbYsa2p5_a9ICsEwjsbnqCzL6inySLn1YfgxrjTRwQ-JhUeLnD-TqohcKYsFiJnqt-HfiAVNKZlawU5hLACOKEW-AXN4ICV1-FW9Dk=,youtube.com,youtube.com
479,2026-09-07T08:33:31+00:00,best-voice-journal,https://vertexaisearch.cloud.google.com/grounding-api-redirect/AUZIYQGpFcbUtg49kN4wjkT2SOaU3yw4SJ5u3x4hxY1JjC2X7zBfWaVu-YLPcyZNTl5kVDXeAk3IbfYiCjeTrY_H31gI8i0O-weRopznZ5gEmhaJoZ34PaHeQx7HewLFCMlQ6I7rgOgi03DcIG9vkncxpB_uyi-pkg==,knowyourethos.com,knowyourethos.com
484,2026-09-07T08:33:31+00:00,best-voice-journal,https://vertexaisearch.cloud.google.com/grounding-api-redirect/AUZIYQH1C0oqkOL2XOuUSor-nr5FK2nSmTElF1gGH3aLyHWPe7koMBm5MM_cHre-sA7W3evSJV1HeKiX3iVXLnCu7uOaftTRIF-TBGVvV8A1V2pY9zuPuIQ3WmohK57tS4LTKKgHlo2DPFEGVT05ij4=,lound.ai,lound.ai
473,2026-09-07T08:33:31+00:00,best-voice-journal,https://vertexaisearch.cloud.google.com/grounding-api-redirect/AUZIYQH_ZTJjLGTARU6gYWIieuaZnZIjTv3n0ldkxBOGg9_T2osDd93-xAKie54hyIpXiRtTF1EnHUIbpOkTpuCmWBNPqhexQk4w_MHZ-EHsUWC7LujCLZHkM7zhRECDC6TDNC2D,youtube.com,youtube.com
467,2026-09-07T08:33:31+00:00,best-voice-journal,https://vertexaisearch.cloud.google.com/grounding-api-redirect/AUZIYQHdtZicEtKsZmXI4HY0mh4fGEG0ZkZ0Szc4u_bM7agSFqkixwQ4GiHnR8e89GgepN_htQ-TtoE61OGh0p7a5dZ3_QPWZYTb8m-IA2L5jnZ73z6E695KFCNnXy0GxanpwhY8Uk9kAH-8_S0lhFKHuAc=,journalinghabit.com,journalinghabit.com
469,2026-09-07T08:33:31+00:00,best-voice-journal,https://vertexaisearch.cloud.google.com/grounding-api-redirect/AUZIYQHdtZicEtKsZmXI4HY0mh4fGEG0ZkZ0Szc4u_bM7agSFqkixwQ4GiHnR8e89GgepN_htQ-TtoE61OGh0p7a5dZ3_QPWZYTb8m-IA2L5jnZ73z6E695KFCNnXy0GxanpwhY8Uk9kAH-8_S0lhFKHuAc=,journalinghabit.com,journalinghabit.com
488,2026-09-07T08:33:31+00:00,best-voice-journal,https://vertexaisearch.cloud.google.com/grounding-api-redirect/AUZIYQHndCBZ6AUtGehVVPYG0XedLGrQxLgxWoFt38Asw9a5bqbqHJmCz0eq9bbF7KCrdgh5Y3gsKl2IJv5Fc_EIfupQCuYsaT5zzCu2ZNOwJTwJlYZzm43zLy7kevYr6yx-XNmjtNuHcJbF8nc5sY9r4XwrVI9epTiCEzNqzlVtmbOMcXHttLVZ2emXipceqc5vfyeBNw3kkRWU01qxGDUVw8HJx0I=,medium.com,medium.com
575,2026-09-07T08:33:31+00:00,digital-twin,https://vertexaisearch.cloud.google.com/grounding-api-redirect/AUZIYQE9i9odHjlzUhZS0m5F3E51pUoQliUvcYFdl4QtPcM0cgFiSOkp5Fgz2c5iVzw5r2DZjr43gRD8NyIysVSs86EtKjgxVh17WwinBLGifaJrwTUmrfEcCRyl2FxLIS_eFOfF9a5I,mylifenote.ai,mylifenote.ai
588,2026-09-07T08:33:31+00:00,digital-twin,https://vertexaisearch.cloud.google.com/grounding-api-redirect/AUZIYQECioQ-dihxHjGwxqhvfxJTkjHb0mybv3QC_xnGMe-osRDiPXSjnVl9E6wwLKaJfjbRFgkc6053xejtqEd5DfaNpmmLzD_GC-sYBdPM-9cPOGxK_B9ome6QmVv2byd3i9_ESQHZZvyJno8RX0qapTQq69ZtvrURgCxoBeK2M5929A==,rosebud.app,rosebud.app
594,2026-09-07T08:33:31+00:00,digital-twin,https://vertexaisearch.cloud.google.com/grounding-api-redirect/AUZIYQEE7cJnr6xqvI2P_QuliAhWOTV7cxkgX7CHWn8vQNoFhSlMe5PjLYT7I9jVfksvmjwUldDhgosfVIMapJAWuZMTzb7hCnIBQjp3I5BtzxIkx_Z9FGnjp7eEqkJif3NdO5gQR-ljo4b9x_IotgKMHnp05p5rNKNOnLHsbMJhb5MXK4RkKUtZeovtZLKe1VY6CBYiGg==,socialmediaexaminer.com,socialmediaexaminer.com
592,2026-09-07T08:33:31+00:00,digital-twin,https://vertexaisearch.cloud.google.com/grounding-api-redirect/AUZIYQEF_cbtrQJ0mOvGwPyI7RHXuPmBO6aGAxXn-H_nVZf3ZnYgxIvXSaJnbAp927TXjrRTvUbi-p7OJSR7yNmPU99aFhA7ziCpXFRajRQWCqXq3HA_qVdqkJwH-9Qmx0QulrFJhYmDbCQ6XbONDeJK6TGlzHbTXd0Hg1Va,personal.ai,personal.ai
568,2026-09-07T08:33:31+00:00,digital-twin,https://vertexaisearch.cloud.google.com/grounding-api-redirect/AUZIYQESIcByyx8TLRR6uQfJMJSOSXs1ZROditBuMg7ta9V0QzKitEO24Td64MQv0JCDLa0AoqTBMa1Cq7FFLoUFqv3JR0MbeznD95qOpXUaCO0-MdvZotIGwrP5vI0L36-xiPzCaSUXWe-q7pls14q6KnKjHfMI5rLTIYfYQxyG98hQ08Cbi5Vj-nU9_fJgFTb5VVt3AGLlNhxEeA3VFQOtFNOvQDE=,researchgate.net,researchgate.net
593,2026-09-07T08:33:31+00:00,digital-twin,https://vertexaisearch.cloud.google.com/grounding-api-redirect/AUZIYQEYAHUygVNH3OJyZIayKdEG0T4wL44BQLsei6ZjAV8vT9NtoUBjRFi5ffLA_VRxwhI3ujnRBtoP4wN0u0KSRJzT0Dtsl3MirDZ5YCoonailEHfea72aFWGQJbQxvSZFA_cJ6aMjrtIGq3jVIpvPj1cp1k53dBR_8a8ujxfOj8qx0poy2-XQ3frU-6h9bUBfcCJeLfIQnv-oNz01zQvaAcookw==,tomsguide.com,tomsguide.com
584,2026-09-07T08:33:31+00:00,digital-twin,https://vertexaisearch.cloud.google.com/grounding-api-redirect/AUZIYQEbYVoc8zCpBz4yuSr0yCMnDG3qGwzp7RcJDeIreMb-BvDuM4bbuaOdeM3DsXQ91yK7nxPucJ_sywsdd6ZE3UGW9uHFZlYgfc_HuOv1KJEhmZJmKjWcB2OR7HyHoLvCnV_xjVrpcxJF,nih.gov,nih.gov
572,2026-09-07T08:33:31+00:00,digital-twin,https://vertexaisearch.cloud.google.com/grounding-api-redirect/AUZIYQEmZ5UjkgdLBvtXTqM34MuMj1wAg_1ALwc30mOnksk78Gb7Z17X2ZDa-hpQfMO-uwq4Gc5jctBeJYA7rudOfy3sdyS6nc37Mu4U5NM0NSe53-7wEk7oVjNUSQAC5_Up,everybodywiki.com,everybodywiki.com
565,2026-09-07T08:33:31+00:00,digital-twin,https://vertexaisearch.cloud.google.com/grounding-api-redirect/AUZIYQEtNOVgs-wLlE8pY29_bDt3tJ6yX4_YQbaJ2p_esUE53XVXPTJfSPlgVcxGZsQZgn5a7hnW44yIHJhD3LfgKt0Uo9VHvAdtBXbcpEEkzLL-5GS4wOngOcPW2g==,arxiv.org,arxiv.org
581,2026-09-07T08:33:31+00:00,digital-twin,https://vertexaisearch.cloud.google.com/grounding-api-redirect/AUZIYQF243uDj1zePll8upp49VHEdWzI_tqr7_6ilXUZ9Tf22IoX8FXVM4xABB3TyKY3j53Z8jcXsIrcdV0K8loJsI-K-jauFZ_TTeHNvaA8v4Y=,getdailyvox.com,getdailyvox.com
589,2026-09-07T08:33:31+00:00,digital-twin,https://vertexaisearch.cloud.google.com/grounding-api-redirect/AUZIYQF2aeUUQ05g4K8w_2T8UoEJ5BwfpiXO3LhIqYWGLA0GTHRKZ_2hONNeQeASY1BEcAaunzHyjbHz0jWBFone1QRTEcfsoNQHVtVOpZNnCDXjVCgc3j79q_IXuibE1gH-QPPMbQhvsBgm,memexlab.ai,memexlab.ai
577,2026-09-07T08:33:31+00:00,digital-twin,https://vertexaisearch.cloud.google.com/grounding-api-redirect/AUZIYQF6iaH3i6m9dA8txYq9bIn91H36HFuYNAv8dzyqMLaIfdcyALJBE9HU2RZCahdR-oRe3f7bDDYghd9gwVeNQ1I3btjlaKufUaOmTZRhEbowTqs73al0QNalAkvyCzpri_s364QVWJQ=,getdailyvox.com,getdailyvox.com
571,2026-09-07T08:33:31+00:00,digital-twin,https://vertexaisearch.cloud.google.com/grounding-api-redirect/AUZIYQFLk_N5E9K5u6xO0AAukomk8M_IEH-HZicbScPknfPYyeBwjun-avqsjKbZwboYwN6cayBZPs1q_2DV0XNlL1vWBT8c__D9sAYbJhVe5t79XKmxATLAlcIwes6zL9MS0FMT7b8FAKoEqnx0ATpADsGh0gIKlLoWyw9y3Mt88oTDKALb0COy8SGX_08gG9yCLWhkEXuH2q7WDcUM1uSTPgR8lgGJE1K4medxJBChG4DTZ3BJAynIplHBLKgVva4gZukYbylwvLK3beO4uHtl,refreshmiami.com,refreshmiami.com
583,2026-09-07T08:33:31+00:00,digital-twin,https://vertexaisearch.cloud.google.com/grounding-api-redirect/AUZIYQFN0i8jOqQnmxWjfqK_ZGNfSkqSrB3m88jWBFsrDejLRMOzaBzcTAQPYsUOJYRMDOXXKqnbgNDRRW0Fky0i5-fwwVhzD37KIRDi2c_9R1KDiValwz9A8fP7UkYqcAN1s2a53zeu4NE=,getdailyvox.com,getdailyvox.com
601,2026-09-07T08:33:31+00:00,digital-twin,https://vertexaisearch.cloud.google.com/grounding-api-redirect/AUZIYQFNfqK_0u8fCW1aR68nRL7P9u0ql65ItGelUtRoVj3MybUpsdhhVuMvgii-jWotkOFYTjVQ4EdYZWdjmyZ0Z0Heq6x00ICTCVV9wA==,mindsera.com,mindsera.com
574,2026-09-07T08:33:31+00:00,digital-twin,https://vertexaisearch.cloud.google.com/grounding-api-redirect/AUZIYQFPPH18EwBo4rQV-mqXaritf4qkerXqHItJyER8c0BbxMifS-TlX16BubI-8DQgpi1ffiP2cwjGMEofOnlM4T45jALAJnqwzIzfyGU=,mindsera.com,mindsera.com
604,2026-09-07T08:33:31+00:00,digital-twin,https://vertexaisearch.cloud.google.com/grounding-api-redirect/AUZIYQFgRRjFeafM2uCKdNk6qDHH0wWtyhQ3v2f5aKLy-b2v2wRMwUmtCU7D8y9NnCFVcI-X4kFhGX9088U8qwNVPuPuXqslWJ3wdipAxNdC_C24_Zg4sP4g_0X5Cp13LnG_zeb6CynwfTlNwTrXcBlVqM69xP3ycCIFef5WvP-ahamhBikn59_A4RtDBMOQuotpL6jv6Zfureg-ZwhFl9ZyYCIlKWY=,dev.to,dev.to
590,2026-09-07T08:33:31+00:00,digital-twin,https://vertexaisearch.cloud.google.com/grounding-api-redirect/AUZIYQFjJnoFCTxH5D33MRzmokS0ryn35nyHifu506Qwtxe9aBcH5L50l1WgMLq3Zl7w_GZ8HP5clsxH-y-3IiwQk3b1r5hS4cukxYBHnQ4=,myentries.ai,myentries.ai
567,2026-09-07T08:33:31+00:00,digital-twin,https://vertexaisearch.cloud.google.com/grounding-api-redirect/AUZIYQFkmLGhvLdPQTixZz6LUF5gHZKDrPUSwmdi8VRBo5rjF3a57FZpQHdbbG0rULt3fXkRT94onhYMiH0Jcg0WcBgbR7l7Lzr4TdGebyXB5v6py_AHF8WWmrRILXGTtGFw3OdF,youtube.com,youtube.com
596,2026-09-07T08:33:31+00:00,digital-twin,https://vertexaisearch.cloud.google.com/grounding-api-redirect/AUZIYQFrfBeS67FHCuzrWI8FGppf-GQu1ObTfK-eiT9GQsDw_J-ITtP0dT1Lin6Gfyvs_MW4gTLDdtWgoBSJfGaUeaAe4vDRkxdbdiXB6TFuDJgehvHfT31g1TDGuGB6KJmlMSwhNEYygU2un_HfkiAgU6hZJtWkyTm7tMwkxKfMIEVrPCiMaSoboeHzqsN07vPNPnIx_rt7DPnmkAFlFkA9KYuQbQ==,skywork.ai,skywork.ai
603,2026-09-07T08:33:31+00:00,digital-twin,https://vertexaisearch.cloud.google.com/grounding-api-redirect/AUZIYQFwtZ4KwvG03BXj6v1c15OXgOh_PUyuA1bAfsIp_xizO0kv6ADS8kjheJdbETBW1EZCmMyWa1AC4oUdbRRGRefspPHOYZsd6iI9rbj_GOiWwhkhNKucxbk8O1KSMk5AfgMvkyrPCQ==,getdailyvox.com,getdailyvox.com
570,2026-09-07T08:33:31+00:00,digital-twin,https://vertexaisearch.cloud.google.com/grounding-api-redirect/AUZIYQG58d2aiwlr2ziEev3P3nRFdRy_HgQTi4uoYbEQA-J2KlDjguOflY5yA74mH0bR-hEshCQEKSCfnDXgnFhyT_2V5sSM0tRlAcrsozzCQIs=,mindbank.ai,mindbank.ai
578,2026-09-07T08:33:31+00:00,digital-twin,https://vertexaisearch.cloud.google.com/grounding-api-redirect/AUZIYQG5BdMdOWvvUjL-tXAkQnGz9Y0G2GDj5G6V7Kld5ZBm3xaeCOl-k0m0TLyoMqT-uycI5QOlm6bn-k9GPbYNYfyQWmpevjo6XHgyatV-o45EbKY3f572,nashaniva.com,nashaniva.com
598,2026-09-07T08:33:31+00:00,digital-twin,https://vertexaisearch.cloud.google.com/grounding-api-redirect/AUZIYQG6UQl1ZuAYJ3tv3aKJWvs9VMYgyKE4utGe2cy6HNzARgFjVDtKLzNu9rZm8khUNl1WGeAPSVQdhjTKwkF1pVapVd87z5PkF-32naeY2PlcyV3YmX6fqqtoc9djc_jojR5L3yw-olc=,memexlab.ai,memexlab.ai
597,2026-09-07T08:33:31+00:00,digital-twin,https://vertexaisearch.cloud.google.com/grounding-api-redirect/AUZIYQGD6LMW-6EuPNrs2noxz4NHno6oz2Ie3kHks6aQ0KJ2oDM2cHcc3cmJQm7lIucmYissfTIriLJJ0CGbh_IbDCKzOtbWkSszSEOqyk2i,delphi.ai,delphi.ai
573,2026-09-07T08:33:31+00:00,digital-twin,https://vertexaisearch.cloud.google.com/grounding-api-redirect/AUZIYQGExHKHmBb_yC2z3u_4Gc97yiFFj3vUHX9o3DiMPp20Qcgn4A_JPippibu0eXE3wvxdwb_bLPMC85siwJ7Z1YZhJswlphenaUTTNeQ_0115ZHiuoo67I-FWvtqwwHMMr6SCPUmeWBc=,getdailyvox.com,getdailyvox.com
602,2026-09-07T08:33:31+00:00,digital-twin,https://vertexaisearch.cloud.google.com/grounding-api-redirect/AUZIYQGFMbSTSQTeUc8JeIYpk6TRTYiHieo-96TgLiKJYxwieB5BUTj-zfXJpLkE1aYUTbXtJUlNQImG-YrnxQcp4hvGdqz7iBlmvEJg1N_jMQ==,chatjournal.ai,chatjournal.ai
591,2026-09-07T08:33:31+00:00,digital-twin,https://vertexaisearch.cloud.google.com/grounding-api-redirect/AUZIYQGHoSdGAJE1ViN7wjthvpLlxVcv9iAiU7H7EQ6JKKuvTm9Y0qhbzuoyq0j3PoKSTNt_g2jBb-5sAlvw7vvF-nxi5EgNsXeCpWCPYNiev-kRz-hZvHRls9M93oZcS8ZNJJTq6R6JZ37PnCdfxvE=,medium.com,medium.com
586,2026-09-07T08:33:31+00:00,digital-twin,https://vertexaisearch.cloud.google.com/grounding-api-redirect/AUZIYQGY-u4uNI-h-bye7_0msnpozluddAl6GaG-WS0z51OjSz-eh0dUYL7os_RT8SUxhQgpegcyB1YCX0raBW6Kj5hsVeTKnmSUQmgUDj0DYoITlpsO2JcK-xMRdBM1ctbm880wg7b6aZDuOEvtLGviij1ly6M5wGxE,makeuseof.com,makeuseof.com
595,2026-09-07T08:33:31+00:00,digital-twin,https://vertexaisearch.cloud.google.com/grounding-api-redirect/AUZIYQGglTkKJvjIrvcaaOJVlGL41ww1JKRm3ivkTi9BMip0awYHrJQrUTQ2bUDmvm8VOkPTtJzkxDpA4mZJcpd86Nb12m9oYt0ROlSS1rJczdJrC6_B7VVoiotrQwU3jmblg_I7R8NhiMX9Sj37_xHFJo6R_vpo_aWSSNOAHw==,delphi.ai,delphi.ai
576,2026-09-07T08:33:31+00:00,digital-twin,https://vertexaisearch.cloud.google.com/grounding-api-redirect/AUZIYQGnPYM6D2T9DR2CFFyWgjlF6W4mPDQGGXy7o4j6hi__N6-pkwJT6fuppWgd5qAmOlCGtEuntfo3qKuleq3qaMyVidGvDAw3DWqmGY0wwAfHZysKMhIL2DSgX3UpKpnqgJM1scjE4jYX,memexlab.ai,memexlab.ai
600,2026-09-07T08:33:31+00:00,digital-twin,https://vertexaisearch.cloud.google.com/grounding-api-redirect/AUZIYQGsXjrs9O6NtQpbQqGd3klk4sOe1jEMSpkvBFA5PBnMc0kTd6naXGn0je1kSPNqrwW-Ds_qgTxyplKDjMpF7MXiXk3pj4y7iYChxyyOc75Zi17pPq35h6iyQQ9n_xuf5Tm5dWoY518QPf-IKRPzdn9q1hGs7VsUwKe8P8ZnR4DNXAq_4w==,google.com,google.com
579,2026-09-07T08:33:31+00:00,digital-twin,https://vertexaisearch.cloud.google.com/grounding-api-redirect/AUZIYQH-uSynY0zg9oXxeE1EeUcKKf6zWapVxDz0PVge2UZp9B_b0nkb9fmgDtOh5ijNEPDOkp8s6AeJPJmRwkat76Uq5Ag4UMRC4jZwxcHXoF5F-CDoUrfK7DpRqjktgp8znNFGFPbmsbiuWbFirUdSkcLhr5rU9lEfggyv8ykzbNtDx5vx6TALWvEtlknJf9RdrI74DNIRMJvIyCzwMn9Hg-SPnw==,tomsguide.com,tomsguide.com
564,2026-09-07T08:33:31+00:00,digital-twin,https://vertexaisearch.cloud.google.com/grounding-api-redirect/AUZIYQHGWCptfW3bc2bbzwgEUAlXP8hGmWqUsHrkjoCwsL3_UtvAOd4IXGNX6-HP5aMe6V1AJM7B5Wqrk2fRo8YU_kwS-iJ6XI4f3p6hfao5RfyT5dk3lu6yy-xtKkIJAKQn6nNCnrM=,getdailyvox.com,getdailyvox.com
587,2026-09-07T08:33:31+00:00,digital-twin,https://vertexaisearch.cloud.google.com/grounding-api-redirect/AUZIYQHJviG8FyH8Fl-GYkU5_uPO62cXPscDtP32TzZIh4wdSIYHUZDtYIZV8C3EvMkhrV8dKsH_U2xtZNWij0VTAo5Ooie8GB53XW5cFQqIzcpyELdwVOw2iPgv6WTScC8ZPDAm0Az2ez_7rXapSx-1OPQj_dJ_HpgqUwyV-zq-_BGpmGDc4UC_8hYMK5_BkQjGITv2bzjMSK5yTR4FTmJOEx4Z9UmH,singularityhub.com,singularityhub.com
582,2026-09-07T08:33:31+00:00,digital-twin,https://vertexaisearch.cloud.google.com/grounding-api-redirect/AUZIYQHKtIIjZ2jBAM4pb5CGETIHyEbuR1gHQd7TJ3ncgzAnAOKKUzCl2lamzx6EGxnMq4Gsov0f58dgnYqrs3IAKeuzgnG_nbnZ5vTl1GChRvvlUZ8=,getdailyvox.com,getdailyvox.com
585,2026-09-07T08:33:31+00:00,digital-twin,https://vertexaisearch.cloud.google.com/grounding-api-redirect/AUZIYQHZA6KkPjMyIzajQSTTvxUZOxTEyiulf7sH1lyZkFEcqI0N2KGCVGfqq6bRnjEVw5_ByaCXjk9eUo8ZEvScEMV-0XK9YtkNhbsMXUbGBdtBKZg-PcZS35jYT6bWnDaJpBnfqarzd9eZDgPoyY3zq-TEBgbNiinHnSIvu-GxEtc2QJo0lue4i6MsG9ynAZOo_30a634U8C9j1FYmDyBBBw==,medium.com,medium.com
580,2026-09-07T08:33:31+00:00,digital-twin,https://vertexaisearch.cloud.google.com/grounding-api-redirect/AUZIYQHbKprQjyR_Qtwwk0N9_GQgosK9koqxELOuuM_k5hGPTkW7qbGXBL39eBcHDLe8qPYZ-jRNITyzRItNQeSd_wRzeNjqlWdJa0MwW9Y1FmpY8XGtNaw14whJXA==,arxiv.org,arxiv.org
566,2026-09-07T08:33:31+00:00,digital-twin,https://vertexaisearch.cloud.google.com/grounding-api-redirect/AUZIYQHpB2n3b5ZS6esDQkj_zVGbwZS3LIdZeO17I_2_CmdPtfqFbjwlKbMBqpIMREDDjPDjG0_9YYWTC76lM8dQIRF7koRHdQ8m8mbhUKnUy90gShkbnUV604sw5PV7u6-mO9xv9Y-mozaeh_tYtMwcCDX3FjOVasdFnmKgj0G3JJl_JW7ddEKyeNbRVE7E0yOMYBMGwJkoTqLCEoyoha7bBWp1Qu3mZM-h922zH2VwnNUQXymGH6qLprbUo8m7_RASQ45BNM4=,kortical.com,kortical.com
599,2026-09-07T08:33:31+00:00,digital-twin,https://vertexaisearch.cloud.google.com/grounding-api-redirect/AUZIYQHt2YkGU7BGUafllenERcxL0JjCNSSlUeFkQvT3AbfGfQHRwD8iMqdOGyPqvWuGtXmVwMq4Y7hzOWNDhzS8YyBZkIwHXJU7PjSeV3-yt4MjUHtl6wkmhJO81LuvTXXnVjX3KlI-zNgxE0Z-kJOjbz7JcoEsN8Vw2AaLOpmH0eFipw==,rosebud.app,rosebud.app
569,2026-09-07T08:33:31+00:00,digital-twin,https://vertexaisearch.cloud.google.com/grounding-api-redirect/AUZIYQHxsNNQ79cefdXHWmPuRLkp52k-6ThOUW4UgmNyT5LXqlDIpExvdkcJTK5j13YT3swrDxWgyEBrjYGZO8uvo5lBBRE_L6B2qEv2Q9mNjuawlbCNrkoAB7IGnDoBHDflzSKq6sAkja7gd2DUxXwCEEADsT-IRL_Z6nqnU8OVI1jQWipszg4qh4-9_NoyEQ2ASkEUQmwrrYhRZ0AE7KCF1YNwgcooUp315ZDAdk5QyKezSA==,medium.com,medium.com
558,2026-09-07T08:33:31+00:00,on-device-ai-journal,https://vertexaisearch.cloud.google.com/grounding-api-redirect/AUZIYQE7zdBYazEY621B7dHQUSpNI5x_HElU1vbvyzlukqb6n5LWo6ooKIDI9lXG5fWi7zLZD0AWGo_m_UHM31lrZMy2MknhobX0p6sGrAUXnuCWqXjys_ep_DxPmn0e8U1DF_jXeno=,wikipedia.org,wikipedia.org
540,2026-09-07T08:33:31+00:00,on-device-ai-journal,https://vertexaisearch.cloud.google.com/grounding-api-redirect/AUZIYQE8UtYhpOZ4mDbLdi9uWaG1GD2eVsR9G8uYq1Q34NAHE0NV2z8LLjsqlJzQ6o8Eyn7p22VQf9MxP23b8668S-tbDUuFuON5qoy71ug3rQli9tvswMuY0LyaxwuM7Nx07GBLk3y9xsoS28cyUTw7OUFpJbAehRHMYVnryQvjyU10sZx10H83t1uyfjTac4ffAi95EeuDZ3igmw==,reddit.com,reddit.com
544,2026-09-07T08:33:31+00:00,on-device-ai-journal,https://vertexaisearch.cloud.google.com/grounding-api-redirect/AUZIYQEFOE1Q5mrdX3tTVKXjg8ox9HJtJxidoJbtPoXCjCTkT6V0Ly7NrvwYVIzwqBdTSEn-0Z40rgMTJmKmFAAanps_ZJxqaYBc8qv-WDpYPn3cCbynkhx4gqxULZ4voktKIJ_buqeLs38f6uw=,journalpersonaldiary.com,journalpersonaldiary.com
526,2026-09-07T08:33:31+00:00,on-device-ai-journal,https://vertexaisearch.cloud.google.com/grounding-api-redirect/AUZIYQENPzlzV_ygs3cO9g4hiTUxu_h24CrYJvDyjbZER8uQfmXXTVA2Tphf0pekeRVnG6Z5DuTALAzGOij1-L4_j7dbGP4GKGp0ERlErjI0O_7xNS6qQpR9LwIj4Yx6vyON89JWilvayfqegbf0myX2Uf8TR-0Zk4KV5QTEVpM4ro27z1aLwZNsNA==,reflection.app,reflection.app
543,2026-09-07T08:33:31+00:00,on-device-ai-journal,https://vertexaisearch.cloud.google.com/grounding-api-redirect/AUZIYQEOkhuNuai3X-3i83-U6NErQTgIZYRyZihlEevC82wCYpLNayqArSb-2p9Iy3kF2SpgBSCMdOkA91acOHOd1V5l5TagqvLqJ333b0RGex_hUSSmT1q24VCBDCDR3np5WKmBJt7V9yGMrDeVSeIUG43Q4m2vmkppd--5rPXe9EV2oTfQrWz6wZIZrG7SRuvY4JJC6vmMQ0fo5dIeUT2wWDxCK0-qnkNQ26xjpQw=,medium.com,medium.com
541,2026-09-07T08:33:31+00:00,on-device-ai-journal,https://vertexaisearch.cloud.google.com/grounding-api-redirect/AUZIYQERVKFylp3qm5SgPmJGNTsVwXG-UtvWHmjS2qOi9kKdJR6b_zm8azWqy-M6xAN6FcOWNY87aqbPK3MD8cLuSVikExeklpvqVA1CTxUsUb-DlZoeR7X1UuqOtWB4tBce8yVr__Uk7w==,cozyjournal.app,cozyjournal.app
539,2026-09-07T08:33:31+00:00,on-device-ai-journal,https://vertexaisearch.cloud.google.com/grounding-api-redirect/AUZIYQEZ71GNeNZvLE2AX9HKWh8mQ3TcAoJmvAvsMF8znuSAs1TIqmgewTKxrDBUtEmQSGmpM8IQJvi_zQhDwec0MlehXuxCCCwWEN7jM1ycNfm-o_N-TAJZxsASgwZ4fb24Q2otZ0jz5Wzl,goalsandprogress.com,goalsandprogress.com
556,2026-09-07T08:33:31+00:00,on-device-ai-journal,https://vertexaisearch.cloud.google.com/grounding-api-redirect/AUZIYQEakkbLoegVeeCtVoHNxgeA5WxfIDRlSOrgaADNZD-XyFzytnJXZJoQjfn8fhqXbJBTm0NQ9KUKwtmXFsQiC-mOIxb699bqBIHOxetdg5fLs1VLWnG1DPbgyL0epTSEYE4kkT2pAaiK-7hwwKqowXMw0ncjjgtv1XL0oxxSFOY=,rosebud.app,rosebud.app
551,2026-09-07T08:33:31+00:00,on-device-ai-journal,https://vertexaisearch.cloud.google.com/grounding-api-redirect/AUZIYQEdpym3bRp8SjzkPCc-lgZYoO5z0Cl9vo6PMyzr6SuAJ_xRbvPHwezhup14p-HFTactN6QJzqlPBlEcDEYVcMtIcHK4AP8UYiYWl_G3rUY4T8GBhsUI-TA-e-yLezlANSRjo4ghVIwfWic0f5JKPHUQzNU5mZJCgQ==,deepjournal.app,deepjournal.app
538,2026-09-07T08:33:31+00:00,on-device-ai-journal,https://vertexaisearch.cloud.google.com/grounding-api-redirect/AUZIYQEfSLaXkGaRnQk9jit0t17wCpVjUsiUDFxp8GHbePgSefEyU8f_zpGqXx83WdRoidFau_BIRR0y2BMXCe6xMweXahRRP-0lK4N3nIh1yA9k7LiMkhuSnfqKML7ltUw481gVbasXzrIRkwZZ_DVdSjDxDvTHH9OyNjCd2X8tCZjxMqTZYCy89iawPOoCsM2-AcWFZW855SneXnlBoaQEWjMOV1En,reddit.com,reddit.com
552,2026-09-07T08:33:31+00:00,on-device-ai-journal,https://vertexaisearch.cloud.google.com/grounding-api-redirect/AUZIYQEjQOrwfAm8GHI31KBGJJO-Ct8OPEEm1FA2T7pRioIqONC66hs1mWjOHri9m1zDRC_I3mJ7NozvuySu4cKmxYe0x3IBK5vvxR11NzvE9-XBQsKRn5iriAL30I6HnKdKwNmSGUNdh4eaRhjfuM9OlD0LLkg=,localaimaster.com,localaimaster.com
553,2026-09-07T08:33:31+00:00,on-device-ai-journal,https://vertexaisearch.cloud.google.com/grounding-api-redirect/AUZIYQEpdU4P5yZRsqUvtYvD1BgLlieYUhlLxkMXPzSTQYxUFxskcJ6TZCntywXHGk58ee7ZcRoHhM9ZryUWfOZ7OlcLQCSS2BwIPBxkb2uXHxcN8WgrqmtU9TDz_ikBdDLxnMBfI-Ozol85N6hpE7o=,obsidian.md,obsidian.md
530,2026-09-07T08:33:31+00:00,on-device-ai-journal,https://vertexaisearch.cloud.google.com/grounding-api-redirect/AUZIYQEt_KLVLb7WX1VUF4KGP8uKaT208ztpCSwfDeN1wpnQTwRcZUTp4-Gh3zBGcuN5B5WCc4mKNeAy57gN1Kn_E9OnP3uG8eGZCO0knsBg,journallm.app,journallm.app
548,2026-09-07T08:33:31+00:00,on-device-ai-journal,https://vertexaisearch.cloud.google.com/grounding-api-redirect/AUZIYQEwarVt742-xdpQBtSsk5gtS11clmpB1dMUdzo7x8SzYk1sw35k_rt6JXazPletdnh93ksbxEYsn6MbtexLSrFt4MlN-r4InDRvTJpk,journallm.app,journallm.app
549,2026-09-07T08:33:31+00:00,on-device-ai-journal,https://vertexaisearch.cloud.google.com/grounding-api-redirect/AUZIYQEwarVt742-xdpQBtSsk5gtS11clmpB1dMUdzo7x8SzYk1sw35k_rt6JXazPletdnh93ksbxEYsn6MbtexLSrFt4MlN-r4InDRvTJpk,journallm.app,journallm.app
529,2026-09-07T08:33:31+00:00,on-device-ai-journal,https://vertexaisearch.cloud.google.com/grounding-api-redirect/AUZIYQExEpAQJIdCW4cMCihVzm9UjJ-Qr9DlV97cK8p6sxO96fcuO2PI1VumwpqiBfUddr4A1G3aAml5wC2T_aF-cftBxnx6Wrgmlz4Vr6ZP-CCPuNerckfQaVBAoSftdJtfltPNbBEmZjm49zi_Rdn9RNTbxnSeZtjMDjwE3NSx66uEVMSZ--ju4riw3hsLordL6-lakdRCyP0uHnT744WScA==,reddit.com,reddit.com
534,2026-09-07T08:33:31+00:00,on-device-ai-journal,https://vertexaisearch.cloud.google.com/grounding-api-redirect/AUZIYQExkYG-rKXStHxQJ3I9g_RMOo-rMadGHV7Uaue-Xd9zIEfiyk_C9ZtBjk_N-WyEmvSIJZAeNtX9-sPS4rG6nHbyouPSjwO0m37EC4lDeM5G76JZtw1HIwNdkSkoTg==,memexlab.ai,memexlab.ai
537,2026-09-07T08:33:31+00:00,on-device-ai-journal,https://vertexaisearch.cloud.google.com/grounding-api-redirect/AUZIYQF-4F46d5HXVN_SVHdfJxqNmBTJiiTmzzKUmSEO1HGEHrnKnqGYclzb21SmjG0OyxJZowonuegPfzBUGQrnUP7G5oHlvfAy_n1kYbyfDS2zveNXusACtl2hUZraJbW8yf2_h1RELuTKx4lwXeWj,pensio.app,pensio.app
524,2026-09-07T08:33:31+00:00,on-device-ai-journal,https://vertexaisearch.cloud.google.com/grounding-api-redirect/AUZIYQF-Lebm_2X3-GJgKG8zChy7fDDXi219sXbXpfiIbpWOGzHIz4JwlVvoQ_AhWfsVCJ_ZlWnkksvYzZEqmCCbkZbY1iODMURHq_VtOyVxNqWPGJfHVOmMnKQXBaEAmyOJ1mC7mXM49Q==,cozyjournal.app,cozyjournal.app
542,2026-09-07T08:33:31+00:00,on-device-ai-journal,https://vertexaisearch.cloud.google.com/grounding-api-redirect/AUZIYQF1XtJQY1FNwdG4hEeQ50aoqjMIb8SjSKvou-yvRsFJJuMQGvzt-dmn5OzVxCg67RG-o2hnAVShNGzjawn5kMJwlR6T_OKN9sNLsdei16u1nqO9jRMU5KkxHsisHM9UMswXlaYfoPM=,getdailyvox.com,getdailyvox.com
531,2026-09-07T08:33:31+00:00,on-device-ai-journal,https://vertexaisearch.cloud.google.com/grounding-api-redirect/AUZIYQF901tm9JqYBtnq3gbE3Kcc1HItG-7xnroIWlI16aid_fkjEt8VbBVXe-oMOLABFl5gPmX1KWjg7Bw6ve_rLvP7YgNU1Gh0GPTpXhLjv-W0ZUsyPJydjAb6KU0mzCEV0mWh3-FHquHTnrBaoCEhcTwe2WKueCh7f30RGg6uuhaOgX_gUD-V6L1e0o3d3SXlpFGjpD5Kdmld,reddit.com,reddit.com
535,2026-09-07T08:33:31+00:00,on-device-ai-journal,https://vertexaisearch.cloud.google.com/grounding-api-redirect/AUZIYQFBlJJvYJOFWSY54fnvc0mIVHzm1We5j7uQ-zglX-MT8chkLm56MEXaC248LSYT4AGgs7AZ-sE3PZM2bd4CgQ4Hm0ym_M55YiaJeZWO0ajMdCEE_TD9P-V6hYw-yu5DRFGEtNY=,github.com,github.com
536,2026-09-07T08:33:31+00:00,on-device-ai-journal,https://vertexaisearch.cloud.google.com/grounding-api-redirect/AUZIYQFBlJJvYJOFWSY54fnvc0mIVHzm1We5j7uQ-zglX-MT8chkLm56MEXaC248LSYT4AGgs7AZ-sE3PZM2bd4CgQ4Hm0ym_M55YiaJeZWO0ajMdCEE_TD9P-V6hYw-yu5DRFGEtNY=,github.com,github.com
523,2026-09-07T08:33:31+00:00,on-device-ai-journal,https://vertexaisearch.cloud.google.com/grounding-api-redirect/AUZIYQFNH88EAwEkhqCwmyKBQ2NrRXUipLcB5HUV41lFHh0y1xT1SOFG7PKLqZhzdKG_LALi-SR34ANcLzV3UaOrCCUR7r5Jt8rL6C0Wiv4bGOa8CiNL47zGeEST9OtbHAIoZZvOUqrEHSRm3iAk8xAqBA==,lound.ai,lound.ai
528,2026-09-07T08:33:31+00:00,on-device-ai-journal,https://vertexaisearch.cloud.google.com/grounding-api-redirect/AUZIYQFeD32cKWSAMAqLbmQ_K79cVthfvZbsfQoCx83F55o5VTCeCfb5yh7wAYLR4l6E9PPy5YgiT40sRDU6syKRTj8HUMb0ZZmLQKbgdDM=,journallm.app,journallm.app
533,2026-09-07T08:33:31+00:00,on-device-ai-journal,https://vertexaisearch.cloud.google.com/grounding-api-redirect/AUZIYQFhSmr4d7wRkX9dwxrKuN5J6bGF-a_wgZWEyp4OT03TPXzZmNd74NG3q3OoP6dnPiNqSVHXzEOV4w70RhehFfxs_dowoed2O8yZ3riQFQ==,memexlab.ai,memexlab.ai
563,2026-09-07T08:33:31+00:00,on-device-ai-journal,https://vertexaisearch.cloud.google.com/grounding-api-redirect/AUZIYQFnelbhTatFkeedkGwUPHAYQy0jaLDLdV1p_i3wmnXCEGat5Osv1-MNRs0i1MQX6-I41qw-yd3t1xYzBJyHb0YWuGfptzjQHiQjyg-V3QtUBPb3OhutHlMvSL4hB1uX,dayora.ai,dayora.ai
532,2026-09-07T08:33:31+00:00,on-device-ai-journal,https://vertexaisearch.cloud.google.com/grounding-api-redirect/AUZIYQFub3VmbqMR7vwKd6TnmJktbaKN2GXFtb039zBwPwRMB4zfvyjG4JhpuSjlympDh7IFNaQHJcJrR0VJO8msdGV9A08b_kutlYWd2VIdmfkM2-NZIUHDHEPeHzVNE1NfX-qIhhIJHXPAzk_jIJ_EShEJGbslO7Y=,apple.com,apple.com
546,2026-09-07T08:33:31+00:00,on-device-ai-journal,https://vertexaisearch.cloud.google.com/grounding-api-redirect/AUZIYQFxYKsy_umLRfZ8ipMsV75lTAXZ0RadRty5FW_k7JT8yeB_WJ9K00AZIjJTypv9wctnylC-DC0ikBuW2xp2-ytFPjMC-atuOMqqTw6DCr18aamgoyPHjFnQDtV8xvsFqyPPn3WnAJJoe_7Hms3mMKiaB5Y=,apple.com,apple.com
522,2026-09-07T08:33:31+00:00,on-device-ai-journal,https://vertexaisearch.cloud.google.com/grounding-api-redirect/AUZIYQG8H-lE-Xyc6uAR-mMcKSJ5T4Js2xvRvEbFgDI89N1KzHT75eBUFNs0ibb_1YGBX-JQofKZpxlietzZ6v7CjYZABAR2_pwIdMlror6oYJ17X-B3gCo_IM0GODsU4wBYLVTwYycOze0Fz3Kx2Oz1wF396A==,reflection.app,reflection.app
550,2026-09-07T08:33:31+00:00,on-device-ai-journal,https://vertexaisearch.cloud.google.com/grounding-api-redirect/AUZIYQG95cbODQJCDtFfV3CZ8KD_lKsUyyDsjQUNaSoplP1cCb9It8bKZl8XaeVQx0RadYWamqPsbiBMDii9mlVql-Z2akzz6SUAEGGtyR56pJTd7qHf6Lnf9o2YPzU81UC4ZCNVPjZdrOsW2JrSHhWbDyFqHWVIuQo=,microsoft.com,microsoft.com
561,2026-09-07T08:33:31+00:00,on-device-ai-journal,https://vertexaisearch.cloud.google.com/grounding-api-redirect/AUZIYQGGHXKVPFlvdmcX4bk5JSV60JxdVTFRq8ENLpwsrr0tDaSwQq2572oCzlsHYDQlp4bT-cgo-bqEoftBNt4NKj_VOxKHfSa_jqekJ1lFk5XAYlDZaxiiMByMn929FXHGL8GcKvPoht0NHgVd170F_K8CXO7_qqSzobYo8ZIZ3nvJ4LxtrRrmWTgomIBa5PzRh1prxg==,reddit.com,reddit.com
527,2026-09-07T08:33:31+00:00,on-device-ai-journal,https://vertexaisearch.cloud.google.com/grounding-api-redirect/AUZIYQGNlN99lbIZB82wS3UFaYwbLPXDZF1TWkXILA0d4dM9WS8BhTiv3cUDg-KbZa96BAKH_5ZyfTY6gXx59hWBDGiUHYReTMtb_XVqMlUz0-5ToaKAJUzjbOUkAwidhGlZmPOON6htx_O7_gL3I53MjnRBxoWMXOMnjQ==,deepjournal.app,deepjournal.app
554,2026-09-07T08:33:31+00:00,on-device-ai-journal,https://vertexaisearch.cloud.google.com/grounding-api-redirect/AUZIYQGX_8Xc8A9N1CSNUyDQ8PduEnZvW7Un8u_zB50iyV6L50vvUX0HWoO9ViXpsUnfVJ3QUqiMvoym8jLiPMGHDJTIo4CWcl5rc2K1_hUK0SJAGCd3DDGngqvl__kPCVsweKEQpR7t5jhn8maT9AdfsAzu9CD05zK42-qGflzoP8MmdBavFB3vjdfzAlvKfm1vinxGZ0HRPUH-Bw==,reddit.com,reddit.com
555,2026-09-07T08:33:31+00:00,on-device-ai-journal,https://vertexaisearch.cloud.google.com/grounding-api-redirect/AUZIYQGYLN4DrCJZzZUkm82-AaVJg6cRBsPxkLQspryqM7Y_eX2kwlVUT3scWF7jf2i2cJxClgVG_xnWSWs2HycI9YyARWQNxLND6t3kGPoPQstFtiORWfqA8_Fkv09V0i1RgmN_CvFiT5Y=,memexlab.ai,memexlab.ai
525,2026-09-07T08:33:31+00:00,on-device-ai-journal,https://vertexaisearch.cloud.google.com/grounding-api-redirect/AUZIYQGeQE91OBRFn0BGpPyTgh9wdkIvrIgZyDFaPekNF85Rqbatczc-aDKCew3e3EKYshZgngAUU9RTdUu2IugIAupmYaaCp8Oi-U78miIqlMd0zGPfEiNePjDXtXrP7IzmVvgTa6_77nAdWc7IweotU5L5OQUfbR8MPQdZi8E8jLAKY0FjBwUzMSynIhCQKFVNVA2h06U8HvGmhy52j3bUlcbnEDytA1duLttgj3k=,medium.com,medium.com
545,2026-09-07T08:33:31+00:00,on-device-ai-journal,https://vertexaisearch.cloud.google.com/grounding-api-redirect/AUZIYQGiiOLtDRV2b-Hr75__gFv_IAIlVzoQbLUz0T8stQa0pNdKx2yGP84HpSf3zibGVo0r8Sh5GG9g2c3nFqi6Lm6QWopdqN5XV5dIm5w0jyoEOxSRiQVIcadcY3nD3dfu1xOpMyYEcrtdM9hVd1tl0v8iOYMHXH6SYYTzdgqMaQ==,apple.com,apple.com
560,2026-09-07T08:33:31+00:00,on-device-ai-journal,https://vertexaisearch.cloud.google.com/grounding-api-redirect/AUZIYQGpdK-yve5cxQb6LcdWDk-mlmPmmbOUiSS9q-Vhay05lftmq-B6NuNz9aOUR3esRSkj0DjyBKB78n1UFwiQbnD9GA7QIeO8X4TwXHi7lJsVGZADJfu_T4JqXv-SfZB5tYKhQudxFnqUpRX2sfPKxxjSLqegRMoUBcx49FvS,apple.com,apple.com
562,2026-09-07T08:33:31+00:00,on-device-ai-journal,https://vertexaisearch.cloud.google.com/grounding-api-redirect/AUZIYQHRzVs2091MwLtGh4YP2xjORp41R8G2Ga8xO5WG0lG3JVIFGaxWpcbdstgii_3KLQkTBz7-RT-G4PrHBZshHisGh7TQqJ7tTk_CfkYEOz9RfH_QGiOqI0tJSiUnMtlVIo9nUJ8hPSgpRSI6V9U=,pensio.app,pensio.app
557,2026-09-07T08:33:31+00:00,on-device-ai-journal,https://vertexaisearch.cloud.google.com/grounding-api-redirect/AUZIYQHcogN3CsDtG6CVAIGYsBKd545_hr77vvBYFtEKVWK6n1CRaJSmMfzEnUPoJipX1UO_ipPxBCXtax09wYEcAc6cyRI1aJTAxqT5rQ28t0WBFIglKChGyQ0BAj07T7cFoFFtOZQB1HrPVB8mBsf8NWDqpg==,lound.ai,lound.ai
559,2026-09-07T08:33:31+00:00,on-device-ai-journal,https://vertexaisearch.cloud.google.com/grounding-api-redirect/AUZIYQHlxnPF-h8wBHpT0Qb37c4Y2Pu7669Nr5Povnr1dMDAlAND2Iz447qk7cYMiVBH-wDkWbLSjzjNBsEC-vgBB52z8VFuafySx3X3LwbafKLMN5ZAADYMYWdbzCzjWwyGRPWv7B81lgLCEu57d3t5YHM1gYA6D8Xm,deepjournal.app,deepjournal.app
547,2026-09-07T08:33:31+00:00,on-device-ai-journal,https://vertexaisearch.cloud.google.com/grounding-api-redirect/AUZIYQHrMd6no_eYGSElT-SK5z8DcFXkWSeUSJdLx8jJ6Vdmwbn4oQUeBSLQsiHajY7HUn4OfTFWwJt3mMIDgXaxh8kLlRJuMyUqoxsGn6c82lZaWuC97q_pZvSqyPTdjSayqNKTzBn-Zd9cCShcTz-G0SnWD7BlYpGHcQ==,techrxiv.org,techrxiv.org
492,2026-09-07T08:33:31+00:00,voice-diary-app,https://vertexaisearch.cloud.google.com/grounding-api-redirect/AUZIYQE6GW4yMnYv-PxQypfy1th13jaT5zbfsRdpQK4CMjvLVxIiybFaRwfAINLnfbg9Ds3WewUfSWEJ49LooxvyO0aTHbeIBXooimoI5kvME3y1Z9NssB0_P3l6Z9tUpJJogZ3c,youtube.com,youtube.com
498,2026-09-07T08:33:31+00:00,voice-diary-app,https://vertexaisearch.cloud.google.com/grounding-api-redirect/AUZIYQE7aoEqppBmqbVoGiTHBmyE8pzF9zYBHZbTHm6pjw-J7rkqw1m6MYx7Y98xpkae7bkhocTwHHMhkMAMeBR-BEGTqE8vvJ-ibp0-xIEvSpWo_UUvgQI6yJ1Kkto1rnEohKab53r-pzJv03KGXN1L9raD4ZPlGEhacCXtI6wU,voicenotes.com,voicenotes.com
497,2026-09-07T08:33:31+00:00,voice-diary-app,https://vertexaisearch.cloud.google.com/grounding-api-redirect/AUZIYQEGUgyO9Her4NU_E0xrICtLr0YR1JGGpotc42ROmzwaPnSv_KLnN0yBusEwpVHKvphjy7SVcakFYiQif1rcksSnWMvWZ6cuGNrEB77teCJJDJrqQe47xLamqq-2_5kvgdgFmfK6XjgBJZkQXRX5EFrdj18mCRWgPu90,apple.com,apple.com
495,2026-09-07T08:33:31+00:00,voice-diary-app,https://vertexaisearch.cloud.google.com/grounding-api-redirect/AUZIYQEVMA7yzeGMoASyc9y38nzTi76ZmciB5Wg1_DUEzCTC6YfXXZgALBLWNgeDBQ2LVh-AyJl4nJzGuPqymH92d0pQJUtrBWlUtX_JXAtTHcf8V3PAT7e0KUQ1RYmjGuFaaj2bVTZ5FhS5H0a7Lt1tErTm,rosebud.app,rosebud.app
507,2026-09-07T08:33:31+00:00,voice-diary-app,https://vertexaisearch.cloud.google.com/grounding-api-redirect/AUZIYQEcbHyyb4aril4lyVZ-ffL5MulhCPU-zP2SafJ4PGJhur42v8OjZsPna09XcI4Y8P2XZCGTk0YjTKfxTN4nB2pEymBP5V7u2KjDLn_5pBp3b3A97fCSCz-1qKaDHuvcudJUOyMcqseb-D_bhNkXpIg=,journalinghabit.com,journalinghabit.com
509,2026-09-07T08:33:31+00:00,voice-diary-app,https://vertexaisearch.cloud.google.com/grounding-api-redirect/AUZIYQEroXSbdTtzQeAb6zjSQh77VK2xLZVMEa8UrTXsMMkKrFwZnw9MnzojdCsw2l-1wbw43L9QozfGzYagOb2SLRKrtQ__jLm_nW69uBD3s71eCbl1wuyLHp0BQBHlEBrKFKtl7Pkmo75amLfTqYm5u7_FPlNCqX_K1Ir5KRdxHB0HSsDClnc893EXXHt1H-xjPoXu4fmr1nsYBjyXKTJBDb-yeHU=,medium.com,medium.com
513,2026-09-07T08:33:31+00:00,voice-diary-app,https://vertexaisearch.cloud.google.com/grounding-api-redirect/AUZIYQEveyB5vKGvyGLP9-tbCvuGSJ793Mk4jm1LRvKr0xm7shM_YdFdtcgFLHwvAUGHVi-uJhUVrLR9sa3RI-22b_eWv5q9kDcQNnzCB-GwNgN9Q3Kgy_f8A0rrg_yBE6-J5uX_triIhbAhrwxqowcHoFlMv9ABAXSfzA3quy1dqEmWDebl-j7OyOkSQXuMmQGp-h9OcqsSBZk1s2ZvnSX5Ci0eAxE=,medium.com,medium.com
505,2026-09-07T08:33:31+00:00,voice-diary-app,https://vertexaisearch.cloud.google.com/grounding-api-redirect/AUZIYQEx84gSOPlB7N6_xQOq-0Od5sImpn9eSQG1B9rgEfFdsi3vYIVMfdcD4bntdEG3DOhic44eNt75V7YDFxkCkhilAuMSsNLPWz0KAmPTbWXARzHigfV4LXuA7E5Cpj66j6iJyaw8DiyfmNBBY_k=,lound.ai,lound.ai
512,2026-09-07T08:33:31+00:00,voice-diary-app,https://vertexaisearch.cloud.google.com/grounding-api-redirect/AUZIYQF-JMxFIOYr6H9_1PJ-n6gEq4RjYFHZSlAxtmzc7sgu0kvjvV7HKV9mFasL4LD3PEf6i8N9-4dOR2WpPqVVYZ1m6M3KmARPIfCvWFzZf2-NP1iNdABPST660sZXPRklAK2HOmcO0kFbun7Rzgxp,speakwiseapp.com,speakwiseapp.com
491,2026-09-07T08:33:31+00:00,voice-diary-app,https://vertexaisearch.cloud.google.com/grounding-api-redirect/AUZIYQF23EGqolgtNNsOpM5w4SXBry790bCp_rEX_aeH9RyhOn2EqU6ran_etg5C-Qpn7qcoWRK_0gpJbBJwls0HZZ_X6im55rdv37TE8AXOBh56Lq-otjUEpSIcZ50ILi130y8CDAvBrs1gO7heccPW0jjrp1zAPVDo5yWB,apple.com,apple.com
499,2026-09-07T08:33:31+00:00,voice-diary-app,https://vertexaisearch.cloud.google.com/grounding-api-redirect/AUZIYQFHyVJCU_H40ARwVAoPBPyGsW4ms8jV3azOtsqx_v5lrBjp51mQ7lpNmhBqEdWW2Z2eWoyKqTWar0CpUF6vErHGYG1vEvjKGuydvykcJEyU_VhFFenF3rQJLfe1SaWD2MtzkpCMaXd5f_iG_PYyRj7nN05YbCWE3ZUjYX3ildoQ,google.com,google.com
501,2026-09-07T08:33:31+00:00,voice-diary-app,https://vertexaisearch.cloud.google.com/grounding-api-redirect/AUZIYQFLfaibS9NX7Gy_Dnh7_2QxqLB0th--GOf-CznU8IkJ09uMZtpKNOdQHDDclIeMA8k6gL6oqkAkODs9NNDTf_sHi60z9HIvJedMlOtjRmu3pQsi8fqllDUPFCfz603XWM81sLmRg_L0btwV-IpyoOz_SDPfiQ==,empathdash.com,empathdash.com
494,2026-09-07T08:33:31+00:00,voice-diary-app,https://vertexaisearch.cloud.google.com/grounding-api-redirect/AUZIYQF_M6wSY-Ob1JE_FEKzML7yaJd9lczmZWvQ_I4M1gdrB7xsPbUvUL-qtafFZEUznYb3XOP4fvSfKJtVZyNy5bqxs_xzgzLQADLaXp28a9dyJP_QqAdvZUe4QwV6KrO7oSP3pW4pCFE-c1sGavIzLZ7pvcPb42aVtbtzdQsVmZdMPuEej1TrCO8=,reflection.app,reflection.app
504,2026-09-07T08:33:31+00:00,voice-diary-app,https://vertexaisearch.cloud.google.com/grounding-api-redirect/AUZIYQFaApjFd7Aj_-y9cB9n9Fd4PjvaXqpRSrRKLBO7krRowK7jwxQ7Qbm2_zHRJOujvgIpbrLpFzMUnHHChRfJnEJm_y9wXWkBJXCaOE_FZMdEXHzzXoKujxiUy1aJ4D-kZPg3OWYV2rPydKeJmxRda9kHuK9T-eKmcc4VI_7IG6GN3kzblSXn,google.com,google.com
502,2026-09-07T08:33:31+00:00,voice-diary-app,https://vertexaisearch.cloud.google.com/grounding-api-redirect/AUZIYQFss-22M5GYnA96HRstJn457YfGywWeB6LCS7AMca4pFqcjL_RNiRFFZJ2-oH0rv0D5er3KEynE8vuk9TPIRy2-ryoXoOPfXuUc7G4GjfRHdejq8JC88iTSu4VmGbg6MZFXna6y9_1ovxRHgro=,lound.ai,lound.ai
493,2026-09-07T08:33:31+00:00,voice-diary-app,https://vertexaisearch.cloud.google.com/grounding-api-redirect/AUZIYQG99NR1MhBGNQHdifbKxOTbOSNdN56h3hcKKyYDqNIth2hgcupap8RSolk4JnJrEx5H6r8ame92uBPEQSVIWUvvg7dZtoz_agwyHE_uE-Y=,rosebud.app,rosebud.app
511,2026-09-07T08:33:31+00:00,voice-diary-app,https://vertexaisearch.cloud.google.com/grounding-api-redirect/AUZIYQGPVgD_FZx_nKohygmZHdydsnIjLX4KDmciz09y0nj6Wt6Nccv-bcZEG6yrEjI7xBHxhNUb7Waak7f8f_D7B7OBMgGJfzbfeszm6AX2seWxL1OGQUaLvd95_ao6V1PLy7JGt8cGP3V7DpMEl6XSbkI=,journalinghabit.com,journalinghabit.com
508,2026-09-07T08:33:31+00:00,voice-diary-app,https://vertexaisearch.cloud.google.com/grounding-api-redirect/AUZIYQGSfUH3T5rLVBdtEBDRwPqZW61JB8twiFaSkZjputezI53nc0f6b-7l7YlQaiorSCfbKrbOB3Pwjxi6hSDSuKW-XCPBBO3nfuevBA8IWpPMthqBbjWhTXhzM9EVi04oHXI01snT56cXsGLt6aQ6-vHGbIZz8pI=,apple.com,apple.com
514,2026-09-07T08:33:31+00:00,voice-diary-app,https://vertexaisearch.cloud.google.com/grounding-api-redirect/AUZIYQHIa2_ZEfgqOAG2gDeAE474oy2HD-ZXBLzAn9IlabDXqPkrnOOcJJ5bBYHv1zac9iHwQz9Me3GFBy0QOj3K3gtiwO_rWzAeSQrt7P_bKbYq9AtPlLXiELy92MEj2KaNnW_SXvtCtiOw-DXvbHeL_CPTZbyjnQ==,empathdash.com,empathdash.com
500,2026-09-07T08:33:31+00:00,voice-diary-app,https://vertexaisearch.cloud.google.com/grounding-api-redirect/AUZIYQHKZHKiFoO5JzohOFXV3IU9ObMmaw1WQQgczdYrR2emKrFsPP3-KDe66qwVa6MUH0a8H6nU3c1mvG72Gbrq1KYnPDE8Orz1kNl1s_mMTzLepV2veGOcbhI0SV9-Bz1pVnNqqLCNmAh7Ve7WHLAosfc=,journalinghabit.com,journalinghabit.com
506,2026-09-07T08:33:31+00:00,voice-diary-app,https://vertexaisearch.cloud.google.com/grounding-api-redirect/AUZIYQHaBo6UVMjVNfY0SVXk3dUBqqnTGeDUM6vCJdY7B1yg3NrTnnX6D4-vjw1L3qAqCEt8rYS8a8C4K0oHd-VL1DfU7LV_YH_qy50BWHZ479pZjj4qPHpXJAONQ-iehfEVUpkC1P72-7OVyNrQrkftlgLvC1IrsQ==,empathdash.com,empathdash.com
503,2026-09-07T08:33:31+00:00,voice-diary-app,https://vertexaisearch.cloud.google.com/grounding-api-redirect/AUZIYQHelSe9nJKGZv_t6obaHLWnhdP220i6Fdh-R0MemmaTblK3VbxxF2gfDwGFSHK2Q7J-Z-Rt069Kh4Gw3Dvtx7xG9XGyHys4YO4dQas63A7SZkEvIWy9xYabtg7A5tsBSCHr,youtube.com,youtube.com
510,2026-09-07T08:33:31+00:00,voice-diary-app,https://vertexaisearch.cloud.google.com/grounding-api-redirect/AUZIYQHfSs1TPoRBQQFzi9g1L6qCzcw64zyCzniT-XIPEq96TkiS5J5m55_JEcB4mP0xRRr8Sx44X6agVmFWfvvVSKXusmZHMAYR5MimNc7G3WWm272nqv1L0KtbL4laxOIoAzbYbnLZgdm0px7_v6dgpItdC9wZBqdZmd1eEChcOpNbh7FqXD25,google.com,google.com
496,2026-09-07T08:33:31+00:00,voice-diary-app,https://vertexaisearch.cloud.google.com/grounding-api-redirect/AUZIYQHxRFbSKg0o48RdGngG5Ttf1NS52IrAGF8OGE0DRanCoEeoIEhTSzv85BbDuV3CxzhMYhe_YMzqb2_N9srqm7Z8l9HxSX_0iaNbvr1vmyMPf-zUIz5eS6ag0PNBRmc892nYBEeYqsf3SrSb-EoOrJUoiOBNWSHKtDaFlZRE_pU=,reddit.com,reddit.com
652,2026-09-10T08:24:09+00:00,apple-journal-vs,https://vertexaisearch.cloud.google.com/grounding-api-redirect/AUZIYQE-lQYLwhkkQzoUoL0P1PuoMSHz-qKYfCPmA4F8zk4jiRiR2WORkk2LO-u6o_aAgmmNF-4QkTEoBlJTvSbZ2evyCXGXlL9YlDfA7DxJEba19dKE3Fu4jQxFHpa2-SfSwqoBinDbPn0ZUw==,apple.com,apple.com
655,2026-09-10T08:24:09+00:00,apple-journal-vs,https://vertexaisearch.cloud.google.com/grounding-api-redirect/AUZIYQETVXt6wySDKcz1U_1P2oAZxeSD4oDx7FKsy0zBkEdGMEzGH_qeb_gCr7OhtIXWE7oQOUUgYMtz-4ViGbIROE94cPH59VGkQ7ZrV2fdw5xAoaQw6kEEct3Ve_LwhCV0glfo8vT9ftSkNpgWZimxy4fJNDabdEXWgpnN4vEObI2cgoHVW2oW-lrL-Ha0Fb99fH8=,tomsguide.com,tomsguide.com
657,2026-09-10T08:24:09+00:00,apple-journal-vs,https://vertexaisearch.cloud.google.com/grounding-api-redirect/AUZIYQEZlXpKUVb6I75nXcMO1WLkTf06nVDHJKcCzcDe0RluEBd2D82NKMCZoAKe-AaEl8wm59DtWsbVflHB_vbH2-yekcwDUqmL1_g-2A6kuRFAF3sIIUJ64Ptm-e1GemxD-UNDDQC1FmxD2w==,apple.com,apple.com
654,2026-09-10T08:24:09+00:00,apple-journal-vs,https://vertexaisearch.cloud.google.com/grounding-api-redirect/AUZIYQEd-N9pB69pj036K3Jc5tjzxq7ccvN_xs64SzUCGPJQmd58pLuvnS6vv2IGF969NTN3QYEwsL54-KBHlXrAZBhfk8_WXKDuKBtaP3ejgg2OlmwWBy9uofsqVHuA1m59bC52OD6LkYxnfO9f5zdjk-e80Nct6oXT4hJwRDFngw==,9to5mac.com,9to5mac.com
658,2026-09-10T08:24:09+00:00,apple-journal-vs,https://vertexaisearch.cloud.google.com/grounding-api-redirect/AUZIYQEftmz8TmiMLWe_XXzM-PBKSOQJhUVbZJF0IT5nIkyiHaV0HRB8rQBEfka5QsJkaC6IByAUAECjDmXW1ONhEYhB1ZFUe47Op1UlejAdnnHwa8RUM3L-vVAEOdPENZR4eftUscyPp_rHNph4dVJsFkP5VoDk1S-zr5aGBDGmbFGaHhzDC5Op3_JznyPDPMBOnDdlvO5bejOnQl5C5I50KmnGw_T1NA==,appleinsider.com,appleinsider.com
649,2026-09-10T08:24:09+00:00,apple-journal-vs,https://vertexaisearch.cloud.google.com/grounding-api-redirect/AUZIYQEkpc-RKjoxkGjXJjaP0Q-BHbN17ZrXXr3c_AslJ0Xxy3vFq3ZIst6yeQjhW45Gf-1B2OaSWzxmVvc0ZO-opy3aaB38yI7Bd7SW6WQx9P4bn6lXsjbnM3F8gj0IVXnETs9qpfMRNfku_naPWvGPVTNY1iQscvvpyt-9bfRKOw==,9to5mac.com,9to5mac.com
659,2026-09-10T08:24:09+00:00,apple-journal-vs,https://vertexaisearch.cloud.google.com/grounding-api-redirect/AUZIYQFqwS8codas7wNFkioX5YHEDAdqaHw8s34s-9DsqiOPqe_lUW7T56mDCzdk-0-ZzmCeAQI6cegdtEJnv7gqDoMAAzXga4iLb9M5H5eE6f0ehdT3Ir4Eb3E72V0wHvxmBjlb,youtube.com,youtube.com
648,2026-09-10T08:24:09+00:00,apple-journal-vs,https://vertexaisearch.cloud.google.com/grounding-api-redirect/AUZIYQFrnxZp2f3XqGaGsNbHsYWpZVbVeh3Vi_m9uO7kA-BKr5AjFo8GLd-VQzEteUjR_vph2n_MKDEvnAo76-9UqRkP8rzVGLz6Gb4d6uiGgQnwJQUd66DAZq8oPRUz1SeSEzOf3J66ItWzgnIY2K0j39pIAfybp3G0sy502SDpk7w635gXftihIeg=,reflection.app,reflection.app
662,2026-09-10T08:24:09+00:00,apple-journal-vs,https://vertexaisearch.cloud.google.com/grounding-api-redirect/AUZIYQGGgVbWfgTFJ7oDiYhvfakqSVKNIv-hpPFldtHOMRJs5T9ZRAjwJRCMcDxbJG3mZRcIuMxkgRG5_PaJShbFP9d0uSgexjoKSDr4RXeghl0MMX7yIlyh9MtteGoEC4AUcR08dcgAVrrzCKOqdVDnp05zmY3sXtKjDbD6_60uquO8xzetq3M=,macrumors.com,macrumors.com
656,2026-09-10T08:24:09+00:00,apple-journal-vs,https://vertexaisearch.cloud.google.com/grounding-api-redirect/AUZIYQG_DNqHzLCH__jONERD7B0sYbSwONRcOzDONe3dVwUbXS7G0xmF4SKjrkaFK_ywW3t_OVbg7xcgsiq5cBPNP2b-VE5ZF-yD3P-mXv-zdeS2LFWdFlgNT6b7vhquzBYx68mt78ACGCwOL4X0Y9m8aPD52JZWye59ggqf5HyvfsZBfbef4m3gn74kQTY=,reddit.com,reddit.com
653,2026-09-10T08:24:09+00:00,apple-journal-vs,https://vertexaisearch.cloud.google.com/grounding-api-redirect/AUZIYQGaXJL6qSjxAamksyjxXYgM6cuOL6a_8n2kN8t1LVN-N7-hLbBQM6urkW8j7Om3v3t_NXZDcygreLMqDaD0MXjO1gDqG6ELsoazYZQgO8lC6Jwy-mKKbxf2fxtCAXKQfIxsSZ8ceC4xC1ww5zz1h37XlNeh7mjhueOfm82o-2fwpFPgX3pvMioVctLpO_S5WpM=,reddit.com,reddit.com
661,2026-09-10T08:24:09+00:00,apple-journal-vs,https://vertexaisearch.cloud.google.com/grounding-api-redirect/AUZIYQGuxFTwyQDf3ZxJ6DMegR_Ap05xhi4Qm97ouWyQ5J_XmOp2UoIANuWIhNxNh3rBpfHRUG_6z0dazjCsRHGoe7mNJ0rrIj8yfbSctOi6iuZxdd0S9UdrN7VP5BFP4Q142diqL701PdthKTcThqKmvbuaRxESAb9Ac-_prbTR-xOIXheJXUHtKZ6BReHOd0bNY_TDikajW4UkD8RdU9Mmbs35fBuD,appleinsider.com,appleinsider.com
650,2026-09-10T08:24:09+00:00,apple-journal-vs,https://vertexaisearch.cloud.google.com/grounding-api-redirect/AUZIYQHDKCqTVXiARLY7FlZnuFBoryxagylEEuSO-hcEBGMs8sBcGPDwV2yYtTxdz42OHnYu61qNDFZ21SHdnz2OX8BDHZTHF9e3e2k1jKA4ARR1NsrZ0A7vTn8cYd-eagvN2MSPYZVfS9pfX-MW9Fuk9FQKbShpbm8W_hJugeajBS9OJskfGWOk,macrumors.com,macrumors.com
651,2026-09-10T08:24:09+00:00,apple-journal-vs,https://vertexaisearch.cloud.google.com/grounding-api-redirect/AUZIYQHpHPbStlWMYg5NYPmjV9aAwvNkfN0lmkreOSDVvKOQZdMAjNunw53DuOFg33n0KW78Abz3p8R-cKFK8bcDvB-kKMiaZwG-PLfLThWm83puKIbKET3OG73zqhg7QMRfAGV0hEbzRIsCbx_cv357wVVnnHBvhV1Dw_T3TqGFkPJESnK2Q556-f22KWk=,reddit.com,reddit.com
660,2026-09-10T08:24:09+00:00,apple-journal-vs,https://vertexaisearch.cloud.google.com/grounding-api-redirect/AUZIYQHqHJAUjyTUyvFMpaBK-ZczuiYrzvgZl3scnAx1fiy3bE6wGht36t8UhyuOLGld-onHth9E-Yn4xY1FlY0toyjWvb8CAS8F_XgjdmQ5RZP0afTAtLOqSIHY-Fxk7_etKEwb0DOiObjHYDvfk15j3THWKkfhjK7WVDZZSto1,9to5mac.com,9to5mac.com
831,2026-09-10T08:24:09+00:00,journal-app-privacy-audit,https://vertexaisearch.cloud.google.com/grounding-api-redirect/AUZIYQE-9OE9lVjoDPYmuCWDdlPBVYABZ6UYpZEf3EagTv-IjQiHrgJdB5rsHuV_GYcdq9oblxnLWTEmL2dy9MdUg1phTVATGGApsO1ev8l9ffmtNsF4DiVt58Wk87pFyUCXsEJKj1T6fXwCIXTl_IZ18f-iVDveSu2L_XvZDN00jo0=,apple.com,apple.com
842,2026-09-10T08:24:09+00:00,journal-app-privacy-audit,https://vertexaisearch.cloud.google.com/grounding-api-redirect/AUZIYQEFmFyf5Q4JhyN6L0gQevVEtN53cztwguV6A4DsDOntwQVOEdzFf03DekScbefbe-wzzsAeF-kLN7yiZkXoASoW-eLC00zrMXrhbaWguLapknKJZs9fWiIFq940wgMZQEsJdRW2sNozdbQuxecLCA==,apple.com,apple.com
832,2026-09-10T08:24:09+00:00,journal-app-privacy-audit,https://vertexaisearch.cloud.google.com/grounding-api-redirect/AUZIYQEFpyXHtndt5qX1CYi0bz3Zu2KYCrZfHN7AblbK71Q03ATeMdth87ylWiWbahs6BCJIm0rl31bkYCknSmfAYQYduBTES-mdRsRh1Pv6bow7bXFIMEdFRPl8TAADKGTkbyFv9qrdKz3aRrbIWISpNGYjgv1mTXfJ,apple.com,apple.com
810,2026-09-10T08:24:09+00:00,journal-app-privacy-audit,https://vertexaisearch.cloud.google.com/grounding-api-redirect/AUZIYQEObZ1MSxtLOzpecVh5aCH2UPJZZDfclgBaXImivkCzKMkm5UOdzsHDSIOTHC-sG-vffuwsYu7kJJHQo4j97NWmA6AiDHIwd1DYk7duVhAjhrfetCNcKFMCFVRXTMovXpsLt6aqLNnYnLHaaCrnioNH-CdI46zEe1b_,apple.com,apple.com
855,2026-09-10T08:24:09+00:00,journal-app-privacy-audit,https://vertexaisearch.cloud.google.com/grounding-api-redirect/AUZIYQESMBQVJsl2QMHwfBpFcyVfnKQBJVislHYR-LBZTzVUFIB3c9s_qUWNKmfdb-fTqvxaNyS4KcYnb2P5ZxXxvC7u68XYUYqCPTw1kHgUen-i97jKzBGvB_i0IDKiOgHliTHXOto6VCcpBGU3VcGlFIvp,gettrovera.com,gettrovera.com
856,2026-09-10T08:24:09+00:00,journal-app-privacy-audit,https://vertexaisearch.cloud.google.com/grounding-api-redirect/AUZIYQEYEmPdQyUe_MtAfUfndgixfKP5o96MBDD95syiGidn_TDYls7JEAlDy5REHJ0f7m4cWAByO5zFkaGfIIIBVEkYHTTFY57A7Og-i_2X97JSRsNuqNY7d8p8Cr7YA2LYVMoYh-W36aTOGOUZDD91VDWHYG36gv3g6w5fkzd0Dnj8YjBnjnrHzdfy,washingtonpost.com,washingtonpost.com
803,2026-09-10T08:24:09+00:00,journal-app-privacy-audit,https://vertexaisearch.cloud.google.com/grounding-api-redirect/AUZIYQEhCFiHLib9y1FumJhH5qAd1z6ZkRJjaiEDNdZK7mAWepPmLp-m1aE3kONritnbSOW-MEDOk6ielJmqaPlbsDkkAa9zn_XPnUTCqyQl3hVHBflvPtj2V2oJCPKU0k7R4az9F-3_nCEzwTaBb_W9pMfF55FOwdWyral6Sh6VjwYRYk1PuCzA,apple.com,apple.com
820,2026-09-10T08:24:09+00:00,journal-app-privacy-audit,https://vertexaisearch.cloud.google.com/grounding-api-redirect/AUZIYQEhuQnXDaYQOgu5_JwNxlh4GGLaagHDRkpfSdw4HjwaFpogZ7BrkvDMoCtS-vLXpA-9Tlyd5j4i64pZFQajawKxdR9KBB_toaYY5ScmOVV5KkvXesgO7yrvi8xc7rLVB405uLLmgqha,apple.com,apple.com
802,2026-09-10T08:24:09+00:00,journal-app-privacy-audit,https://vertexaisearch.cloud.google.com/grounding-api-redirect/AUZIYQEmWdT30XYUHr0EN7lwR_4fMnn0ScjSYXK2l3n7X2OqVxU5Ulp0iGlzK3xeXRdI__XTmSpCLuFUiH7nZ140y4m3ISjeC3mdGUxcCeKWfQaCe0UkLxhTRoZMLX1OwygN1t1CjMEPIFfFvLLCHGaWxbSy,apple.com,apple.com
825,2026-09-10T08:24:09+00:00,journal-app-privacy-audit,https://vertexaisearch.cloud.google.com/grounding-api-redirect/AUZIYQEo4azeD-kzoJ61wKTQ5iFBNsg9UORxiylEACy61z8GjYM6ETU8M_SxYMbSTcIaxKqKEnxzocaayIFlzZlnapHsGAOtoC2lCirTe2O9JPcd4cW6ZalCPVh8bgN4mkNmnZ7AQ6wdv8OaJ4iQGPDncOw=,apple.com,apple.com
822,2026-09-10T08:24:09+00:00,journal-app-privacy-audit,https://vertexaisearch.cloud.google.com/grounding-api-redirect/AUZIYQEqYmd9R_kO8FzbCALre2Bv23D-2pvG-QEUouDzzCDFx4_bDIqub4rMATMJozMmSAN0vWTukESso4qPNnFtIprctfLbm-pNJv07bfBSKZWQZ3eZdN6RauO83VJtlCqXz3LfLA7HUcvDeUjN70flkr2QIG7fS3vq,apple.com,apple.com
833,2026-09-10T08:24:09+00:00,journal-app-privacy-audit,https://vertexaisearch.cloud.google.com/grounding-api-redirect/AUZIYQEzF2BNCpA27ZvasXvLYfUFQ7seYaa_2--gx8Lv-9gkYayEXh9WzHa9oeyz_y9CsI6Me4RpxVdKDHRlMVWSXjHwsrXs8bqqbIF0aoIcx8FQOlQxa2Rg4GlixPmh,apple.com,apple.com
828,2026-09-10T08:24:09+00:00,journal-app-privacy-audit,https://vertexaisearch.cloud.google.com/grounding-api-redirect/AUZIYQF2FRnkyasSKr6o6FTaoLq8zdzGxkhfPd-Bj_9wDghjMjDHhTk1m5pMBLN8rzPBPySuAyFBkYgE3XHcUM7qaD7YD8NFKFRNPLs5mda69sLsEuABNJgtTGv4QugyWyu_tBQzDsFSNbCurriWqkc70-5OYY-mpnxXZJdTivB3,apple.com,apple.com
805,2026-09-10T08:24:09+00:00,journal-app-privacy-audit,https://vertexaisearch.cloud.google.com/grounding-api-redirect/AUZIYQF3_QVzbdkgdggQ7KJX6W7qa3w2t3s6Q_stFkobLXNCB8s9R43UlKrKHQlXzKidkuWmcW7PbbkrE5WYHO5EojUo7Gg6LcPiy0cHuu63wtw4RTcMyL2GaZFvjPgGp6FWnZClR-5HhdB7SYCErkksftKXzsrP-6pniP_uy1-m,apple.com,apple.com
848,2026-09-10T08:24:09+00:00,journal-app-privacy-audit,https://vertexaisearch.cloud.google.com/grounding-api-redirect/AUZIYQF4QP7XY8mI2DG7jETs1FZkCiuy_bYFirMoHTB8NjQ-u7rybZ34d99ilTH-1o8eJMmFL0TUCvHmm764WbcMet1IWZXpIa9mMKEULtg-QVgw47i_IZASqIU6PrN8hzHsOCGAJq_JhFHTlV6gJOE9zAYU3NnHNWw=,apple.com,apple.com
808,2026-09-10T08:24:09+00:00,journal-app-privacy-audit,https://vertexaisearch.cloud.google.com/grounding-api-redirect/AUZIYQF721B9KAJMdo_PsoPJebd2p6ISzsBJa7OpmEAmMQVRy_byPCIyuLqFcdauLP1Mb0yEqBv-U9gxTDx-Cso-_4HW4N-C6XUvHGThOO1syReWQl1U1US1aLpoTC4sPZA3GjDQ6N4SbuPXaRnrHNlSSPyOedLimBSXMc68EYx4,apple.com,apple.com
852,2026-09-10T08:24:09+00:00,journal-app-privacy-audit,https://vertexaisearch.cloud.google.com/grounding-api-redirect/AUZIYQF9R_Cc5I1rBcRxb68oX4N-hS--uI9pXqSvDvUR3pxRJo_VA0rqrWLLckT7IH7Rkf4aTQb0YmJWsRs5jvhrvHkJUCZuS05xPwwAPZwvBwzf4lQNPBP3AlRCMVAskMvOe_2pXVXlQT9lqKKxJgENEK_g_AU28MjpDnaOaHs=,apple.com,apple.com
849,2026-09-10T08:24:09+00:00,journal-app-privacy-audit,https://vertexaisearch.cloud.google.com/grounding-api-redirect/AUZIYQFDwWs2wUMt-b-iFxkSvR9ACy8kdAQaRH2-78h6XfzXAE8-pTXyYRLlW5rtA_QSLQ2KvJMHSjD3PclIyMirzV04wRVXhtahiCTRylJELdls7aqfj6TDYM1ldEnolXNOpJm0-uBRGqnDh6iIFHp-IEHqhoFRvaHPYZA=,apple.com,apple.com
854,2026-09-10T08:24:09+00:00,journal-app-privacy-audit,https://vertexaisearch.cloud.google.com/grounding-api-redirect/AUZIYQFMumBu-fzB9P9FpnpIVJd5-gbbSz5j4XW92OPHhnzfs15UgvO1gO28a89bebOvU7Pk-AcqgcbEJbeI8ItwnU3BHx_gbXbHaeUWVYh7KVhmXt_iAkJuXndac-rSM5EpeTPQWyDVTVBiu8XBlDYT8nT7nIKocKkDKAOo2RDj,apple.com,apple.com
845,2026-09-10T08:24:09+00:00,journal-app-privacy-audit,https://vertexaisearch.cloud.google.com/grounding-api-redirect/AUZIYQFU8i_aAxqskcQZeGh9mnqNuw4OuweyoNtWKvo0Q5Y4gmdzV2nGSY8jKgzVUi58ztyiuZ7HqACodeqDAx7vsAk2OroMPO5WulwlFtmRakHqo6iQCdkxNLIuPiYUgaWNPnHIsKQc3mtsgIuMU_D9415q_cJbLCQCKCII4w==,apple.com,apple.com
847,2026-09-10T08:24:09+00:00,journal-app-privacy-audit,https://vertexaisearch.cloud.google.com/grounding-api-redirect/AUZIYQFUJ6-fdW60WuWwmZ9C4e3rID98Z4PNCTDpxdIGBqvjNm9qb--gVFgec8A3eY_yaYa3OUTq4-1FKqSsE3XFNZ_XQtYt30IReNHSbU596xFUNgYM52-ARgeqLobiQ63Wc5sLrbSOJdOJ_s3CsU_fjccMhHa7zwv5KeNFaQM3KxmOfWJOlIA=,apple.com,apple.com
807,2026-09-10T08:24:09+00:00,journal-app-privacy-audit,https://vertexaisearch.cloud.google.com/grounding-api-redirect/AUZIYQFUJfFiyetsDhlsZnG1lrANLUl1LiB3cnKd-ki3HblpnybeR6MefRoYvYjUCztSUndn0RLcyyxwu7W5W7tXzEoa37G3khWy2Q9c1L27ioJzw-sYWviWBCg6TSn0VnOZgFWEvCPL2HLSAuh_1zaGO3SVW9Shs0tcveWv,apple.com,apple.com
841,2026-09-10T08:24:09+00:00,journal-app-privacy-audit,https://vertexaisearch.cloud.google.com/grounding-api-redirect/AUZIYQFVfS5KvabdR_p1Fuga8jSIk4YjhWchh3qnMZKyRURi8__710k5M9EiEr3RO6bMe1VU5MgA2xWz_00bh80bg2UqlDBFriwDPj0BRi2zbQLAZzMdy0GitrO1XJfLnlFziUcF_U2nN-xKvo7mbCUe4R7R6NAeu21pzgEvjxnNTzZI7hqH4qvx85fQ12P1BUgCWZZtGrtqWYSbf8M=,reddit.com,reddit.com
844,2026-09-10T08:24:09+00:00,journal-app-privacy-audit,https://vertexaisearch.cloud.google.com/grounding-api-redirect/AUZIYQFZR30t-9fxYgaOiklmpelwDJM33TO_RvuVbtnLfXQLD_1LS-HnmpZvvwvoe7qoZPK1xCtrepN0CirTQlEo0ikitB4fD81QJQaojC4HzhL7xbqrW0V-BLCbgepuZ1WD4UaMjMFsfRfDN0xD9xwJxSnyhW4kmNpFA8IKwg==,apple.com,apple.com
853,2026-09-10T08:24:09+00:00,journal-app-privacy-audit,https://vertexaisearch.cloud.google.com/grounding-api-redirect/AUZIYQFr9VrU_F90AARlMdnqEgV0sX6XH7Cj_r70b8bJJ26d9eCq28jpQK-tHScCOj7QIL-1aurFI7f5Rc-gYrzI40RUBiS5CdaXOWlHh-P4H5C8F5OIHZU0epb0-nliAPONv3WpI_GCdv4_b_ITwkcB7A==,apple.com,apple.com
812,2026-09-10T08:24:09+00:00,journal-app-privacy-audit,https://vertexaisearch.cloud.google.com/grounding-api-redirect/AUZIYQFwl-1ZVOsiHfzQciZsClP9va3NVbEL9mzq0xfJOQ5otarwbhGnd8INM87YZBXL4iCmme-hBpPq5LvCBFeJlqt736D6BNwzyM3Etv6v2WQIo2atxVYNl7MR-Zuu9pUcoNkkoEh_P8JdzaAL9SBqWfNZsUUSpMnTK_7cOGrEz-oOe-rfHzqd7e2JeikWU90B7Me1VV74beOUsshdAoRmRU_Hwkwol9nR8IIwlIA=,medium.com,medium.com
819,2026-09-10T08:24:09+00:00,journal-app-privacy-audit,https://vertexaisearch.cloud.google.com/grounding-api-redirect/AUZIYQG-ZGnrUBE-7-nTkRfABf5zxJjW01MENIgIc8iddMJPzgr-rRSfnS2md7na7w_pRC1x44KD2nTn_M9DoR4jvz--iIGIj5Dv63bgrCVKWbaMUUDCmMtMOmU5bXWROjRPbj1vr-ZMZODGZCVBB-M7Bkfv-0wTuQ==,apple.com,apple.com
811,2026-09-10T08:24:09+00:00,journal-app-privacy-audit,https://vertexaisearch.cloud.google.com/grounding-api-redirect/AUZIYQG30hi5hj3Tnw65_ZgdfUsSe1JNoiBgHoH6csfbHbzKSTItxP5pFYV0g39s2eOr7QQxjC3saz2NcdgB5Z-UNPYAo7D3UBvyabC4opfYfUcZN-NFUZVGUDewhfOPUj49hzvpG7SrE29Q0rIhsyRZkGEj3fXNyqsiyd2o,apple.com,apple.com
826,2026-09-10T08:24:09+00:00,journal-app-privacy-audit,https://vertexaisearch.cloud.google.com/grounding-api-redirect/AUZIYQG3CWXZmW8krVnTQrm_eUe8bYEkRVmo69zEMf70dYOn-MpMegY0aDKonQ9rRbzYS70Y40mwNp_GDpZTls93wfY91BPOzMTu4H84DAgUPbaxItuSVknGymg_Am9AvaGl1VHjSndkslWVh8FYKrCi_jM4iKNuTIEmIfpn,apple.com,apple.com
813,2026-09-10T08:24:09+00:00,journal-app-privacy-audit,https://vertexaisearch.cloud.google.com/grounding-api-redirect/AUZIYQG3moSnmu1tqsm53lEnF1AR02lmNBZsKf44XpxBtZL0IGk3pvYR7qkTiUDcYXcjPGYvxo6frp9HPxubAFaswEugm5E6tg6MjeSbpBFwkagfi_b0tMPT9nUMgwSE0yKKEmvDNY4XSBr3ECQZkRwQvA==,apple.com,apple.com
824,2026-09-10T08:24:09+00:00,journal-app-privacy-audit,https://vertexaisearch.cloud.google.com/grounding-api-redirect/AUZIYQG8E3iDAAQqClqSdcWXBTddwzVTC9m9gYNom369Zr8UtRUAJrS4PTX3TaxTTEhytsOkWH4gkuU4Bk7dNLivU4CgM3CHER5exDaGZS3BEuWSGx-0hC9LFwXg-XQYSKl8SbjonHlj178Rnt71K_PpXEpjjTbHkZToDfWl,apple.com,apple.com
817,2026-09-10T08:24:09+00:00,journal-app-privacy-audit,https://vertexaisearch.cloud.google.com/grounding-api-redirect/AUZIYQG8PhUPP_xUbp1UpH2gqbCjPMngWrFo1e9wUUYtNOfF5eTpU2ygCBPd1Z9m6nS5uDMBZ3kP2KKpasN4qVvPqiWjjgJ6YztBUMv3EZTa2-CgQKsnu6j0swbGGPjBZ7S7adeVOb24mnnrJ4hxLKeMgOpw7eZbTjY=,apple.com,apple.com
851,2026-09-10T08:24:09+00:00,journal-app-privacy-audit,https://vertexaisearch.cloud.google.com/grounding-api-redirect/AUZIYQG8v47TGuWiVj8vgpRR2P0qqHkY0UDtma9EycHXS3EAzEYqWPGgcTKzuUaENqwcAr-TpU8TqO9Dx1DXE5Rfl4WWX78Eqezp0FquUYONuCOF1rJd9472DKSC3eG8gIe9ZAU2beZ3mowFKJqx9xTUZJGwA8_u1y2m1blElUI5dVK7,apple.com,apple.com
827,2026-09-10T08:24:09+00:00,journal-app-privacy-audit,https://vertexaisearch.cloud.google.com/grounding-api-redirect/AUZIYQGHl6FumEQspk2kVmYK51fIz_X7VNbeEmgpBfp7S9Ft8fzoDhovVRfu0o3UfNu_PWOf_Tf4arUdpw1Cp-iZYPZ8uvjjvxlt5tFyr8i6IaifCdcBByghYJeREfGKy5XisK11z5bP4-vjv2C0Mip4sLMu8no9G1T4YHFKq_rGGw==,apple.com,apple.com
801,2026-09-10T08:24:09+00:00,journal-app-privacy-audit,https://vertexaisearch.cloud.google.com/grounding-api-redirect/AUZIYQGI4r3T4e35qfgZyjj1egvvZQ-nshfQCzH7PVIpS7U2TKeYuuq3eUKEV-6KPG0HOFCrRh5lJQ4p2UqICNU3G6oF2usRq0hS21tYkF-9MjBXDu0WnydMZM-PPd6B,apple.com,apple.com
821,2026-09-10T08:24:09+00:00,journal-app-privacy-audit,https://vertexaisearch.cloud.google.com/grounding-api-redirect/AUZIYQGOa42xdoRwCLWnGtHt8bKbbHUBgHFY-vPSRpuRfkHFYuxZXvQl750zd7zQAdQKJ97XM-bvUwAySzg5JqVSjbSaBngknzTEbZkx6CAnbmVEofJsSgzsExw58PMYodcOs_EBi3WzVuF0BFPUCSZfwY5JkINF-W7qmQo=,apple.com,apple.com
836,2026-09-10T08:24:09+00:00,journal-app-privacy-audit,https://vertexaisearch.cloud.google.com/grounding-api-redirect/AUZIYQGSagFmr9xyk_4y1pNaFTUuF2z87lGntRHgBQ_FbIAsxPaFmHFvWODNvVwfU2ARrRBAbRT0mDYUd4RjvLez-TvULeZOAxtA2rckXC4ZRQJyuM-iQ8oR_E7FRBeOg_XM1uvRoNwfJjOu,dayoneapp.com,dayoneapp.com
846,2026-09-10T08:24:09+00:00,journal-app-privacy-audit,https://vertexaisearch.cloud.google.com/grounding-api-redirect/AUZIYQGZ2j2aus_ggcnaRCd9NUKLKjjpSi1TGHbggrabyYVfFJoFDuscHMtsQ9I0tIVhq7Xjc0xyccSzHM3DP9n6Fvn0w5Lxg7pn_Kf7u90kW3TM2_quorN4wWjofMA-A86_Zzuwe4P0Dyq99Du-0Jk12xrgd6xanPWUAD6pxaSQYdj9xwmsCLk=,apple.com,apple.com
838,2026-09-10T08:24:09+00:00,journal-app-privacy-audit,https://vertexaisearch.cloud.google.com/grounding-api-redirect/AUZIYQGivpy3KyWUSYugvnj4k6S7CPbgf3TvW4Yn7M5oeBWHyNx7ozTvy-MF9QlRypkTCqtInNi0F90-mSAo8UXbYe_kqwhYK9F0veixykinGilFmkE2k8oMWW5lBCIH,apple.com,apple.com
829,2026-09-10T08:24:09+00:00,journal-app-privacy-audit,https://vertexaisearch.cloud.google.com/grounding-api-redirect/AUZIYQGoZ0BUJBjO2a1x_u8clvEzApHGV3k-ilcBPvAl1_1-QemGYNLeKnPMigy5AL1wY-Ou_KS-fskB-i7ClXjJgaaxtsKGz_r7EkJwn48TIdiXQ2zR0QuN5su3ztjgyzOmrOHrIN4GGzsBf0K3b-Uf-l_kRK7pPbuQv1RuPDDy,apple.com,apple.com
809,2026-09-10T08:24:09+00:00,journal-app-privacy-audit,https://vertexaisearch.cloud.google.com/grounding-api-redirect/AUZIYQH3zZO3rxXfVNiWLbeWitozjUHXqJrTMVRDKEa_SgoUucWYT1TxjO90Mm_K8Cd1BaBKiFY4AhJC-5shCNBKv5MGKbdPP82nzlXyRH6ohVkfPKQZIV1jqp3kMU2Mp0CLoG042GLvorcC7vrCjHX3M0Bss3KCMl4Dqst8R50=,apple.com,apple.com
815,2026-09-10T08:24:09+00:00,journal-app-privacy-audit,https://vertexaisearch.cloud.google.com/grounding-api-redirect/AUZIYQH6-aYJwAbrbyCGn9ZQVX00sKl7HfnCitIeEaj-k9oqmcVWEHVXmpo49-vlN2TE8JW_E5teqijdh0HEOqoFpGFU5EUXvp41nqRTBWBlXnDNUz4GbMsjlDwZcRlHmSEVs6XEOjWLpzce,apple.com,apple.com
823,2026-09-10T08:24:09+00:00,journal-app-privacy-audit,https://vertexaisearch.cloud.google.com/grounding-api-redirect/AUZIYQHCzgTQv30nutrNa3rBLbRCSKvfDlasd32uEQbMh-fIMgLExbzxx2P6yS7ioGX-_eFGE-YV1UAlwKW0hGT09tfAMXNW7sSRBjhYV9IEndkH3ANvGucJ0ksaR_DfMXm568zzuT05zdiX0Q==,apple.com,apple.com
843,2026-09-10T08:24:09+00:00,journal-app-privacy-audit,https://vertexaisearch.cloud.google.com/grounding-api-redirect/AUZIYQHJZZTUf6xVufRwlwiNnjQHxHn5kb4Zznf6cxkLEjiUBwmcKmdFwgBp18OEhOK7DpLT7GmzgJ0kXlzyc82g15n7tN35vw8SeBzWvT9xp7Tt1aXE2C1JG_aNWtu5PfhoVlgg44cJn6paGuqu2VIa6Q==,apple.com,apple.com
804,2026-09-10T08:24:09+00:00,journal-app-privacy-audit,https://vertexaisearch.cloud.google.com/grounding-api-redirect/AUZIYQHKuFPrIGnGh_snaKOvHnFON-g7BvturcQdJRTwWOoCM7Xf7dummeVcj6yWdwEpWoqXCau1Jx9Y0Q0TxeVqFNI9WQr4nbv-wiIR-WBMxpX6CAGXOHg7PfIrJ2gk9o9UiG-BOFZztaANkV2LZ_q_O03LKqYgvQ==,voicescriber.com,voicescriber.com
830,2026-09-10T08:24:09+00:00,journal-app-privacy-audit,https://vertexaisearch.cloud.google.com/grounding-api-redirect/AUZIYQHNN1GIkTlmFGsf6P7ioRiax4CA_ouN1iso7lNn8MOZZIDPhu4LEfF_3Y8GU0srFW92v-QUdI2m7gHgLMW2QKixF7ir3ufPUHVsfmU30hwxl5R51OVmuinbgMwKnPgGL5nP2M1I6GhN7bW83fi3H8xoC6p01HPygVqrvXEqbg==,apple.com,apple.com
816,2026-09-10T08:24:09+00:00,journal-app-privacy-audit,https://vertexaisearch.cloud.google.com/grounding-api-redirect/AUZIYQHNbtcJhKvb259qaImA4IDa4_yuvpDIDuXomaeYRwlx4RwA1k4GcQb_gBDue93DTDf_1VW-C2yWfb7AsmoGfPPa8oKRb6m1I9iMJjne369RX8ZQGPOEZ4LWYukUb_C4mzaXZ4VsudyB2L3-JMydaoDqsp_Sz2QTn-7AdPI=,apple.com,apple.com
837,2026-09-10T08:24:09+00:00,journal-app-privacy-audit,https://vertexaisearch.cloud.google.com/grounding-api-redirect/AUZIYQHNmkz1s95Tl1CtV-fDujJMYP5XukSvaNNzvf8NWojCcPw-xTuTMACQZxg6xizkuq62XwYG9RFLDuAacO0L-WsvepflIrFjORZ7pFXx1rQjZLRdNj6s7tUlInCLyCuTWXVtbUiD9BsqEZGOmlpqHV0O2Ej7a3gUNKyJFA==,apple.com,apple.com
839,2026-09-10T08:24:09+00:00,journal-app-privacy-audit,https://vertexaisearch.cloud.google.com/grounding-api-redirect/AUZIYQHTQVp2Xn00dWOWz270X5Ty_gVphsUmMt6CTzrGsesRDkdtyfl9pDVwNaCY0V36bx8LmY1sgCGe9jUDOhHpMMtcC9yZM2I4t5wM1pTEGZS-1ciNxV5c5YWDOQhPNmLkEU96469dAgSYbVZu4YmcrC1wDg==,getdailyvox.com,getdailyvox.com
814,2026-09-10T08:24:09+00:00,journal-app-privacy-audit,https://vertexaisearch.cloud.google.com/grounding-api-redirect/AUZIYQHVfFMNJiLe6SIG3aDrsvGDf38vL8-e9gz52jt6J9EGULk8904N7C6HuVmjOdPR9wkQTSiDVoIm-aG9UyocgSxlbvXS5YQXKHkila_SBfohdJQflBCUb5ZhnsBCL3OES72wnITyJSw7eDUM1xReIdRu-JJs-LJr,apple.com,apple.com
806,2026-09-10T08:24:09+00:00,journal-app-privacy-audit,https://vertexaisearch.cloud.google.com/grounding-api-redirect/AUZIYQHbdDzYttY6rxrCMP070uhzRbt0B4dMi35mNCphZKNzJFsWvWinGv5dm8r0AkBKyAzTtkUFuqJKXY3dpRNlLxSkGY4co-LmEq2h2Iuj51bOjxa6ZsKFGqZTTJWCb_7QkawH6KAwFdVzRVSfKWxVg3bR8djqB3sX5yUFHEOEEZkiJOCIQ0CWMgmZVAPqA_sEV0shAhTf8Pr6en-tTWQIlAaqBA==,reddit.com,reddit.com
834,2026-09-10T08:24:09+00:00,journal-app-privacy-audit,https://vertexaisearch.cloud.google.com/grounding-api-redirect/AUZIYQHcLfp7YOV7tm7eqcFrsPeVNgkadg7FuUKmwhcxAtGlvBnKNChf0zqcTzAIHzNxynO5Rs_VOB5fsRZwmOTiBiZz7W-9-Wv9P4a8vk_mLXOpa15XUqlZHIv7KJ4v1fcF52Sm_l4FNBa4PVyk4yuGXKU=,apple.com,apple.com
850,2026-09-10T08:24:09+00:00,journal-app-privacy-audit,https://vertexaisearch.cloud.google.com/grounding-api-redirect/AUZIYQHjCWXvl_nMqqrgg3q6nL9PqwqwrWcVaL283M08iOu_rbEzy99MuAsF2qo1v2Leh5zKpp1ccpBTM-XaCd1VZxdqy1U07g3RHH0Hmed0q5xjnMq2WljvAKpc_2FwDQZTbJY7sHBFU7xUypDo-xzyOcmDfzxcLhFbQLJXnj6tUrpCmapGBxcR,apple.com,apple.com
835,2026-09-10T08:24:09+00:00,journal-app-privacy-audit,https://vertexaisearch.cloud.google.com/grounding-api-redirect/AUZIYQHp8t05D9QgWo3LBmIwC_nyxU8xutSBas_6deD6AxYWroGMUn2ZaA0BchxyT7cYJVqf5i2Cm1Wq72n8owsAU8kMhe0bLWSVNzxL_hWek57xqHLvWuSKsCbAI7E=,apple.com,apple.com
818,2026-09-10T08:24:09+00:00,journal-app-privacy-audit,https://vertexaisearch.cloud.google.com/grounding-api-redirect/AUZIYQHrSsOQk6FMfOyPfnKtEHV0o2aifc1m578U-Tb5x0sEsydF49B647Mw85u4tJrRxT-0_2nPeyJAMmzJmuGUn1U2WyqMRwXZWXtYP5NaH3bty6mquRbdtyxU7ihb69RWu9-0itIWf4mrbfT980iKLQJ5DQ==,apple.com,apple.com
840,2026-09-10T08:24:09+00:00,journal-app-privacy-audit,https://vertexaisearch.cloud.google.com/grounding-api-redirect/AUZIYQHtrAKd_ZfMXDygIKlZ7eWwTI7PA97rAnmU3U6mW5Dwl73cYjpqdMKAW7MtEe7zgOvror3ykdtu_5w51qFHRBeelyrCbWC8CjuU1znOcNdHONKXVdFDndKSIwaPYThbe9wUfWXmkcGn0NWpqpNvjGfqPsFGCZkAurY=,apple.com,apple.com
746,2026-09-10T08:24:09+00:00,journal-encryption,https://vertexaisearch.cloud.google.com/grounding-api-redirect/AUZIYQE-Wad_pqgQ92PUz5bOFku4Y8fKdCzJwprD0wEVdwOz27svBWwZGhRcVG86_9EhmicSsF-qAmjQJyb5Yiuq4NzOWg4AMZmzl_IeiKllLxGYhrun9qAswpNHvyIpak3MGnuGlPPw_leUsFTbOJmq-luN2JLpicWgQQ==,simplyboard.io,simplyboard.io
743,2026-09-10T08:24:09+00:00,journal-encryption,https://vertexaisearch.cloud.google.com/grounding-api-redirect/AUZIYQEIHtQsxPL6d5pWRJI22hOE1F93uUIPsnYYKKrPXcXplhyAIJhZMexM8MyKKxivKSWFMCdvtuTDGOtA_wENScB4cXtcGaajpole1VBIteOfDuJ0Z03sbxQtsOEp2TDyKP-Z23Zyvh7ROID46uzptutUfMToQ2dCqcYFkxY4BjA7IN3jY4hGj27AeJQ=,apple.com,apple.com
740,2026-09-10T08:24:09+00:00,journal-encryption,https://vertexaisearch.cloud.google.com/grounding-api-redirect/AUZIYQEQU5V8Q-r7QnRZyROGOLCGRohSCjoN23OAahzc0c1Je51kUdg1anu3hoBe5MixvkpFO4XyQVBsiOQdtm-YFfBQUM0Cl7VKU6YAWx33QcAT-7YcydzmUSQ3uCJvzQBLp9dCZHw4uf9DLw==,journey.cloud,journey.cloud
728,2026-09-10T08:24:09+00:00,journal-encryption,https://vertexaisearch.cloud.google.com/grounding-api-redirect/AUZIYQEXd1JnUs3KXk1tVoCGFo3DDl1TV1P8Qai6m2rlaOqrU9gO76kGcrmWxj3zX7-sCwsV1EMcaeYL_cLve8Ek8uNLeq864_iHv9UqIfwX7QFZtTeBIsReicddAHZhyFI8DmLXtv51tD0M,mini-diarium.com,mini-diarium.com
736,2026-09-10T08:24:09+00:00,journal-encryption,https://vertexaisearch.cloud.google.com/grounding-api-redirect/AUZIYQEtbEU1h_2VaTtplefRmgJZ2mEazJGOkLISWeG_lIh1f8IwqTaWQkOHPvefX-WS5H2iqWsV8gqwJNB9iVMUa22MtMn8PS86fypIfY4wnfOrC5dIXoZnyJCAk4jFDN7UjZ5EocbNkNdKrEZLtmpq5LBikioBaBuwSw==,verbalexperiment.com,verbalexperiment.com
748,2026-09-10T08:24:09+00:00,journal-encryption,https://vertexaisearch.cloud.google.com/grounding-api-redirect/AUZIYQEyX6-yv4cQ0LQtBU9lrkRl1Ureyrp8G5dGvfQ_tKsZ2kbEQxjNIT8Xjj7-Gw_8XlltWGJsceHmdjboZhAEnK4fxXPs8Eic0ZEdF233EJEbT_q1HGWEzKX4PGAOahkcXNC7,mini-diarium.com,mini-diarium.com
745,2026-09-10T08:24:09+00:00,journal-encryption,https://vertexaisearch.cloud.google.com/grounding-api-redirect/AUZIYQFHbbfWUK_-rEq6H89sSt6IahfmZyFjZ9pcp6BJMWhnmh90Bm_QZ74JPYO1nBn5CFhZnYWv5rof1PW8RE9OGZFOnFtexmwmo1A9kTnnGJIBYfQl9S1WZERH6ipSu7UJ89_RBU0rCBLG2mx2my81cWYyvQcevAqtVPfQVV7sZy7y3cpLMOwk3hiCzsmV167QXvTksP4Rmu--TF6xPg==,reddit.com,reddit.com
742,2026-09-10T08:24:09+00:00,journal-encryption,https://vertexaisearch.cloud.google.com/grounding-api-redirect/AUZIYQFO3XAWY7_GFoq3PY5jkXI0PYF-DcLEVRT1cCQnCiVCZ2F3a4z9CPWgjxBEAFvFbdmkg6pM1tzcFlo758ghQjmB7Z9Gud463JoGCsoS,dayoneapp.com,dayoneapp.com
732,2026-09-10T08:24:09+00:00,journal-encryption,https://vertexaisearch.cloud.google.com/grounding-api-redirect/AUZIYQFT6bX7VuBLoJP9HGkVDQU1fwGuj43-nrIUHR6w9cZN9TwshAAo6LuExTk-bjg9Cf6EyIR1o3-JD_cZ0geSofk-n2OCU-q8KxdFVMkcfV8PW_0wtV1L_IgVpdyg7MPFflg7UM7FCA==,reflection.app,reflection.app
749,2026-09-10T08:24:09+00:00,journal-encryption,https://vertexaisearch.cloud.google.com/grounding-api-redirect/AUZIYQFcqm0Yr6PdBi3w8YGqv-Qm-z-rDvZ7gtxcMMtTIjcdZZfPbTvDKTCoYypxljfskfsZgQlFEFLhVKLbzXJJ8w4frdJtHfZRUy8JRTCKbS2VQ2N2vPmzqt5AclUD8XiG6f9NdGXXrZCyFfGnObAaJEBhpm47Yg==,gratitudegenie.com,gratitudegenie.com
747,2026-09-10T08:24:09+00:00,journal-encryption,https://vertexaisearch.cloud.google.com/grounding-api-redirect/AUZIYQFd_T2RCKOGUG1xDvEsrKoUBNNmQr3kH67xgDUyojJh5q8XQhY7H10ewvn7sMcL1FBY6-eH1vH_gDftFT8Eo_s9FgFjX5R9kZW2YUcu72eDwGiyuB9XxhtfqLnCdNtiOXdRzpoI1kbSpSM2wZJ-TXuBCXCzx6HUIzOGVtb4-gg6cQsPHfO4J8JO15NEm8-sX98Blj6kq6DYH3q5j2ztrg==,reddit.com,reddit.com
726,2026-09-10T08:24:09+00:00,journal-encryption,https://vertexaisearch.cloud.google.com/grounding-api-redirect/AUZIYQFhrT71RXD2sVHDY2qD-xpJgUoqoOcOLQyRjv836sw8nR1Q1cqV7gAhJxVKC6TqS0alt752VDfjDdI7KPMDmt5aBQhnaHkje4KQZwSS9UzusI45V2Ow3ipNnWpssW3waPJAPQQ_SD7-MqXsbFVM_gVq4ZMWm7yHuA==,holstee.com,holstee.com
739,2026-09-10T08:24:09+00:00,journal-encryption,https://vertexaisearch.cloud.google.com/grounding-api-redirect/AUZIYQFlNlr4SJ_MKziaRyRwWdDLtbvWwwDUk66bmjxX1Rz2eoTy8en1z8Py6aU-fpoHnqZrd8sf_dmQTk9y0XWRnVpudSuu7AtaX8IgmOh6jTz5Naw2y9-vBQgtRBJPXA9zjPCqOE6wYL9hkID15w==,dayoneapp.com,dayoneapp.com
727,2026-09-10T08:24:09+00:00,journal-encryption,https://vertexaisearch.cloud.google.com/grounding-api-redirect/AUZIYQFx68ncUAsajhNpAh7C5epk2O5rk1xIkl4aubsrkC6zgp3vFc4Oy4vG3wm0RmFY_YXBZbnPE8gSYcCLML2ivvc5eQJSrLKHETHpj0CmqaADp7cSZ_6ceeEF5e6JJuK77ZWXalRGZxJRQebARByzYEjKSiN8dA==,gratitudegenie.com,gratitudegenie.com
741,2026-09-10T08:24:09+00:00,journal-encryption,https://vertexaisearch.cloud.google.com/grounding-api-redirect/AUZIYQG8heYfajKZe5KeKo-5TsTEj9s2tZJeyS7Nn3C9xRqIB9yiv58T22U8rkPAaPxkZegPqyHGoKFdJsnmo1YQpn9Yv6w-ByBqxfgJ1dvMntm-x5OAxljIOPP-qythXX_1rNG6L-ePMrKvy6f7I53knpt096L738HlKQ==,deepjournal.app,deepjournal.app
734,2026-09-10T08:24:09+00:00,journal-encryption,https://vertexaisearch.cloud.google.com/grounding-api-redirect/AUZIYQG9ZbvPCnnoitJq8_YSD-ubKBeREd5-83wYqz2sK3mEJTtm1k2LzpJLgJnkuYWX9wf0UJEbJMFRSV7bhWc8GXemT7bZFdMB4xIJlPKNJ_5Dvxexrx98duZq9F8QYb1BjqQ_gQ5CTiyj1pY=,storyflow.so,storyflow.so
738,2026-09-10T08:24:09+00:00,journal-encryption,https://vertexaisearch.cloud.google.com/grounding-api-redirect/AUZIYQGJ4AaZ-gtO_tLDRo66MWeusiFWOkGeBLBBxoD_cx2IKMAUbhA1DYkMA8ojShD6fxNR1kwKzMUa89ilToaygV-zeVxn88nyIOTei70Nx9HrXHRpyUeE6NRXsRMMqxu5XM1htXk-pDrG1tmd32gUSHhLN8opXHpSGI947EoKF0N0mAEVgoxo9h3JZZE-NjSfOVcHxNrPqKxAwmvbHeOLfuBFr7FrxlbYm38of0s=,medium.com,medium.com
729,2026-09-10T08:24:09+00:00,journal-encryption,https://vertexaisearch.cloud.google.com/grounding-api-redirect/AUZIYQGrE_F_A7gJE3l_nqNDNL75NylQaIcA6o2G2jm7HQs2OMOaF_O5usMzAv9KGjJxhlWosAfFFCfYOH5Fm0OqQSRvYG9bxBGKt1JRNZZ3XSGAP5rrR9A5wC097_npPRc4YCXVy_GVjb2MxDtGBw==,dayoneapp.com,dayoneapp.com
737,2026-09-10T08:24:09+00:00,journal-encryption,https://vertexaisearch.cloud.google.com/grounding-api-redirect/AUZIYQH7K8aNozU-096bZIDdQvIto5RdnnqxM5EbsPceoSOMEONAqsPhYkz6oBRcI_jKWxDMtBz9TJU3nuDvhJGXZT-58Xv2skfN975OG1eUfaOzpwe44nGaaG5PXSNvHVolGzY-v9jQ5l_A9bfkChAFFVLa2O9fne2a,rozvibe.me,rozvibe.me
744,2026-09-10T08:24:09+00:00,journal-encryption,https://vertexaisearch.cloud.google.com/grounding-api-redirect/AUZIYQH8O9a9OIB3CtNMJsjShIGGlgt9crY0U5Fw_rGL-86s52wPaPFDd4R2WVgB5qUSmgMHIg-TUsCf-Fvm9lnLnOSrOdx4hYw46JnaA3MU65X3xUXkvG-GBv6u_o0GQf6yfKlNLYisWCCfqpME-8bN5xUPRQ7H6787ob5bqcalmPHWfHDHusedfxbwRPXZ_YjIzCL4a_1QB6gp8w==,zdnet.com,zdnet.com
723,2026-09-10T08:24:09+00:00,journal-encryption,https://vertexaisearch.cloud.google.com/grounding-api-redirect/AUZIYQHUGPRN48K6R_pEmW-1UD-AgdKnBdM_MMMdcm_M_LLMIVbZQ8saINuKLGyBJZ0s6aQ0VExmDu5s6e9YoPKARXk0jRTnfFNG_p4VHTDBkBbrn_uox1vxlgTwrUHZF_aYgwqHoBrCTk8fquRo1wJxR9wURgQrw6BY,rozvibe.me,rozvibe.me
724,2026-09-10T08:24:09+00:00,journal-encryption,https://vertexaisearch.cloud.google.com/grounding-api-redirect/AUZIYQHUGPRN48K6R_pEmW-1UD-AgdKnBdM_MMMdcm_M_LLMIVbZQ8saINuKLGyBJZ0s6aQ0VExmDu5s6e9YoPKARXk0jRTnfFNG_p4VHTDBkBbrn_uox1vxlgTwrUHZF_aYgwqHoBrCTk8fquRo1wJxR9wURgQrw6BY,rozvibe.me,rozvibe.me
730,2026-09-10T08:24:09+00:00,journal-encryption,https://vertexaisearch.cloud.google.com/grounding-api-redirect/AUZIYQHVG8b9FAJALBm2o50avOvtG2IhgxXjvl7qly2wmn-tXs_-3JYpNzkJzwYPHv1C4TKA5mpwhnmBRKjz3NQsqiKPtnwxoOL8WD6OyXAb75x_1Q3tMWcut5R8VJoVrJ4Tucxu92uyRcMTGwhv8d3y8kDBWCUzgkOMrA==,deepjournal.app,deepjournal.app
733,2026-09-10T08:24:09+00:00,journal-encryption,https://vertexaisearch.cloud.google.com/grounding-api-redirect/AUZIYQHVG8b9FAJALBm2o50avOvtG2IhgxXjvl7qly2wmn-tXs_-3JYpNzkJzwYPHv1C4TKA5mpwhnmBRKjz3NQsqiKPtnwxoOL8WD6OyXAb75x_1Q3tMWcut5R8VJoVrJ4Tucxu92uyRcMTGwhv8d3y8kDBWCUzgkOMrA==,deepjournal.app,deepjournal.app
735,2026-09-10T08:24:09+00:00,journal-encryption,https://vertexaisearch.cloud.google.com/grounding-api-redirect/AUZIYQHfptIX01f0ROVAl7ze6wOpafL-JsrXw8eqsUzEzMPqI0sDyfvyaIVyqtMN8nfjpJ8I6PXQtoSZzUFWsLiTok5Ys-UuNibv4rW0ae2Md_QVJVofJcBpTimYiWwmZLg503s6hbpaDuIqWp2ae9i9KzbNTANugG05GB037sdTjeubYfluoGRDwlwWEiioqSd6P_oA9IJL1acDEYUGuw==,reddit.com,reddit.com
725,2026-09-10T08:24:09+00:00,journal-encryption,https://vertexaisearch.cloud.google.com/grounding-api-redirect/AUZIYQHgnfY_8g69CkRl5Hr_fl6W_dMymN-2rKiDoCWM2K_OVqWO_tU7dJj3qLKXFCClwhOdYb-_Vfhu7TfEis-ghDXjEZXQJCYj1oHfIW4M_a5yGlliNLkP1QfXu5wBDxC1oxTRaAxN9qoZKrd6m57MjTCMZsxpwgyz3ASSBf5gBLt_QoCufperstt5_km4hRtwu5QRfxLwfCJtL3Aki85AE29AvbV6HcZnKgdMu18=,medium.com,medium.com
731,2026-09-10T08:24:09+00:00,journal-encryption,https://vertexaisearch.cloud.google.com/grounding-api-redirect/AUZIYQHyIUnOOsLZ8oMuBSGUwMzPJXkE_F3rRSJm1lhidBFAISRvIXljTZqbTdMan4x-rb-0-0CJ4n0N2uCRbAxZZTseC2HYBxGOHOavlcDEeme4RonWcUZ7aM6vUu4Bl5s6PkyjoTETPRgiG2eGiAJmwcL5_19x7aIVmXfJ1R_3MVZa8ob_UjLx-BfB13A=,apple.com,apple.com
668,2026-09-10T08:24:09+00:00,journal-therapy,https://vertexaisearch.cloud.google.com/grounding-api-redirect/AUZIYQE4qKWpbUEOCyzyM5BSnw9-34PI-LNh0aMYnP4ZZuOYrIwWxMiveu425GF34TFbu9b3s_-n0-1BAC7Y5EeadiWFTsJccrxzg1gVrytHAeQ48hwWW68U1G76HyZ1j9MzH1lErjyWAS5NvtEGPP-LRiODbJtCtpu6,empathdash.com,empathdash.com
670,2026-09-10T08:24:09+00:00,journal-therapy,https://vertexaisearch.cloud.google.com/grounding-api-redirect/AUZIYQE4qKWpbUEOCyzyM5BSnw9-34PI-LNh0aMYnP4ZZuOYrIwWxMiveu425GF34TFbu9b3s_-n0-1BAC7Y5EeadiWFTsJccrxzg1gVrytHAeQ48hwWW68U1G76HyZ1j9MzH1lErjyWAS5NvtEGPP-LRiODbJtCtpu6,empathdash.com,empathdash.com
663,2026-09-10T08:24:09+00:00,journal-therapy,https://vertexaisearch.cloud.google.com/grounding-api-redirect/AUZIYQEPD2cGU8wWKN4TfBI8mDB0OWLb9ThIClOyyII80_u7D_1jBF_nUS4BLY0EgtObbVmGbArMXd7qCs_sCPtyObBHHE1ES32EjcPSwA-wuw3fU5qhOqbzlS_uzBJBDrHV9wzFThIWQ9Rarbfn2ib-VDvGfMMx,emosapien.com,emosapien.com
691,2026-09-10T08:24:09+00:00,journal-therapy,https://vertexaisearch.cloud.google.com/grounding-api-redirect/AUZIYQEYR03-vOD1e962ZOf_k28ZtgswOlBbvW4l_Cj_TDYnt2lMqsE954eeXQ9DXIBXYYTtPBa_USLWLHvB9liS4hJHA7ifU2zETvPn1VTPsCTYCyedQSmDxrtes82p6eMX36fiED7TJTxnL_SeIuUwKbo7,journalparty.com,journalparty.com
680,2026-09-10T08:24:09+00:00,journal-therapy,https://vertexaisearch.cloud.google.com/grounding-api-redirect/AUZIYQEg8g7A5V4KFaI827qah1IaIZkPyBbyCIKTEDmUnuFdAOPVLbQM0X_C4k2Ckk8XPkoeupMPajp1C5R4uI98l_6CdPLJ6KzyIWvBxC_PyWDr7hI4miUj63WKIkw1iP4-FNLvkcq0LtEgKIRH_0DeBZBOfJcPEH5xczhlo936V5PGtM_Ytm02,mindsera.com,mindsera.com
690,2026-09-10T08:24:09+00:00,journal-therapy,https://vertexaisearch.cloud.google.com/grounding-api-redirect/AUZIYQEjJXLttUlOBleEWgT_3mkFGiQTi6uM3bEB5fmCAr5_58kSv38nBieah67fd5MSQ9cfZapn_aQ0kVqnrBnNKUZbCiikb8Dxvs2Jm2ri9dd0Juo2hOfizM451GD2udbvCBicBwTPAV7UfGG7RiacGiAR4ed6WOk6,empathdash.com,empathdash.com
681,2026-09-10T08:24:09+00:00,journal-therapy,https://vertexaisearch.cloud.google.com/grounding-api-redirect/AUZIYQEyGTIbnf7dTuo9pQ_MLruHIs7_8ey8TzbDjssXBkANuo4q5bSVTE_10mP_FmxpQA0n5Uvc4jZrs4EkrMu-WO8qUxUdqyyMbs-S3gAt-At9nJWHq6e6gcZC_2QyJ9Uri8_h1swLRIKdPYLWwueZNTD4RHAS,emosapien.com,emosapien.com
684,2026-09-10T08:24:09+00:00,journal-therapy,https://vertexaisearch.cloud.google.com/grounding-api-redirect/AUZIYQEyGTIbnf7dTuo9pQ_MLruHIs7_8ey8TzbDjssXBkANuo4q5bSVTE_10mP_FmxpQA0n5Uvc4jZrs4EkrMu-WO8qUxUdqyyMbs-S3gAt-At9nJWHq6e6gcZC_2QyJ9Uri8_h1swLRIKdPYLWwueZNTD4RHAS,emosapien.com,emosapien.com
667,2026-09-10T08:24:09+00:00,journal-therapy,https://vertexaisearch.cloud.google.com/grounding-api-redirect/AUZIYQFEZdCG2tZGZmO4_hdHb0CsRV_MAazu7wIIh1a6B3qzOkYcXtwVU6ui8HOMOsyiCS1vOrKAbKaNqpNCIe24NaTvydxjPZfWqD8dH8cBXG_1RTfFTzaBVO2OiShXFG8OABLiQZe4__DrUkG7r_MPc0Nr6Nnk4DxCNk-UGpslxxpVAdIu2wruoAFG6JTB0Ek=,rosebud.app,rosebud.app
669,2026-09-10T08:24:09+00:00,journal-therapy,https://vertexaisearch.cloud.google.com/grounding-api-redirect/AUZIYQFEZdCG2tZGZmO4_hdHb0CsRV_MAazu7wIIh1a6B3qzOkYcXtwVU6ui8HOMOsyiCS1vOrKAbKaNqpNCIe24NaTvydxjPZfWqD8dH8cBXG_1RTfFTzaBVO2OiShXFG8OABLiQZe4__DrUkG7r_MPc0Nr6Nnk4DxCNk-UGpslxxpVAdIu2wruoAFG6JTB0Ek=,rosebud.app,rosebud.app
673,2026-09-10T08:24:09+00:00,journal-therapy,https://vertexaisearch.cloud.google.com/grounding-api-redirect/AUZIYQFT8Mwn5IonGtjz9T9brilECdS8Vzgsh69UFRruk38Fpy3QxKUvrXJTAVVKf9shYILKfhUkZUfk5GgPRg8b804oAmd6G7y2DWexA3EfINKUKLa2JjAuLEb20_p5xb38P1zAfY-TDDpvlyhU1rWw83ZDEmoch2Zb1FYBmgo=,rosebud.app,rosebud.app
682,2026-09-10T08:24:09+00:00,journal-therapy,https://vertexaisearch.cloud.google.com/grounding-api-redirect/AUZIYQFc9o-O6CMHQMFC63v-9hXC438TKyOc7ghpc5KZpmY6JSG8Awo4my1QcSJIiYtM6b45ThpXAU9397jPF31bYbLJoa4hLZLdpOJ-3nDR2QbsxdMrZN04mYMPqYBOqCgwQb8pT8FreARGAw4hGKkhLhlEQ70oOLfZIXW8tqF3krOZcIBD2CJlZszvzqVZrliCDUmP2El8OysIedFxIgzOkuBiBEVZwrypzwrveuh3nI7GQS64ddhXTS84ZA==,denverwellnesscounseling.com,denverwellnesscounseling.com
689,2026-09-10T08:24:09+00:00,journal-therapy,https://vertexaisearch.cloud.google.com/grounding-api-redirect/AUZIYQFmCrUNmtWsA04eGjJMyTmnzO_Z86dwPT1l9xfu4Q2GXUGxsJw9QPrOw6X85fA3iePuJp7rSS4BPzwyrQZNA6dtpCRmVtq35WNxkvOnneyTJVdgH2G6t-9VEpKLrTB29L9yGd8fEA4tTgTswXiRoAcewumIU5PasQ==,holstee.com,holstee.com
688,2026-09-10T08:24:09+00:00,journal-therapy,https://vertexaisearch.cloud.google.com/grounding-api-redirect/AUZIYQFyMVNVyjxbA8Hpm70L0eqX1is_DQbuRl1SxA0UDO32XOKCH22a_-4aifSBAw7talfqKpsWE34NhXP7U9T0OMPPSWxAsJvgDRT6YwQ1cWJq6_1hVt12ltK1UPP2u47GKXMt32wTDTcg9-XUzk8XIodmk3vxkyidS6BmhzPy,kickstherapy.com,kickstherapy.com
683,2026-09-10T08:24:09+00:00,journal-therapy,https://vertexaisearch.cloud.google.com/grounding-api-redirect/AUZIYQG-Gd8z4tRBgto9B3DO2f073Pa04xmaOg4qJ7l-12nW7Ey28PPkJRicIqSE7N5PEEf-7egFw2YXAz5icdoSZ3dmichRfdFwkGSW_NBRjaUf_7b2DqLZdzYczfITHboFw0O9r0aXC2J1e_JL1HR_gJjrSCaUPm7E2_MAP25gAnPRL4zh4hJhDTgroP9adqo=,rosebud.app,rosebud.app
686,2026-09-10T08:24:09+00:00,journal-therapy,https://vertexaisearch.cloud.google.com/grounding-api-redirect/AUZIYQGK3GmV6Xz3eq9s6vhHorvm_9EpnYc0itizVymetuTXAr5n1Lgta3mi7-ryQdJC8kWmcMUmWKeSjtUsGLa5kq_UQH72lgcBMK_KBtmlnRrcXF_gnjWPsDNdF63ISgiO8y8lyvsLJcdsEt5E1nsflOINypsqblW1jMwvhoIktU6h8x9pudvrFxLUOuyB,google.com,google.com
679,2026-09-10T08:24:09+00:00,journal-therapy,https://vertexaisearch.cloud.google.com/grounding-api-redirect/AUZIYQGKNswK-lTI56uNdJV1P2d8sYBsVZUm_sUFl16b_tpgkls3022AkW6GYLsLGjWwiPHJXGqOfh5ejdN5AF5r5Hk_v5uQCMMJUzlEA2Q9_tcG4XmeEB2hmp07e4lYfN9e_lI0MPSYf4971CtlLiZ8SY2fKUiYaCqzammPZXD6sKPqlJNAjgn3AqgRJQNvnFDOZotfvVbQXpjWx5Db4BgbZowQt3gkEEzfZBGflWmv6K9WE-X6MCAGSvbwvegSf8gpkQ==,williamjames.edu,williamjames.edu
687,2026-09-10T08:24:09+00:00,journal-therapy,https://vertexaisearch.cloud.google.com/grounding-api-redirect/AUZIYQGNAkRBMSPLmJhE2Po1D0ulsObzVo0v35Ys-kMK1qoWswXJ4A_Z98AKh1HdBWyEa-p4lU9q5tyRQV7dfETvI-xjFGEFqoBFP-yqomyR_NMWXsLQInv8pXPTc5QNaMY517zNNYCptqZRbTwqLAeFO8kcGHcVenKhZgW8PYwKtA==,rosebud.app,rosebud.app
677,2026-09-10T08:24:09+00:00,journal-therapy,https://vertexaisearch.cloud.google.com/grounding-api-redirect/AUZIYQGNereissAIYy-ViuXfhkEnmsa6MrSCilHnDELMJaCGg7Oeo7GZHtIHtvCPrpgbwgv4ydka5VXIdjB_rgxjhkIQtevv4U_shQqHL25MdqIHSWjKNH50PaOXr2I1YbZINh_eGDKWIsgpnPfF3JuFjYp2Y01hux8J,holstee.com,holstee.com
664,2026-09-10T08:24:09+00:00,journal-therapy,https://vertexaisearch.cloud.google.com/grounding-api-redirect/AUZIYQGSwpmrcuTvXrjpjUEQl4Y84qsuzQ394GgvltRmiJv1UkmiNW5tLVV3oUH-Xzy0aqPEtBXH3BxrLSu250O5RQrB77RxbcHPK57iBwJ4pN9a-o57MeZdQsU_F887kWfPR-wYAch9YH7LxFC1w-zf7MuOwdaTI1fX0v0cfWtrIkDaMhy0bC6UnQ==,mindsera.com,mindsera.com
671,2026-09-10T08:24:09+00:00,journal-therapy,https://vertexaisearch.cloud.google.com/grounding-api-redirect/AUZIYQGUJ-bFTcBebauEUwuN_irY3IfGIEvhZ-RAQyY_Ad3i_N5u4UatefWdVTvHFahqxYuNn8lWg5gHBJ2uB2NhUwMD-U_uPQCoE_YjyMuYZRt6YjKmym7toiOtQdHs3NFeJdZJfbdVOKg=,betterjournal.ca,betterjournal.ca
685,2026-09-10T08:24:09+00:00,journal-therapy,https://vertexaisearch.cloud.google.com/grounding-api-redirect/AUZIYQGkZpHpbT4jLHEcm_6rV4P9B75Mcs0Zduwo_9vVVpHoXC9-f3pVA3_W59-RHCroYbJcibfq1vXGOCLP_rNrXjupuam08Ny5Apb2NJ2Clc9_OEQJ693dW2LRR7YJ1DZ6ElGIpayB,choosingtherapy.com,choosingtherapy.com
665,2026-09-10T08:24:09+00:00,journal-therapy,https://vertexaisearch.cloud.google.com/grounding-api-redirect/AUZIYQGnHhOP5g2WhdtJesPl_Si9Zf4FIIWhkDYSVVVlFbuU8vHOMGZDtkN32lZs0Avgluv5SWUG5dtnsd5oJSldmUUF4TStNlSHO_THNWmExh3H_zZZ6Ime1Q02Byq1Zl17EJ3_69ZoDmA7Ob_B2sqaVoN0KDi7WAEiBLf9Y4YzTd99rxkxmKLNR0z-_yqff_PIG02Fka4QkCy2BvhSd9nDX_wCj0FbEbz59PDqmiKSAT6FbcHrQTd9ixxLyg==,denverwellnesscounseling.com,denverwellnesscounseling.com
672,2026-09-10T08:24:09+00:00,journal-therapy,https://vertexaisearch.cloud.google.com/grounding-api-redirect/AUZIYQHEGDO1LYC-9Wir4vHl0XporJlpymBdJcUoMRhCuwbamlSFMw0Tm6dDEX-2_RdLxCfOC9FVm95jj2hr3e_9RSQTRBScpvaV_tYcIjOcalHUG5pflg2YWN9cfAfVHGw_-Vm7R6SbRHhTtlZFss2MuEKrbp6CE_k=,empathdash.com,empathdash.com
678,2026-09-10T08:24:09+00:00,journal-therapy,https://vertexaisearch.cloud.google.com/grounding-api-redirect/AUZIYQHEGDO1LYC-9Wir4vHl0XporJlpymBdJcUoMRhCuwbamlSFMw0Tm6dDEX-2_RdLxCfOC9FVm95jj2hr3e_9RSQTRBScpvaV_tYcIjOcalHUG5pflg2YWN9cfAfVHGw_-Vm7R6SbRHhTtlZFss2MuEKrbp6CE_k=,empathdash.com,empathdash.com
676,2026-09-10T08:24:09+00:00,journal-therapy,https://vertexaisearch.cloud.google.com/grounding-api-redirect/AUZIYQHIHWytIiIx5ekF2ZlPmzf55mN-6zTlUnQtxDIKElt0XTc71NJYElo3DMgGtm74F9Ijtzk2OfNWDeDU1kXDdLMd2pYjzQKalgPcSJIXgk1_Z2USYfsBb-nB6WBzl3WHdfIAhI-MbNf6tZvFBD9l3uV2mhNVSR87mY8YV68=,kickstherapy.com,kickstherapy.com
675,2026-09-10T08:24:09+00:00,journal-therapy,https://vertexaisearch.cloud.google.com/grounding-api-redirect/AUZIYQHIJZrjD25G6W6rrpmW2S1D67M22YbViwK0iTaTUA7oTK7PFQoLP1Ang70ri4IVN4fUXjS7HLetoxGvrTWjvsnfKba-53olvAKhQLUORlGidDjpkDS95x2ZPv_97-5LmgpsIiaO62ygp5KiIodTEmH_NNgwyVE_qevDl4gUdMO2NMbN_G7MgKk_uAGvdQQn2j0U0t2r38sAIKIgRH2HoTvJggYDSgkbfYA5sItTwniPBkwESS21udJE,denverwellnesscounseling.com,denverwellnesscounseling.com
674,2026-09-10T08:24:09+00:00,journal-therapy,https://vertexaisearch.cloud.google.com/grounding-api-redirect/AUZIYQHObDW6aaCEYhjRGXcKO0WQGYD9VUg4TaJxhsGFEOusTvYXoGDEH74gmmGF_rZhMzO7q4xdKUy9lZ_FqwTQ3dXSh2KEre_EdC3yf0QptNShWwFoYlusxdQAR6ctTaUQpRvNFKeLE9aKpKVCOFWGEr8FJXs=,emosapien.com,emosapien.com
666,2026-09-10T08:24:09+00:00,journal-therapy,https://vertexaisearch.cloud.google.com/grounding-api-redirect/AUZIYQHSk80y5L60RaDKOkVwaLoMSEsX-ALm-EunwhAAlHtaqnFCcdqLLzLTKIMFW6TzFwLJmj5j9d5l5Ossmy7iWuXpzbZwgdtTBA59Qp8OzJo0sVYJmtRCcdb-9_g2Xo5pudLjm0yFZS-ROwAn9O-nNbqSknDLRfFAA6XkEPuO,kickstherapy.com,kickstherapy.com
778,2026-09-10T08:24:09+00:00,mood-prediction,https://vertexaisearch.cloud.google.com/grounding-api-redirect/AUZIYQE41diX2O2FsKThK3hqDf8LKD_u_WYTjALYsKvdiFJIwa5P98vQe66C-1EoYNMLtesRsGH8MUP2eUbOr4HPfOFu4tOWogj8_CK-8BGD5ti3-OaQVxs_tEwVMR2aVnOKR3eqX-CzE7T9MR18,apple.com,apple.com
758,2026-09-10T08:24:09+00:00,mood-prediction,https://vertexaisearch.cloud.google.com/grounding-api-redirect/AUZIYQEIQf9migcgMuJW7gUfqvTs5UNSq907by9OT_ZL9pG1tTdxvnWVKqnX5_1Eoozu3jpN92DGgfBJ2fJCtdfLbQJveU-ibMze33-qPsjeryFxb9hH-KD_7e4dJyjYCIOydB-QXxHF5rwQhrxvkjRitxKUKIU6URszsylpdeace-KpFEheg5R2fmUErterkbll0HI6Y-r2Mg==,google.com,google.com
760,2026-09-10T08:24:09+00:00,mood-prediction,https://vertexaisearch.cloud.google.com/grounding-api-redirect/AUZIYQEIWtnnU8V05zahaG3pMw9snlfr15cggKmErst0duT_gSjBXZJm_r4iSa0i8KCfzOE7K57U1MUDVp6ZpGSrzXoGux0yq-Xqdj8=,daylio.net,daylio.net
757,2026-09-10T08:24:09+00:00,mood-prediction,https://vertexaisearch.cloud.google.com/grounding-api-redirect/AUZIYQEMFCE-x1eDNXut7q5DXKySad_Rkiso4OTGiR6HMGwFy1Zs34P-su_eSxOEDVRPRB0oCKKwFu-4Cyuz2Tyjk3sUboyhfs1DiaeWf_iLeToiL4nBc565hVjjc-yTSGGYgXBVnglIkEiheotF5FFTGC9Oyd8CkP0siz3ElA==,morphcast.com,morphcast.com
768,2026-09-10T08:24:09+00:00,mood-prediction,https://vertexaisearch.cloud.google.com/grounding-api-redirect/AUZIYQEX6KMklsoa8ej0ptKHcYEzLaffXsW0sM3TfPnct6af2Tisn1OiW3l7Y73JWUPUDktKEEckLY-nepIBolUmb9ui7muXdrnDbwu_01IRiyP9QvXGMvLOauH9IFt8WnmzbN8eDa-FHqxNlToHUCT6zxdxNLvoVtc=,substack.com,substack.com
755,2026-09-10T08:24:09+00:00,mood-prediction,https://vertexaisearch.cloud.google.com/grounding-api-redirect/AUZIYQEYaGkooVcgyQPVItZsOUZ4yjSAHywvnY_YDOB7SrCWX5PoyICXcgt8jpZ3r3j0EB8znjRogYa2TW8YWN8IlUmA0cxLEsxPp5tqW2CmZ0TAgqyI7JPMiJD7Jv0CUoFHdPaY50dY6l_lwna27G_7rk6Hq5GwDjq0V6mU9VIMyw==,apple.com,apple.com
756,2026-09-10T08:24:09+00:00,mood-prediction,https://vertexaisearch.cloud.google.com/grounding-api-redirect/AUZIYQEZuFeK2THulRDQw985dmVNgYubTnMpeHI3SwBsRL1psCgwm1BBClmw4oLu5J8RI3wecQty57C1_U5yHXUbTCFJ1pPBOJ11R9LWQyJpMo0tw2uz8-AZas49U13Qv7z0Eq6pFLWrdfbW,welltory.com,welltory.com
771,2026-09-10T08:24:09+00:00,mood-prediction,https://vertexaisearch.cloud.google.com/grounding-api-redirect/AUZIYQEccUr7E8BhO--3z2zzvtHaWz_QvsJCHYpQKsotr3yWc9Fr4Qwd23FykNXrXLxIGYRa_D3IQDCgV8oEyqOCjK5GoQmB1ngnhUJU9h5ZM2UzAB787CGqja0qO6mJPYZnnbmkpxo5wZLCZ8uPGk5B3zAWkXEaJ9598gff0hJasmsPInIBKI57hZyv8nE-eFO_rv_i,medium.com,medium.com
783,2026-09-10T08:24:09+00:00,mood-prediction,https://vertexaisearch.cloud.google.com/grounding-api-redirect/AUZIYQExQvVjvBIzBo72bAA-2aDXgv_bfjfxxrQWsJvkmrgTLMVqE9Gc-o4TJDSahMocBZnNLhG8O9BWcVKzVJfAYo_CpShhAeGlbIu-rVRw-_T2pNMVCjsECvxHMUl5Y6m9YNtP5FOr,helloanticipate.com,helloanticipate.com
774,2026-09-10T08:24:09+00:00,mood-prediction,https://vertexaisearch.cloud.google.com/grounding-api-redirect/AUZIYQF0WK5lzGvQ9QFaboBsFLRXQ2brm39xc-7hSCNn2pI1GehqfzYnSPN5Zr6ARZaEGE9mnLWRX-UgMtvs5YXR5DVgsDmpFDKs7JjsagfnXxNLzntF5GcoQ9nb38LM9_zKsCfM8BW5oNFn_mw=,helloanticipate.com,helloanticipate.com
750,2026-09-10T08:24:09+00:00,mood-prediction,https://vertexaisearch.cloud.google.com/grounding-api-redirect/AUZIYQF62zHYsCZJZQq33dhxkxAT7WWcfsbrJfxuy-sTIJmNM37kWCg2edzjPAN3HsR7yFbzR9eJeWc1DIYj4o71bJI-d6qkEFjUbSsMBzpog6OLippWAz4xEwQ9q_8gHuJAYVogOCkoK_s3VpFp3bbez4y977bmKxFKUp2zlLw7n6Mv7nCJD0Gg1L0=,google.com,google.com
763,2026-09-10T08:24:09+00:00,mood-prediction,https://vertexaisearch.cloud.google.com/grounding-api-redirect/AUZIYQFFy4eD66gBwp4gWwKRUljo7wINU66XCwE2L6ubR4a_C4SsdwtZ_DbFngzrmaaBHMIOTxlLEF2ojJDuZexTQKVwhHUi4miYRieBSY7Q-7c1WG2C8Xv1Y5E8E6G-Llhwxf0YzYL69Mh1Zu1wiaN07n8OHxZzA6gshtFeAqs7TmKqyvUgsEbJeuMsBhTVNuYhDLW6O7fKJUH5,reddit.com,reddit.com
765,2026-09-10T08:24:09+00:00,mood-prediction,https://vertexaisearch.cloud.google.com/grounding-api-redirect/AUZIYQFNUIBhKCGHE0c3mxE486ps_cQeB3Du9c5fQhe2RWbHODEzNlFhXu24oBU4fJ0aJn0fyOv5qWyg5rr0Q0UkbWzeRAGNvPLBMp_q9SvNHICkAFJb_IAn1OJovVyWgw-GY7LrF66NWaYP6h4xwyXq,apple.com,apple.com
769,2026-09-10T08:24:09+00:00,mood-prediction,https://vertexaisearch.cloud.google.com/grounding-api-redirect/AUZIYQFUa1uAFJ2u-69fzLo6XP0hL6edmF2MJRpuX7tC5ptTBkOyOvV9PV4tk2vud5Lz-VvtK_4TOIqWxkOE44ht8IGDNiXUsArrOidRaoa3SJydqra8G5Jh35FiA5KAOePXp9Oi19Ynafz6W8bVCJ9wHdap0xQnbbA1xJhDojzakF5C9YkVOoBj0TaRRpLjpcLGI5GLnNRvW2A=,htworld.co.uk,htworld.co.uk
775,2026-09-10T08:24:09+00:00,mood-prediction,https://vertexaisearch.cloud.google.com/grounding-api-redirect/AUZIYQFX6uyBIvtAlltcGUxflWlvJ5wUFpgyWkEExJKCFrwgm5zGQcb6zmhg4ISfezNfUqbpU6d479Nj5BgqtqhUDizUyr6pmhxsEoeC9fBj1F9JhJ6KrC8RSWd0UJXXfVdDiYvs,helloanticipate.com,helloanticipate.com
767,2026-09-10T08:24:09+00:00,mood-prediction,https://vertexaisearch.cloud.google.com/grounding-api-redirect/AUZIYQFjJJCv5PqZIcwec0En-9QPtY6g233hLWYCjHIKsdas0EA-g6s6uVpJUfez5T2V1jElJNGJNk0MrFTZv-0ACN_Fh4wt2lx6KvEZykS6Ap1m5EcjVcSWh7o3PLPYjHThrXf1B9MqVA==,hormoscope.app,hormoscope.app
785,2026-09-10T08:24:09+00:00,mood-prediction,https://vertexaisearch.cloud.google.com/grounding-api-redirect/AUZIYQFqTiTdpvscYbFyJ-Wr8xsi6baXMVzKwmgqLmtN-Mq9AqnKkOqk8r4El82FVZnN6C-ix-bV7J3AwswGmLhVuhchWOlAxs5unIZMbeYqpWZFlDgDeJoorIx46duAM6h-gpg4Pjk=,firstwordhealthtech.com,firstwordhealthtech.com
777,2026-09-10T08:24:09+00:00,mood-prediction,https://vertexaisearch.cloud.google.com/grounding-api-redirect/AUZIYQFv9Gf7nBwdJNGbxeNTgT6jZo6-rWnqSTvgZ_gZrrjJEntD9YiNVzjETWtsX-F48daSsVyUxPLCHh1adc3rdO4AWnD6n6A0tRHhvObzd8LHEzh6dKRYpC7A-O6K63bemB8EkZJ5uQ==,hormoscope.app,hormoscope.app
759,2026-09-10T08:24:09+00:00,mood-prediction,https://vertexaisearch.cloud.google.com/grounding-api-redirect/AUZIYQFyy1HcWv3CqA2N30MHqEVc_xYR1SQGWhr0suPlPibbsFadiffWvFKeqAjUyNrA5zAChV2n_-dmIS32wjstuLqDdMIzJ13vcQqodQ==,mindsera.com,mindsera.com
764,2026-09-10T08:24:09+00:00,mood-prediction,https://vertexaisearch.cloud.google.com/grounding-api-redirect/AUZIYQG1QjwE7EdC4KqNTnHoaCv5Z2J-Udawz9sZy08taaXizt_obNruK09uWxPGlG8b6wCyDuro51tTUOqvE7PnzGDUORIup6hKVYKz74UpFZ3OazVrRC2HIwF_yl_W5FOvc-Akq9BDa1mZoS2TpJJdkdg=,helloanticipate.com,helloanticipate.com
762,2026-09-10T08:24:09+00:00,mood-prediction,https://vertexaisearch.cloud.google.com/grounding-api-redirect/AUZIYQGIIq_vUtKNdbw5dwE652tuIAjfXha5KPZDP6v9SLraigzSWvo_xDdKZlyuBluRRu0c051IK2kJ99h0sy6hgk-zptNC9ckT4OfzFY8aXwkMRClUMieS7D8z3lX321DcCnU=,helloanticipate.com,helloanticipate.com
786,2026-09-10T08:24:09+00:00,mood-prediction,https://vertexaisearch.cloud.google.com/grounding-api-redirect/AUZIYQGLKuxoA3yuGmZFs-EPvdK2HAdwp4ySLQDjqwW5X8Ztf-kCuKj9ek1vV6nAyLC2fEwG3gBjXvQiu6SABIdKUAbqKDSmEkmS4cZsUhXafPoQlpmue00eI47QXwvJB4zragX5DGJCKt5c03rQmJKyQqfP-9H-kTVSFqey75tyyfHuhP1MmIjgBuQVqgJV74A-99mVHXFvEKv4bOOw,t3.com,t3.com
779,2026-09-10T08:24:09+00:00,mood-prediction,https://vertexaisearch.cloud.google.com/grounding-api-redirect/AUZIYQGLRGWpsfrUx0CrQNjriOzEdgAQ6QNUgsXsLCD3Pyxy0FSXxhFGEqxgRE4w8rfIXR7ltypgvMGEZXNSua8y1wWuPFeMcyBQ_SRInz4tYms1FlS0Sp-tKFXEAzziG1D35X7OPDVf5EetgHcH-UdR_Gom37dg2FszvG8EGU4=,apple.com,apple.com
752,2026-09-10T08:24:09+00:00,mood-prediction,https://vertexaisearch.cloud.google.com/grounding-api-redirect/AUZIYQGQ9pRod57hWnxkrqzrqOjei-5Gkqq-wfVE1ASt2vOhTYZ68IYY9KEuymOj81DUNoteEtlBVlen9_ve5tx9L7FtsZIsSSbSI6aiq8cRUJ1t0e3UA5GavA4WZ6HqNeb01sk3jfvgPH8c_Q==,helloanticipate.com,helloanticipate.com
754,2026-09-10T08:24:09+00:00,mood-prediction,https://vertexaisearch.cloud.google.com/grounding-api-redirect/AUZIYQGjuDPa5z2fgSVNTBAey03kyC6uUIaqwfsf3Ulj2FALmW78KVVUbvNKA9attYiXMadyyAV--zir0e0eEroKYq9jWSizMEdNE1y6AOh8W-PYBCAezSQcBf-SWIaZALWbghw1PjeBDpT7AzqDZlpxLYBy_nw=,therma.one,therma.one
770,2026-09-10T08:24:09+00:00,mood-prediction,https://vertexaisearch.cloud.google.com/grounding-api-redirect/AUZIYQGoKICrEUwoGrsZ8b7Mcajc3ZrDrcMyuU2uwP2Eo1sAArllz47sKn3UBGGC1Hxd57zUW0g7dlFMb0gaJfvRFgRZnq_mVyGww7-2n_z_1OneLCkQhegOKpYo7N-_BQ==,lifestack.ai,lifestack.ai
761,2026-09-10T08:24:09+00:00,mood-prediction,https://vertexaisearch.cloud.google.com/grounding-api-redirect/AUZIYQGs-hYiQmqXPlXBqsxYdVAgzH6g99u9hG5wClf6FKxjheHehySuzwmNEbhNXj_W8OJkyHXZcTudC8GQp1vHvgQ_AszfBD_2jFppfkQI7bE3Ee57XmknYI6Ua-vb5Ui8YORMePx6PpcS0ymd5oc=,dayora.ai,dayora.ai
776,2026-09-10T08:24:09+00:00,mood-prediction,https://vertexaisearch.cloud.google.com/grounding-api-redirect/AUZIYQGwVsVt1gUdmwMnhmrAhiR2KBnYETHiZwKrGplYwdSvcU-HkV8BhyJ3tzrhki4jCPpBa2TQ9EniUvwKlaBD_bsBcRhYdMv-uenmONcmwyBCDu_bR6NXfqasH6ZsyD9jsaahNVdVdR4PpMyKeKZw,apple.com,apple.com
782,2026-09-10T08:24:09+00:00,mood-prediction,https://vertexaisearch.cloud.google.com/grounding-api-redirect/AUZIYQH5PkYTmTR7HiWmNDEBjMW-ZR53ojUN0X4nMpQiRnn45tlR4yj4DlJYxPBJ6ZQqgK8Kw3qs-LjmS8H1bFOSdLINs25_WMe2nf3wj1Kv5WKJpZoPICAo-4hHtb9Pa4-RdQYTXoTT1X_axL-uOH7TwZH8Cnpn65jUBKV55lsBuj5gh_OxCgE0Y97TvnnPp_9jo9cL1N2ZWD0=,htworld.co.uk,htworld.co.uk
781,2026-09-10T08:24:09+00:00,mood-prediction,https://vertexaisearch.cloud.google.com/grounding-api-redirect/AUZIYQHA11TR9cWSFHVaZ4e0pVD9guLyxIPfcoyoESsOX87zFvFOrJUO1GOK7K8C6rOi_AsWbEoXCYK_y6VnT6P7ZBufGu6nWjw7lUDEjQeHdxWb8CvnwvEPArntAC2KuTJlSfuFCPUrRTOD_OBqZutfV9T7G1xNY1KzuXOnGw==,apple.com,apple.com
784,2026-09-10T08:24:09+00:00,mood-prediction,https://vertexaisearch.cloud.google.com/grounding-api-redirect/AUZIYQHKsZa0s2nVQbCK12vhkBgrkqfk2_fWSxx53YUwwjn4-X7iT6QjYQ4FhneDhuNudcy1Tw28DLODtCXT9lkuw4ehCE4zM68Ob9h4-whTM_lTMwDApaKQ7tV9CYuQ-wRydcNN9QnxaXeNolJxcxxAF_nRcociV4rNJ2lG40ZG75uSk1uLbVHBMx4xoFEsh_5HJfVu6dJH5Fq3lX5a866WBh5GG7NGAvH8zC4=,mcmaster.ca,mcmaster.ca
753,2026-09-10T08:24:09+00:00,mood-prediction,https://vertexaisearch.cloud.google.com/grounding-api-redirect/AUZIYQH_Vv9dCf4YI35qOY7rn2JbxlYpKUwUOTG8nNavCyj4mPx5BNTxT-EXPxC3izh4o_GIrh93c1-Ihlen8U_l68P9Nrpho8SNs_NeeDvgYFC2L8R3WoThH41g,mood-me.com,mood-me.com
773,2026-09-10T08:24:09+00:00,mood-prediction,https://vertexaisearch.cloud.google.com/grounding-api-redirect/AUZIYQHeDBV6fPF7CR6LVZn0aHHoyCoTk4uGChXkZJlgxTpBm9N9zC5UabIk5ycrDqY0W2RZk_qrgrR32VpaHLfqjQtGLy24R14c2BWLzR7PuEUEL8JMBzLcMpOZc6yTQvZ97_xEzzAE2vyWAXcZOafE8TE=,helloanticipate.com,helloanticipate.com
780,2026-09-10T08:24:09+00:00,mood-prediction,https://vertexaisearch.cloud.google.com/grounding-api-redirect/AUZIYQHiJJwAkt0U9-KfgiMcbGPZ0csWUSz4ihPwplSqgvI8b2Q2f89HCjfWEW-Y-lLPyeYRzw2532ddsHns-c0T1zIBWX3FJ1_kyUeB9oqHHLDo3ePZuf6A-QGUFc2qoBPxdv22g-3RgjarN7kSzwf9XMb1,getlunarwise.app,getlunarwise.app
787,2026-09-10T08:24:09+00:00,mood-prediction,https://vertexaisearch.cloud.google.com/grounding-api-redirect/AUZIYQHiw0gPiGgQWrZqROXeDeqYpnzdrTMc6Xi10vM3krMrp7rw7bj2YUu5zjoXezMD0c1JiVVHQBcpq_kz9s3eaf2_BsJu9JSNP-TttXHoDW5JHyzCtK33i99rT9EdDS7tiSns4Q5EFzIxur6D87cjljH6JMVNr6x930Ba3Ir7yA5MVorJyIkfze5El43re4bIgD8XYUtN-LrJLkCd2-wWWQ==,reddit.com,reddit.com
766,2026-09-10T08:24:09+00:00,mood-prediction,https://vertexaisearch.cloud.google.com/grounding-api-redirect/AUZIYQHkPOngySO7cMDbD4UaUpM6I0LM0HDAx8RYi3ENTT7-_NeiYOqdA662sWo6WMaxswXA7lytwBkf9RK8n_HixjvK9RTX-YhY90ouxyz61Lz1JB4enNl27ex3R16gS3edgCBVyYMa3iv2FbBG,apple.com,apple.com
751,2026-09-10T08:24:09+00:00,mood-prediction,https://vertexaisearch.cloud.google.com/grounding-api-redirect/AUZIYQHpOXvzobh3zP97QMDWZ7PEL7NtT91zhRCa8QZNmqKzhY4U4Qir_E8yv06iA7I5hEuwL1Agi8W4kwucwdvlaKBwM5pM2LXgsjrpXOoNPxcBezYhjTAsY4nc1Fc4lC4QK641xNV9DOTLpihv_pc=,dayora.ai,dayora.ai
772,2026-09-10T08:24:09+00:00,mood-prediction,https://vertexaisearch.cloud.google.com/grounding-api-redirect/AUZIYQHzrdqhumx8vOP8fUVks0dovQZY99uTn2_654EhPiPfh5lisLbW0UpMMZQaUeENHFM-xUUpGlw_IP0eh7iaYI3te4CAkT0EjLuJgz9x1a-UbqtO2JkPDyrFyts1unkLfUzIsO3StMyl,nih.gov,nih.gov
703,2026-09-10T08:24:09+00:00,open-source-journal,https://vertexaisearch.cloud.google.com/grounding-api-redirect/AUZIYQE-JU6igh4aOv7wotyBa3pfnKlTagpe7ZZZ8FkPzYwBpPhFbtgbTNLzFx2i86x9Q2ensVECZ7Bf0evVSL3RXivege-e2-CgRjHTmsqcckM0WMl3oQRoku2xFGH_,github.com,github.com
704,2026-09-10T08:24:09+00:00,open-source-journal,https://vertexaisearch.cloud.google.com/grounding-api-redirect/AUZIYQEPCR-G3Fua6A3X2l8BjXXgNHaQElrZD-scGeNBWMLBdl8aGdBy-qOdXVVWNINVR6VKo4_jqVkSy-vKBrA8heduRxQGMUW0PUaXufZqFuyxSYGy97PhuxZGRaesveUy1r6lWbjX0GaM,apple.com,apple.com
708,2026-09-10T08:24:09+00:00,open-source-journal,https://vertexaisearch.cloud.google.com/grounding-api-redirect/AUZIYQES4_WYbV9EMARGEmLv7Zz4815IdirSpzh2dK2wZCBBhVk7MXFCS32g_6pKis9n0Fhgu1DN1jRJ7xSX-UyngOrROw9lD2Ulzfd8_9FxGbkGXvytnf6Wbgk8pdM=,github.com,github.com
720,2026-09-10T08:24:09+00:00,open-source-journal,https://vertexaisearch.cloud.google.com/grounding-api-redirect/AUZIYQEiPTDUOaMa8AEo9ydmBMgWBWxUCnSZoUKksV2N9exNN0IWRAe8zhK-fTjFK__tWD4NpT4t4pE89SG89v0A9tHuJ9dPwI-6LvuuUd1rDoowCmH5BpEIXC5aUGCHJVfLOt_7,youtube.com,youtube.com
706,2026-09-10T08:24:09+00:00,open-source-journal,https://vertexaisearch.cloud.google.com/grounding-api-redirect/AUZIYQF74KBSR1BjFQ704byns0kVYsT_S0YSJfR1htmO5bcLMcum6jv2whl6f4wIKyssi1lEmfF4u7h6pA1cKQwv4erxa-qPsOXQQOmN5XA=,dayoneapp.com,dayoneapp.com
721,2026-09-10T08:24:09+00:00,open-source-journal,https://vertexaisearch.cloud.google.com/grounding-api-redirect/AUZIYQFB4psxT_ns3QYTfRB0DzBusXgRuNL9S5NvU05w3gKbqDwH7PZW4JdfFO3sZMLmcuVQCPapKZ4ynK4oFcY0Qp-NPiSjRtSjtywewrA2Xivb1-2egAfptJp9uMbvwb8McvHCSzXCWcF2,youtube.com,youtube.com
711,2026-09-10T08:24:09+00:00,open-source-journal,https://vertexaisearch.cloud.google.com/grounding-api-redirect/AUZIYQFCgJs7LDVsfDs3k5oGuURz-k4_2AL96ehVblyQRNG1zUuvL2eliTD_QDlgQqsc_B1X56nVV3fvLc1YWJyNkwegddZ88q_XJg1wtA5WEHeDY-fbPeDM3Z8xXWcAPijEZeVzaAbI10jITJZq,apple.com,apple.com
712,2026-09-10T08:24:09+00:00,open-source-journal,https://vertexaisearch.cloud.google.com/grounding-api-redirect/AUZIYQFK98LwvjcN9Fk7oQmSNucI7rzTbNLkF-ALQXHxMyYSp2ShNabvRr16v--xXAKsnejRMhcQmTZCKOwYMw3UHQBMSUv9c_pRjEzUiWYXKppWTPp7Ucjn_OK7zQ==,github.com,github.com
715,2026-09-10T08:24:09+00:00,open-source-journal,https://vertexaisearch.cloud.google.com/grounding-api-redirect/AUZIYQFLuqYd6y_1gKuWOqPLgkziYpFDExwSD-urhUo8QrwM1hYSCjs9nxegxnGr0QjFKWMc32vVJ6q8enTI5d9aMInI3SNPvXtjh5RKQ9sneOayAZo9TLBPnC4W4JtQ,github.com,github.com
722,2026-09-10T08:24:09+00:00,open-source-journal,https://vertexaisearch.cloud.google.com/grounding-api-redirect/AUZIYQFSJOpPzt2qi2UkXZUkXcwmT-AT2YM0Tr-pRD4_AK6HCn5_irfD1LN5dH9_VjIEqmWKBTgBbxzN69aMAcC4skxWe41U1IJ77te1OrBO,dayoneapp.com,dayoneapp.com
697,2026-09-10T08:24:09+00:00,open-source-journal,https://vertexaisearch.cloud.google.com/grounding-api-redirect/AUZIYQFWebjPC5On7GvmzdZFyazzUYM4YqKd5xU428IazpOe2yGJ-MYIqoIWFP7bIP6firjqW5Xnu2oLuMj4UJ85BnlBVs1R-Js0jtszSS6n9TIKgm6WyzIVIqWXNZKWtXFseAtsrsZ_wKFa,apple.com,apple.com
698,2026-09-10T08:24:09+00:00,open-source-journal,https://vertexaisearch.cloud.google.com/grounding-api-redirect/AUZIYQFY5pS_GeybdpWhEzUt28BLMG0yB15rRVGR5YPmwQ3tB2aCvX3lHqwUfs08Njpw_PVLnzlExV2S9d-B4yrOz8vMUM6xnADcNVPXiHhg6-S9g1tR,logseq.com,logseq.com
693,2026-09-10T08:24:09+00:00,open-source-journal,https://vertexaisearch.cloud.google.com/grounding-api-redirect/AUZIYQFk-dtTwpMN7CVZ8V3RtYslKY4Kh8_oA4hv9Vwyw1XKrrCxlE_kd33sHiHxsKv4t5yOK05Ynhe3K2j-4BmAqevsJ3eu0dyBOZZ5NaiTTAdfH8IUTQO8O9XuG1oN6PaoprDv8hoMrZKrmER7LlC_yPsy2t4ddkQr-tC6ag==,apple.com,apple.com
713,2026-09-10T08:24:09+00:00,open-source-journal,https://vertexaisearch.cloud.google.com/grounding-api-redirect/AUZIYQFskDJ5Pln0dwLQhHgnkfe7rfOg4rXW4RJN6HeUMwodRFFwNf_MZ8iy35TeOOkwgCncA0XgfzlMeqdb8ofKbVLaYIrHBnlDW2B7npI=,memos.moe,memos.moe
714,2026-09-10T08:24:09+00:00,open-source-journal,https://vertexaisearch.cloud.google.com/grounding-api-redirect/AUZIYQFzyyMlDFI9qfZGhB8jRNhQskXcJCJDkar7W8kyc9nK4tDHvoe_ozQoRyCfMLGUnCUI8yfmb40PDaTMLZ3Y87beRoH3ZJFi9shaR9yZnqOtJqXbIPEfLzjh7BUoc5jVFyn4ksz9zxsY1Zx2qqMeWynMjx868dNZb0Cw3NgtvZdF2_zbtfdolGF8L4KrJDdwlL7xfU9-ddTAjw==,reddit.com,reddit.com
694,2026-09-10T08:24:09+00:00,open-source-journal,https://vertexaisearch.cloud.google.com/grounding-api-redirect/AUZIYQG2Yzalwkh1u07Vx5WVnLSnD6kTxlPvxNz4N9ZuqVuA-O7adwHQlpGr6OA8YE9L7XMxbX7t1XsCvQ77965xt2llchlR4IEXCnqB_d-39DWiVHtMO44ir00MvxmhX6wgGsUSfWi4PAZ_LBVKWtiup76RalcL7SUOnopwt52myKPv5NbPIO4PrOHWIaGGUGuSGdtw6neNywlIaA==,reddit.com,reddit.com
699,2026-09-10T08:24:09+00:00,open-source-journal,https://vertexaisearch.cloud.google.com/grounding-api-redirect/AUZIYQG7XBQpBtL-LfSAEeIIU-yjAEkZMtZGIaLKFL2jXxU4T-CjjV4NOlj-3Y0-6Em_ATWpoV7fwXN8Hvj9htdeuIn3DTqEKLr0iKe28WM=,joplinapp.org,joplinapp.org
695,2026-09-10T08:24:09+00:00,open-source-journal,https://vertexaisearch.cloud.google.com/grounding-api-redirect/AUZIYQG8S9-vxDhN6DfDgHTUlsAJNw39tQVujGPxPqlum0_HTEx2eW0eybdMR9WtW0S-_QeE_J0AzaBnvL5spkpHwRnUFUGTAeWgOqSK97dKOu8NVi4spC5tKRkpKLjuvZvc0x7t_Mix-FUD4KZXfnrG3sWGlukn4SLOYK0XkrWj8slVPgcqb_5Wbdg=,xda-developers.com,xda-developers.com
710,2026-09-10T08:24:09+00:00,open-source-journal,https://vertexaisearch.cloud.google.com/grounding-api-redirect/AUZIYQGGKW_CqC4EfC7x65rNvmDs6z9Ub1dilGXHvcM5b64HaJvXKLs1_f5JOLNoQrE_miURVZZaGvbGb6bUjSuXA_8Fv-3wg-zpFlu5WJJpve1cZ2RRFav4nM2gVNgY9QgrVWDuU3tr5h2EqkOM_CZ4MEfslHwnpR85rSWjiOW-mdpizWjjPztwO7eiIXvJFVX8R9YiuPFG9Tvt,reddit.com,reddit.com
702,2026-09-10T08:24:09+00:00,open-source-journal,https://vertexaisearch.cloud.google.com/grounding-api-redirect/AUZIYQGHNLiyBL75w09cahZy08fYBmuNczYAK5VuAyONSOJ3Ay8ljLOKVNEVWxqA_Z549tdsQd_VFqTo2PL2gPnyVZqMv-If0v4BtmuaJFDkQLQXWewjy6W6xjCNy_-IQfe21o_8WJElOY3WxDvMoUNn2B_k9hTVU26_Si__kyIPE9kb7hiB,reddit.com,reddit.com
719,2026-09-10T08:24:09+00:00,open-source-journal,https://vertexaisearch.cloud.google.com/grounding-api-redirect/AUZIYQGTtli77mr--Uk8a21GI-go1y6Lc77-JPWbHNmr7h16dhBD17HqA4xntSUC5HC-1US23TK94cJ3BiBySS2ervsxQ6B6-TRI9fhnHqUAu8r_K6TqnVB_xH1WjyrhKLuj4Dnq3ingFn9P3SikrgBkDmKVnVIBvQq_SqNLce4ZYER6YXvrAyv011D5Ki7QeuNA0PI6ouul2Q==,reddit.com,reddit.com
705,2026-09-10T08:24:09+00:00,open-source-journal,https://vertexaisearch.cloud.google.com/grounding-api-redirect/AUZIYQGiARis31H0POAiiZFsQ3LaNlWofMzKjJ22NhNSREWbGr6vOpR_wxJekwINFhh3Z41b1fX-lgqkjIIB1_WZzMhtPfLE2UqGrHs212CHf1XHGrFoPPvPj4aC-1dfVlOtn3CN7DNhqvtODA==,apple.com,apple.com
696,2026-09-10T08:24:09+00:00,open-source-journal,https://vertexaisearch.cloud.google.com/grounding-api-redirect/AUZIYQGygSNfP-hU5QyUwDbDmtH21M1Pcbr32XrfSic-2o6oX5uUumu1LwD3kH_vA4C0M80SX-hWy7rRC4q279wmqXK0xJja0Rk0EATrix4Mc0LTMwAQCxeSGNA8EAYb,github.com,github.com
709,2026-09-10T08:24:09+00:00,open-source-journal,https://vertexaisearch.cloud.google.com/grounding-api-redirect/AUZIYQH4fCNHMr0AksmBgM6m9IBWEO8TQirJp0IXEjioh5IgyeDM81Il8sgusfXvFp66tABVU6rVzeAXREXx3TcpZRMfqBNVF6uiUT3F9zeLanzq0TJQsuo7FKida3w=,github.com,github.com
701,2026-09-10T08:24:09+00:00,open-source-journal,https://vertexaisearch.cloud.google.com/grounding-api-redirect/AUZIYQHBZ9iZOml3RA-20gW_sm07PtE04baG_I2KW9KbEhmd7xBIxUDCtIsD_tnjLrrLwNjUVpZJhhYm8YC8Xm3e1ZNyL16_IDfNDota3P51cePNoCxBTjEy3zNpzO_V_RA=,github.com,github.com
717,2026-09-10T08:24:09+00:00,open-source-journal,https://vertexaisearch.cloud.google.com/grounding-api-redirect/AUZIYQHBtQS0K9UOg1acyt-bXHRAuGvKS6j5HjskFVaoRuI3t2Lbmv6VScdqT1nVY8RMEh15tjgKw5I7hMfxAQtjR3uxmiKLhJk9LpLbL4OQdG2y2vDO6xgKDcmxSeOR7lUDg74yCqDlZ2buLy63Ra5363VuqfEm7loj-HMa6tbLDt11dz5I_bfO-FqDk5GQ-05piVEf2K4olVt6zCgeZw==,reddit.com,reddit.com
716,2026-09-10T08:24:09+00:00,open-source-journal,https://vertexaisearch.cloud.google.com/grounding-api-redirect/AUZIYQHTqu_1zCx4zT5TytZaTu4QPzJNbEViAiAcY8C_nkMBBeRInUtITmH8z3QUiVpISKNOy6GrJkJFxvy-jgVBL5q8kko3hXRtLLJorPINkDZHm_C_XwH6m5oQTg==,github.com,github.com
692,2026-09-10T08:24:09+00:00,open-source-journal,https://vertexaisearch.cloud.google.com/grounding-api-redirect/AUZIYQHZ7R2oDRCft5KQfefnm5149mWwMM2CcMHRt8gkr_OR0-WXyO-iyraTZXfzpSi--OEhQTBn8yHpGqG_x575tt6b26SwmK7_oGLNiOhZhWOFwdmhsn-0JbpxQ0o=,github.com,github.com
718,2026-09-10T08:24:09+00:00,open-source-journal,https://vertexaisearch.cloud.google.com/grounding-api-redirect/AUZIYQHg-AVHmPCGBcPXWqMuOwY6miP0MpByjJhQYOgeyePh9iox8bSvL7NoeiQ_yFXCeSbgSPqnwIhBG3Nyd-LlN1koisx9pu47GT5zNrJjrU1X,diariumapp.com,diariumapp.com
707,2026-09-10T08:24:09+00:00,open-source-journal,https://vertexaisearch.cloud.google.com/grounding-api-redirect/AUZIYQHim8ShHNo6xjOPLy9jEgGYdBbfbzS4PwuMOLjYRFi4_enGlustlKSFkFt4MCHLKTAFx7DBOp0hVoNzMFC-AEgInenSExz7btmNOsMo6vo=,diariumapp.com,diariumapp.com
700,2026-09-10T08:24:09+00:00,open-source-journal,https://vertexaisearch.cloud.google.com/grounding-api-redirect/AUZIYQHpylI83-MkNHo658CRh0XvzCUpmK0Iav5Ui-mAGcmL4GvjfCfKZdOllw3e6AczSz1G8b-YkTrYwAG6ipW7KK0NSKOnsI00eGDiOdQvVcuugegsSqPITJ0jgzEx3xd5,openappscout.com,openappscout.com
629,2026-09-10T08:24:09+00:00,rosebud-alternative,https://vertexaisearch.cloud.google.com/grounding-api-redirect/AUZIYQEevKtxIU3iqZ2XH6zyjYuAVCjH6qgf_n8mMDCSoCGf7SPl26BWMp7UYJEMDlrbNM1QRc3_lic6cXKGungZlLLM_a1o8ZU0Y_c0LMwK1gyUojwovE3Mfpzd80m1ahEZdzznBvt3KlB2gXHPPqX9,mylifenote.ai,mylifenote.ai
613,2026-09-10T08:24:09+00:00,rosebud-alternative,https://vertexaisearch.cloud.google.com/grounding-api-redirect/AUZIYQEfDK51gnsWttIWGyVkDG1yBP1qapwnf2KfIinah44z_nBiTWfMlEXYcnzd4tl-iOhO1pUF2w3m4iqtKwHtT8eFQL5GNVRFw4qTvM8-vrCtsXLtuRMt3FVRfiRCJGBuYkMSDcxGyR_z4ji7w4kzk7KcXehr5DgaPg==,deepjournal.app,deepjournal.app
637,2026-09-10T08:24:09+00:00,rosebud-alternative,https://vertexaisearch.cloud.google.com/grounding-api-redirect/AUZIYQElN5edEh5U8WWylAddxaggZ33bGVxVhn7iraY2IuMgKwkXjHdpzsqFbhkirg1I72oRvyB9516UtvT65xLAKaAO3BQKCSaWzldhC3x-XRMzGc3HKXCdDYQra1VRV8bjj6BDmOdiRnT0lgwuEcna,ariv.one,ariv.one
611,2026-09-10T08:24:09+00:00,rosebud-alternative,https://vertexaisearch.cloud.google.com/grounding-api-redirect/AUZIYQEmOams33Oqi9U1-lUo-HCDlvbfINB00wZ59nrFd_ao-1mFT-308IFFqlKD7iAZuSuTh7-o4Z-9gPi9OnBSEebrhn3fatic1DdQvtCWsgL5LkD3K2SwCiiMIUqqb3iuCU_OForoXvbp-4S81bvb,mylifenote.ai,mylifenote.ai
612,2026-09-10T08:24:09+00:00,rosebud-alternative,https://vertexaisearch.cloud.google.com/grounding-api-redirect/AUZIYQEmOams33Oqi9U1-lUo-HCDlvbfINB00wZ59nrFd_ao-1mFT-308IFFqlKD7iAZuSuTh7-o4Z-9gPi9OnBSEebrhn3fatic1DdQvtCWsgL5LkD3K2SwCiiMIUqqb3iuCU_OForoXvbp-4S81bvb,mylifenote.ai,mylifenote.ai
634,2026-09-10T08:24:09+00:00,rosebud-alternative,https://vertexaisearch.cloud.google.com/grounding-api-redirect/AUZIYQF0Cwtn7pMK-xhPe-TTkoEdCJSzGhH5_vZy0rQTxoni9ke9aBKUv-DQXb-RZb-xX60aTcxWSFi4-BYUgy4mzDY6Q790tZI4TFuycqFoJj3t2_TSt05Rg9q40zlRM1mXZHfYX5a5LpcDVYUlgs_ZAuUjqTQ2et9gL_BnUhea9xX3Gqc8obA7IN4EDaRZi-tTMif_i0OJTi0jUQ==,reddit.com,reddit.com
617,2026-09-10T08:24:09+00:00,rosebud-alternative,https://vertexaisearch.cloud.google.com/grounding-api-redirect/AUZIYQF5MTkqky-yqga4_XzrHsxhunwJLVC7XMjMOpw_n86nByH9ocw2fLN3n0_r-YQmc_Nw4LwD9WIS8VPsJXiQlDWwOYxqzODdDdXrqO7mgI_ovBQVyswjxFn9VMRn32Tkcgf6ugSpExxr6xROMpM=,aijournalapp.ai,aijournalapp.ai
616,2026-09-10T08:24:09+00:00,rosebud-alternative,https://vertexaisearch.cloud.google.com/grounding-api-redirect/AUZIYQFGP8qeePBgE3SdeQcC_3lhQD51pOcx_78ugSlI3pMBnLwX-Rl3BqeZ5hLFK4P3GZJYg78n52EZAJIzE9hlLLG-Sy-d3LBM_oznhiYnvnIAWCEbwjEXYsbEbkcnWgyyDGerv9SKK3OLtcCczHw=,architectapp.ai,architectapp.ai
645,2026-09-10T08:24:09+00:00,rosebud-alternative,https://vertexaisearch.cloud.google.com/grounding-api-redirect/AUZIYQFSfhQl3yjaPuxZKF5AG8NNdyHK-xonRXiD7UBODCmtnG8wxt9Bes-xqLe8soI3Bojs45WxJboviQJI1kgMMKTDW7fsJaXkCG8sdKnrJpGastz2ahFzAJW0xm6LHsGY1V83_srEcYFGfB4yzJLM_tKcyWM9a0bs6PiS9FA2bw==,rosebud.app,rosebud.app
620,2026-09-10T08:24:09+00:00,rosebud-alternative,https://vertexaisearch.cloud.google.com/grounding-api-redirect/AUZIYQF_OJszv1p1Q1Pj0ybKnHwycUQVAZkSWY_gd2Bbz4Ig0j_KzfF2axltBVkDBlk_gyWom27HBX8nQGEbd_2U5R2-sdA6u7ff6hRL0zdsu1OJCaMkpcRUKX1aRmPuOwtJAjor7B1xCF3mA3CMiA==,lound.ai,lound.ai
641,2026-09-10T08:24:09+00:00,rosebud-alternative,https://vertexaisearch.cloud.google.com/grounding-api-redirect/AUZIYQFdIlFuYcUF8tGa_cbb89hHo1qcEQ1nq7jdJzHD8wziI3rBt1991ngNF4gpDLQIN9sVjifZmHvOPiDB2JGhUk8b9Q6NMvWLQ8xspv4=,journallm.app,journallm.app
647,2026-09-10T08:24:09+00:00,rosebud-alternative,https://vertexaisearch.cloud.google.com/grounding-api-redirect/AUZIYQFh-xzhpq3LdBwYAiP5gRcmsVIrZ1QdvbhsmvXRB7eyDQj3HETBRB2Mt5MGl10dApz7QyhCdasnl9RK80SNcyVYIEHm8Y0FkrjEiwDExfmo2AA8kY5KX_g7jLPalZr35Zj73qV_JCjonX5njpZZdnXO3MS65qnT,holstee.com,holstee.com
640,2026-09-10T08:24:09+00:00,rosebud-alternative,https://vertexaisearch.cloud.google.com/grounding-api-redirect/AUZIYQFlQyPXkm2i21-ssfXxVcs4TE2VedqNN3Kg0XZ2OB9j68PPed7oxTh1C3IQvTR8tTnhbHrd9QB3YRV9zq-f9BXXbgOoaddiax1LfRjSoBQ32814gAe2S2r3QQtwlEGhaaa4At4TcpwuJ5MSq-1UCx_b1yMh9zpWVxJaCC6qa7o3VmTz5trfdBDUyRxdhFJw14mrj2w=,reddit.com,reddit.com
638,2026-09-10T08:24:09+00:00,rosebud-alternative,https://vertexaisearch.cloud.google.com/grounding-api-redirect/AUZIYQFpsexcvhM60QFIF8dy9oR931jXPDwaQ4KQCNR0cSKfVU69aHHisHnitYTEt6Mj7_XRfsdPYjx6ucmf6aNtflBqR7je5-PDI2KP8qQeyqsjz6kKYjRMRYnEtGAhx-RizT2qsGeF65d_0nrzSSJYYyXm4k29GzEwaevf-3dbTujPANsMDdA=,lassala.net,lassala.net
621,2026-09-10T08:24:09+00:00,rosebud-alternative,https://vertexaisearch.cloud.google.com/grounding-api-redirect/AUZIYQFrai6ea6jXkLnDYN6PIMAIiFc8SkAfztInh7oEDfAgmzOwrxMVEXStwV5M-OqyvlOV7a74GtjUW_Z01VVuflLJ2bThcRnvJN8WShBJuxvyo88tiApcreNeHE2ml1kbpJFWImBgfL-pdAg=,balancejournal.app,balancejournal.app
623,2026-09-10T08:24:09+00:00,rosebud-alternative,https://vertexaisearch.cloud.google.com/grounding-api-redirect/AUZIYQFxZCDPwDXDRVNkab-Su03uGvLHfMcmvWHp5o17tnAEh1Y3jx0khd8a6VlqOGOjWMfsK7o59dWUGRCthcZdnbUn1LxfKX2rgP5e3v6-KO9YdjPA9gZBpFQ5yTPcQNYsd4mrQdbb09CI5Gcx1TJ0gQ==,lound.ai,lound.ai
608,2026-09-10T08:24:09+00:00,rosebud-alternative,https://vertexaisearch.cloud.google.com/grounding-api-redirect/AUZIYQG-No0kMQZ_mxc3Nem85Rd7JbexFRJ0FEpAjwFr4kQ0dsVwkyCxKHQQuNnPIDZ3MZHXoUwT4D1QzxyIPph2-j8wX7TU1VfI4csZfHQ0CQQosH1D2B1uT2Xn0hbnfwfTQleDu4pEwNjTZsTWOPw0fGWW,pensio.app,pensio.app
643,2026-09-10T08:24:09+00:00,rosebud-alternative,https://vertexaisearch.cloud.google.com/grounding-api-redirect/AUZIYQG-Z0c2QVHrx0fGJwU0gd3MoanH994jjwEy0NB9lRxmC_s1Cl_7E50ZExHhYd7aq37X2uL-CJBU7foMXNl5Q0dAtx9y47buFnjl-PZGrP2yzYP_oU8Kg0nvTyecwrVbw_4RqkQeY-5OvG5Q4Q==,architectapp.ai,architectapp.ai
639,2026-09-10T08:24:09+00:00,rosebud-alternative,https://vertexaisearch.cloud.google.com/grounding-api-redirect/AUZIYQG7gBGy-RZJTiyPijK6WtJlYDq96X4p7hxePH87JT3j7tBtUefRLLKCdagMFMo3ocJBe-mFk0MLJ9524mI2KIQjBcMjIm1QqXk1mDp-FPmD5-mZw_4qDd3BXMPhNjIhdSbHs98=,github.com,github.com
631,2026-09-10T08:24:09+00:00,rosebud-alternative,https://vertexaisearch.cloud.google.com/grounding-api-redirect/AUZIYQG9LAgUD37s7oiPZm_lFXg1A04c67L3w8c9BROO_L4zGIY-WXnHl2wcjV68DIOnXJtW7G1miVw3P1UPPiGZkDM7iEqtvd3GFzvAYNay4eBOmgfCVClGaH1wVhs3Ull-J7O11hVSCMfbVPBpT4Q=,aijournalapp.ai,aijournalapp.ai
633,2026-09-10T08:24:09+00:00,rosebud-alternative,https://vertexaisearch.cloud.google.com/grounding-api-redirect/AUZIYQG9LAgUD37s7oiPZm_lFXg1A04c67L3w8c9BROO_L4zGIY-WXnHl2wcjV68DIOnXJtW7G1miVw3P1UPPiGZkDM7iEqtvd3GFzvAYNay4eBOmgfCVClGaH1wVhs3Ull-J7O11hVSCMfbVPBpT4Q=,aijournalapp.ai,aijournalapp.ai
615,2026-09-10T08:24:09+00:00,rosebud-alternative,https://vertexaisearch.cloud.google.com/grounding-api-redirect/AUZIYQGEyvgx-RrLdGTMDY08izUn5GtJzzsDJp62S8uxINK1zljoT0rhRgr5l5cmtXxzh-B1n7ZEUunMWZqi9B-Jk-SuyBnCwiYfFjNwHFQFOeQTAs_-6CqrPFQtN3SPJQpCvDWtt1VOBnfeIVyTxeqLka_mRugSlv8OJ367j3dp97ZVjqxmfbeDb-HArPlnaGV4x_iW2aulLshsCA==,reddit.com,reddit.com
646,2026-09-10T08:24:09+00:00,rosebud-alternative,https://vertexaisearch.cloud.google.com/grounding-api-redirect/AUZIYQGMLGE6DsT9gYRo5IzSeERd5dT4_tc4rmY-E9bwfQCEk2CND7_wuB1ofA20KYSEqBmG8-7Z6DrYfIJCLR9ovpzePJ-P6JSqFmllwjXQhUkDu36diHOWdSVILUjixirQXlyt70Ng7aQ=,memexlab.ai,memexlab.ai
622,2026-09-10T08:24:09+00:00,rosebud-alternative,https://vertexaisearch.cloud.google.com/grounding-api-redirect/AUZIYQGQOz36N_7OIxQO7AvoHbrVXyW1lQA9apfqnPJ7fdvVlkncWPhoYLOdN77vWBgTctoiNCPYWwRJkufPpy6zNSgS-lG_dQ4cQmf09iij2CIr77M9ebFyr_rKsm4CFu_PqzAKK3ZshgT_XDrei6BaCouFTYoDGHdZtg==,deepjournal.app,deepjournal.app
628,2026-09-10T08:24:09+00:00,rosebud-alternative,https://vertexaisearch.cloud.google.com/grounding-api-redirect/AUZIYQGQOz36N_7OIxQO7AvoHbrVXyW1lQA9apfqnPJ7fdvVlkncWPhoYLOdN77vWBgTctoiNCPYWwRJkufPpy6zNSgS-lG_dQ4cQmf09iij2CIr77M9ebFyr_rKsm4CFu_PqzAKK3ZshgT_XDrei6BaCouFTYoDGHdZtg==,deepjournal.app,deepjournal.app
624,2026-09-10T08:24:09+00:00,rosebud-alternative,https://vertexaisearch.cloud.google.com/grounding-api-redirect/AUZIYQGRnwbpw8joDjlpIxpjzlCh3G1tOs_Nml4H9WXD139VQWkCgPPoMXdNuzTft6_y_UE5B6SYAVvjBd_6xaXfF-mp0JaM5wCSgFprKJzBYBFALdlmK63wJTT2H8oO25eWQk4qYWHTHp3Sljlc4F6o9pBDQ5tuCb-H4w==,holstee.com,holstee.com
609,2026-09-10T08:24:09+00:00,rosebud-alternative,https://vertexaisearch.cloud.google.com/grounding-api-redirect/AUZIYQGePRrFRu5bDkn0C5hFqBiw_dXioehH2kCh28o63R97tUFAfMOOQL-HU5VpgUYYsNrIEKj95NIEjXhYVM0Dqfi7sfW7rJPgpsRvhFmrL_27WLTCqZKulvHj6aNtFXXQhMuX-_UXh6_PWlxdhB09vCiTzIhT,clairecalls.com,clairecalls.com
619,2026-09-10T08:24:09+00:00,rosebud-alternative,https://vertexaisearch.cloud.google.com/grounding-api-redirect/AUZIYQGnMHoeo2MGIoqCaGm0Wi7jds8-bDakMLFPBuYtPXc3JWI7gr8PevUGhT3HNR1aKuardH6W5Deo0d12_8hxaQYyin-hwFcwmoNs8HlD67P_AJSLTVxQYLn56Ax9wnqHIHDZuJZ_ZGxQdwUHr62Q,pensio.app,pensio.app
627,2026-09-10T08:24:09+00:00,rosebud-alternative,https://vertexaisearch.cloud.google.com/grounding-api-redirect/AUZIYQGql1dvC-0sISVCbt5KjctIIP9kgVPISlnIGElg2OoTva9ywYfWZnzQvEVjbEzZT3IspHC9bu69lVX28-KjxnOMR7rgaCkJfRAog1V10ynwy7XMyidizXIi3HW73st5mhrFBoLX9nwcB_77Ldp1napAz086ZFkiY_u5hUEVOGk=,rosebud.app,rosebud.app
642,2026-09-10T08:24:09+00:00,rosebud-alternative,https://vertexaisearch.cloud.google.com/grounding-api-redirect/AUZIYQGtVXlDu7rQ1cueI1VekkX0xwdPKnXqGeOd0QNHKz68y1UI6oM-Dd07xn3co39aWzcKUTAh4oDJkh9XLmFnpMr1oCgirJ9oc1hbNSWI8wwapkQIUY4V5QV5Y17Op9bD3sWP7usKG-PTolI4hT90qZAFkoa7PptfysGyrYZ4g3CXOa35KS8LGk9_9Y7oEme-KOwlG6brKvDe,reddit.com,reddit.com
635,2026-09-10T08:24:09+00:00,rosebud-alternative,https://vertexaisearch.cloud.google.com/grounding-api-redirect/AUZIYQGyG_SKDaa7WqvFQq8GXL_2BJv_GeYY4KQdLDflEjFSB9eFoHz5Ubg45-xcwwi7gMdBneuAkbj01C3ukyHfkUcI-0msrv0_4bMWfHb-c-RLUEC47pCWMq4h1efV5GWF3EthdkxtLQdzsvrq,lound.ai,lound.ai
630,2026-09-10T08:24:09+00:00,rosebud-alternative,https://vertexaisearch.cloud.google.com/grounding-api-redirect/AUZIYQH0iDg41qF59qpHKxMHcLfvDcAPUumBz3BHvt1df4cSNmMJ6CeCj1v5zClNnPYb5vDbFJ7sfsfzY0sRvyO1uzm5NhADUjPmmz7ViDsdZQfmrMKN1msagYC0t5nIhIbVZ8FyPGK5Rr-thUnA7iDTbo-irSWU0t8ZWK49NBpLbgyiCmct45yRfYrgA3P70DMD3IEglQM=,reddit.com,reddit.com
605,2026-09-10T08:24:09+00:00,rosebud-alternative,https://vertexaisearch.cloud.google.com/grounding-api-redirect/AUZIYQH9Sz9RgIZ7FFeyzm7Y92G1BbMfKt9RlsyDFbwHx_RyKbpbDoxtFjRD9NJVYZW-vYOekedzISvnu6X0NQZmrd1N_tRrMvuD4SKogY7qhPtmzemCtb-zb-RBWVDUyZH5VOaJ8M_80n2k6JN-RA==,lound.ai,lound.ai
636,2026-09-10T08:24:09+00:00,rosebud-alternative,https://vertexaisearch.cloud.google.com/grounding-api-redirect/AUZIYQHFR4JL7fHIHCAKryPlUuq9XCvVGQ44EW0GWiqcftZee-TP5KzPgTRhkGoLWbI5RciPnf4SZfI9TfcDCx_96ZQcWUxfFRcabYxeaLynkrHvU5z4teF7UnNFMGfCndSE1-iwP3Wfmr_coTpJtoI=,pensio.app,pensio.app
606,2026-09-10T08:24:09+00:00,rosebud-alternative,https://vertexaisearch.cloud.google.com/grounding-api-redirect/AUZIYQHIkv4ITJSwhZCP5VzH76WE4MImP2o27g7PXJA_Rgg6Qu4-LLMPAYsV7aEVyZiO78JbdJEN19gdJcLXdUjlK29xGLRJ21JCb5CQIRhAhzIaOiEr4-74RzwuCEe49NWBC0S1s3_sO5MB5U8=,balancejournal.app,balancejournal.app
626,2026-09-10T08:24:09+00:00,rosebud-alternative,https://vertexaisearch.cloud.google.com/grounding-api-redirect/AUZIYQHKMOjl5uxe2N-LiNCT0AvIAM7YCtqiRPCSm8L-XfOBxUcKGjPrcFISb5qVghuY0KZo7gQQFGFQJc4wm93FaSZfE-1JqTbtyhYz-a9ZlOSq-2wXCq_d5Eg2bdEF1vif8oXc,therma.one,therma.one
625,2026-09-10T08:24:09+00:00,rosebud-alternative,https://vertexaisearch.cloud.google.com/grounding-api-redirect/AUZIYQHP9Kl0V2DrpybbSsrwEh_x4_91mE-WukAzoQLxLvwKEDSUmINpOEZ02PlEJEWeJtGtsnaweznvwI9LEv8A0gQ5s98J-Uf0XNUIajBfL2uVXwRHAINfv_I0dDnk3_RyVAxzDCTF-4YStJV9GfW2sKsn7Q==,reflection.app,reflection.app
644,2026-09-10T08:24:09+00:00,rosebud-alternative,https://vertexaisearch.cloud.google.com/grounding-api-redirect/AUZIYQHQs4Ppe3mr7p4xU0WjKeNNMjYoYnSt50dDVm2LAOhbjotNiWBXBSPcL8IhtoVxv_e0t92PSy2Yq_QptjZOJOBUPudVKZ9IYCMd1_9hanPcF5-C8oI8K8cwurSNZrNbx1ak6qB6Qe5qF8J9CnNLjLrA5wr6Z757,deepjournal.app,deepjournal.app
614,2026-09-10T08:24:09+00:00,rosebud-alternative,https://vertexaisearch.cloud.google.com/grounding-api-redirect/AUZIYQHVJmRWzqwRoAXwD-QxW_ifxoNVQ6MVLLD9_5R8APWzCgOsxH1rsrTZ-d3lZPk0AR0-FA24nrbnjJQGTYWQh6muE-ysEGAMd_PnHWvh,journallm.app,journallm.app
607,2026-09-10T08:24:09+00:00,rosebud-alternative,https://vertexaisearch.cloud.google.com/grounding-api-redirect/AUZIYQHW_R40XiLuylBpCjyD56Tt4hWJfiGC4K0bipXjj1eeuoydIl9cOMv82XNeYswFgyE67z5ehABMH4G8zslduEOU_l7QrzCaN0HaBF5B-tdNCPP_XDzRZAZjq8sy46fRtYhSs5wjR4lHI4IGed4Hgg==,lound.ai,lound.ai
632,2026-09-10T08:24:09+00:00,rosebud-alternative,https://vertexaisearch.cloud.google.com/grounding-api-redirect/AUZIYQHv_30_7ElK7fybsC48upXsLEeXVScTFWBpUEBDYREh1jpt8m8osw4fwUqloZLh_L8e5CJWyqRJhObACauw2533DaB863omGK8Uq7U=,mindsera.com,mindsera.com
618,2026-09-10T08:24:09+00:00,rosebud-alternative,https://vertexaisearch.cloud.google.com/grounding-api-redirect/AUZIYQHwhWcjXe8AqQUCBl7WbLv-10UAk8nzV1E4p_1c4eO_Jknm7p-uadEn3HKvaqzKGBLg6khANxJBhHiqSjtoqi_YrPBwJOHy0G8ZqHHKYaw3GA-Nlzlk3ZsCagX0ooX8EQay7DkHxA==,glimmo.io,glimmo.io
610,2026-09-10T08:24:09+00:00,rosebud-alternative,https://vertexaisearch.cloud.google.com/grounding-api-redirect/AUZIYQHzg7liHbcBts065cLx-XPslwPoiavtoggZSA56jri6PfGEMVQgDxkrNgJYfZ0k5wudlMPeLg8QAvRWNv98R5wL3ShOhViTwRR--TQZieGj9KSFpQ8_dGHGAtL40ulmrGEmr4RYx_neh3DE36TQFBJeFA==,reflection.app,reflection.app
792,2026-09-10T08:24:09+00:00,voice-to-text-journal,https://vertexaisearch.cloud.google.com/grounding-api-redirect/AUZIYQE5dOh07XmRNF-1qJ091wCQLU9MNotel0PIZ4B90dWxaacw_0zNdz7nvbQG_X2bn9rzxk-2TqlxJ5VZl5ewqHz6g9EVnAfm9pDl8RxwsgoOx_2toW5PZ8CIKx8mis_hARbEH1HRY9Llfddc_yfsOUI=,journalinghabit.com,journalinghabit.com
788,2026-09-10T08:24:09+00:00,voice-to-text-journal,https://vertexaisearch.cloud.google.com/grounding-api-redirect/AUZIYQFAsmb-O302ZzSMTcO7NhTO1t1jSa95XltAbALqWEMpCCOx4zPtOoHWmENjJTZ6-H6wXCNZdBC6_hKg-BCgzrex8LA5P-DdcBoyRRD2sM6iqKRHUEqIDol1qa9CPNaD0It9xfDaAsZN6i3WKMODIGGJ4dym,clairecalls.com,clairecalls.com
800,2026-09-10T08:24:09+00:00,voice-to-text-journal,https://vertexaisearch.cloud.google.com/grounding-api-redirect/AUZIYQFSEuGljsoEWHVAamVyiCO495iTBGza7Oclq-FS8nGtfrTS9_nKYvAEeyv28bBDf0jM7pr5zgyffFZlAhSh2odZHaHTYGYwRKAiG7M0qtkq0KJ4r3hHGq0qcqKjvSHl470LbMzvehJCxpZeumugiAOwMki2rm1JrewpLV3B9ux3y5j6e0S1FDvQ6p8qd23X2sMvwZWNgkxPFW7HNp0JeL1SX2w=,medium.com,medium.com
795,2026-09-10T08:24:09+00:00,voice-to-text-journal,https://vertexaisearch.cloud.google.com/grounding-api-redirect/AUZIYQFtrpirRwwmYh9cOiU1a3RiBWH2lt-OvIqxfftb9s5x9oSHBXk1aouvcuhawwwB8YblffLxlrMO5zTYDixvBWnt9SbOJagzRhlTyW33SZTJCfHcRYKO3jWB8FZ8sK6VUOsl3Q==,mic.so,mic.so
791,2026-09-10T08:24:09+00:00,voice-to-text-journal,https://vertexaisearch.cloud.google.com/grounding-api-redirect/AUZIYQG08I4LaQyXIVd7ujTvOPoQS-LiaYekdzU3ggGGrqHUpfvigigi4Bf-sn3Rdj0kblrgP3R4jWgoiyKZYELkpRVmB11ag6txHrl2STNYYWAInL3ajEOxyGn64_sC-EaOqJQWt4yN6BU4hHxEmMc=,lound.ai,lound.ai
797,2026-09-10T08:24:09+00:00,voice-to-text-journal,https://vertexaisearch.cloud.google.com/grounding-api-redirect/AUZIYQG08I4LaQyXIVd7ujTvOPoQS-LiaYekdzU3ggGGrqHUpfvigigi4Bf-sn3Rdj0kblrgP3R4jWgoiyKZYELkpRVmB11ag6txHrl2STNYYWAInL3ajEOxyGn64_sC-EaOqJQWt4yN6BU4hHxEmMc=,lound.ai,lound.ai
796,2026-09-10T08:24:09+00:00,voice-to-text-journal,https://vertexaisearch.cloud.google.com/grounding-api-redirect/AUZIYQGITwfCFTvSVjMO5kwFgHt39TG58crhSGLfs81Qdc-Rwh3pE4zcSE8XvqzixW3igw_sJdR-meAyyKMdKGy4AuGTwZ1ehQNwGSuNhavP0f0KHeKUSAcPHZmN6J8AIRD6gXnuWMT6VzMDPAMe17qoK65VUlVh6Q==,knowyourethos.com,knowyourethos.com
789,2026-09-10T08:24:09+00:00,voice-to-text-journal,https://vertexaisearch.cloud.google.com/grounding-api-redirect/AUZIYQGJWNLE_1GXvltHthHzqVygOlq-QA1NkLyfsB7DvcILYlAUJ6GkVnXGPMk-HVQz5nQUshdv_SSJeyoTDBYltOTDaS9R0uqO3geOOA_Bjn-OfK_mzu6NsScNje0W3LuXk90hKGdm_JHtD6IIegra_5Sq4g==,reflection.app,reflection.app
793,2026-09-10T08:24:09+00:00,voice-to-text-journal,https://vertexaisearch.cloud.google.com/grounding-api-redirect/AUZIYQGXqx9DzTExfaG2OO2-b_HDxAfNLQqzqj_TqxExHLgSWEdlg5Jp3XKFRQ1RWtwRHDIWyWcfqcUbWsAvAJHC_zKQ9ZT2q4SpZ6q_IEssbyVtNGJkIbMsxIjvx6TI6sflqF-f,youtube.com,youtube.com
799,2026-09-10T08:24:09+00:00,voice-to-text-journal,https://vertexaisearch.cloud.google.com/grounding-api-redirect/AUZIYQGjokVGjoMYrAWV6pPsKOhIYU0srOtiYq9ghLy9Qt6IWxWhNbRUXBlX83AYUUP1pXAD18bRCjGcqgrK2vx1Ra-hwslCXeujC-PMJBi3vp-uI7DcVjXeaKqOWBltlhBzJLx5aPFW4FuELz8g7npQY4D7EzF3VUaR8g==,holstee.com,holstee.com
794,2026-09-10T08:24:09+00:00,voice-to-text-journal,https://vertexaisearch.cloud.google.com/grounding-api-redirect/AUZIYQGrLiPKFgMbKpAiqS8EfZFia9BIVIQ4v5Dykp4JTq_WyESC96kWtGnBEcpjCWuB8elIV2dRbDvONyce3dzucrGq2zGVtFkiBKybLDjfTJPR82HirSl2QMeq933vBKT3WOuD,youtube.com,youtube.com
798,2026-09-10T08:24:09+00:00,voice-to-text-journal,https://vertexaisearch.cloud.google.com/grounding-api-redirect/AUZIYQHTH4Cs_DJge9h3ZdqA1MVJMLpTRd9lzG_AREzN_ue_2BYHAgC8xlUzKrgNrVY16LO65Pff7-qppokar32FZUcF-ulacoGmJx5qWOL7WB5-9c4AP0fcBPLlUhwEPfeGv8mlhtMG3-osrNJja6eZcbSeufLatQ==,empathdash.com,empathdash.com
790,2026-09-10T08:24:09+00:00,voice-to-text-journal,https://vertexaisearch.cloud.google.com/grounding-api-redirect/AUZIYQHvjP6RscaxsvIQchcU3XZBrvjbjLv8-cvSGpm8hrC2lsV-qOOD5kMJhaHZwqr8LgyAN61A0uU2gSqzRDF1FRcGqfTHXHFaba7L_r4ckf1lc8AFikHnI-u3dXFJmBWpJjnfAXkkZ_UvOe-NI3Uw0k64vWyJAxWexoJEgpXbvQNmudyIqPLEXC0uHW_PGoaQgtDD57Are54=,reddit.com,reddit.com
901,2026-09-14T09:11:22+00:00,audio-journal,https://vertexaisearch.cloud.google.com/grounding-api-redirect/AUZIYQFFPgd8UWGdh9eM-xYin-4vD9VKfmVw-rN87xxAFh2GD36SFUT8sy1oqC7bvtv2zXY_zsf3NHAsvO7HEUoCbI_rcSyLuTZ0X-9Lv3In6G82nQmKqUlMZURuMB0kpcV2yzxIx5FSHTWKBuvGV3rf,speakwiseapp.com,speakwiseapp.com
903,2026-09-14T09:11:22+00:00,audio-journal,https://vertexaisearch.cloud.google.com/grounding-api-redirect/AUZIYQFRV2jSCbg4mTo8ZOw_x0FAwXErLG4aLmUwlCanWL-DZgOrtJwoZxLvTWhbWFFA_H0fcC9M048k8SCd4irw1d6vOVuTvLX1WQMdFLu7lf99JYEpUVBaoG6wM6bYDqzNoZ7jRHDLI25QUHB_eIaNEnU=,journalinghabit.com,journalinghabit.com
904,2026-09-14T09:11:22+00:00,audio-journal,https://vertexaisearch.cloud.google.com/grounding-api-redirect/AUZIYQG6Oso2SXYCQFfAS585si5yFh_ulIs10ELJ9N9f4h4bcDQO4HuqBiSXHvcpUFc_UP8u0xP25OsSYyhGqlQesDS7xC6o3xhyI0s5XWxWd2foMxfFYdyO1R6nM7Nbi78M4F8=,spokenly.app,spokenly.app
900,2026-09-14T09:11:22+00:00,audio-journal,https://vertexaisearch.cloud.google.com/grounding-api-redirect/AUZIYQGtMjIeaIOC8D7uI-eTQn_s34OaThqRCy4Ab2QMWXfVpDNF-gbaOBBcEJz6OnMJUIUiX7Zd-z-jtIvopk_dw_iSaZjzKYse7N8d0KH2cuGMGu30oV9h5FU4e31Uy5lypxRGdH5fTOpso9gx9RY=,lound.ai,lound.ai
905,2026-09-14T09:11:22+00:00,audio-journal,https://vertexaisearch.cloud.google.com/grounding-api-redirect/AUZIYQH4oS4lMiut2tZzQ5DPyTcj49JB-UFp0bZwCPo30bOB8KjH3TWNRnL_CB5E-rFtoYDEFh-mTRCYb2uwvvfMFHeyBzoxdKN09D89DsCyzef5AoelNkQPu1A0UFWIU8mK3XAZ2fUQrmRIeCPi5_BKNSo=,vowise.com,vowise.com
902,2026-09-14T09:11:22+00:00,audio-journal,https://vertexaisearch.cloud.google.com/grounding-api-redirect/AUZIYQHCZ3JvHYlAL66YvFeeCrH39iFvI7VF3-5kMAS46oXbkMfjK-LhlOnZgVDNqN8PZyMqVgPENkDJGJQ1TajBXaX0QCPVvXq9kixeiK-bx67ChKwID3aX66egHZKpb1BJyItOPpHQcCgcQhvd,youtube.com,youtube.com
859,2026-09-14T09:11:22+00:00,best-voice-journal,https://vertexaisearch.cloud.google.com/grounding-api-redirect/AUZIYQEG2aPYztpPL5bZGbVP8FccWuhDvaPrgM92sW1q7eiobfDKKAkalc4pKSqAX8W7nODSTQNFgP0GF8p1y9v9qBh0SIJ4RVubfE2thmXUNHIJ2iWNso_WEQyGWOZobGMCRzcGajSzZ9k8mneJ9dJvqh89Malprw==,apple.com,apple.com
867,2026-09-14T09:11:22+00:00,best-voice-journal,https://vertexaisearch.cloud.google.com/grounding-api-redirect/AUZIYQENORzqjnxsphFC0g4jkOWRBM9mZa12wfiIAB9nL2p99g6Kfk9WJ7wtergK_JA3NfoCFxj7FvMYvBAGml1OJF-nvSsv2fHtASibjA31ypSak3BZbUYQlxgMAYTwOOH1EI3Z0n0WpkBZF--MsDI4bw1_S7LR,lound.ai,lound.ai
858,2026-09-14T09:11:22+00:00,best-voice-journal,https://vertexaisearch.cloud.google.com/grounding-api-redirect/AUZIYQEo9EEGygClqDAWSUwy6YCCC9OkhQRmEk8xx5tVCdeqr_nUClhnDNmxscEFvbu4x51nCN9h_3YFvJyd-PF_cktTMRIAYOG3w5CSLOpnQ7Cw_KR8xmX6C231JqC0vIHtfFd1QNNcBtTdOszwBnEBaaoENbs3tR4=,lifelogdoodles.com,lifelogdoodles.com
862,2026-09-14T09:11:22+00:00,best-voice-journal,https://vertexaisearch.cloud.google.com/grounding-api-redirect/AUZIYQEo9EEGygClqDAWSUwy6YCCC9OkhQRmEk8xx5tVCdeqr_nUClhnDNmxscEFvbu4x51nCN9h_3YFvJyd-PF_cktTMRIAYOG3w5CSLOpnQ7Cw_KR8xmX6C231JqC0vIHtfFd1QNNcBtTdOszwBnEBaaoENbs3tR4=,lifelogdoodles.com,lifelogdoodles.com
871,2026-09-14T09:11:22+00:00,best-voice-journal,https://vertexaisearch.cloud.google.com/grounding-api-redirect/AUZIYQEt3K_NLMArVeOBV63seHxdxQ4HOTiIzpOVQdPAij5GRSe86sCr43VUFxY_979nR_molDvJO6y4ATLpvrZ9B8ilOaQjhqeMTamk_OuJt83fHWLZPByp5Y9Sgz-JWR1agouqljK1AuNvnoGT7tW7SMvYfeEtkQ==,lifelogdoodles.com,lifelogdoodles.com
877,2026-09-14T09:11:22+00:00,best-voice-journal,https://vertexaisearch.cloud.google.com/grounding-api-redirect/AUZIYQFAnGm6UW4LDOzJ71E1CKtwZDdAnQR1oo7fq4F02Qt_qIbF9E0NsZOuKHAxJbuh8t9Ydio1CJPhlZyJSULPyh_jBL129fNquPxMNFv_3PYOmdoadL1kc-G26VFX7fo_Rb50My64n-3b5auD,lound.ai,lound.ai
863,2026-09-14T09:11:22+00:00,best-voice-journal,https://vertexaisearch.cloud.google.com/grounding-api-redirect/AUZIYQFDRHYLrenSNCQrqF0kllXtIEuD8ErQgpdFk3kWfv15lHLE365yvRZsm29ipBYG4gWiVsPpi6ln9lVYaL54kO28ru2dByVw8n2Gt4VkPOMCfQ7KwaMxTiVCAKrVVmoX_KI=,youtube.com,youtube.com
865,2026-09-14T09:11:22+00:00,best-voice-journal,https://vertexaisearch.cloud.google.com/grounding-api-redirect/AUZIYQFiYpk9iRi-OoNMiXuy-pABDrB_6zPGdxs4m4DWMAMnisZY4FwWfz0C2ZJTjrXAof4qm-3GTsChrEllsAKs82plw8AqY1PlJJJKkm_ayUGJRTLoFumV78UtB2IOpwYNfCPbCQrmK1Go4peBB9cNGahmTRXepoyH,lifelogdoodles.com,lifelogdoodles.com
874,2026-09-14T09:11:22+00:00,best-voice-journal,https://vertexaisearch.cloud.google.com/grounding-api-redirect/AUZIYQG8yZAjCex28XQwdzW6GrRPOhI__VecgDsjJs3TeSJGXtGSRHCofLBFS_o_iBmJJjJfr7zbuVK5txWZP8WWt2S8MsVNBdXjfW8loqzVEDZyWnvKsV0qxvejSTT7g2WNVlE7yADURLcnAPbDMQ==,vinztech.app,vinztech.app
875,2026-09-14T09:11:22+00:00,best-voice-journal,https://vertexaisearch.cloud.google.com/grounding-api-redirect/AUZIYQGMNH51Cw2x1jX1dzsN7085LVgEBw12mFpHaX9gT3HRQNujyjRJbVx3jOSRHDiCOsyCPaHqvh_zZjcbQsdhbJ09bUqLp90QKYDty715UAoAa7MwtwY6nTwsNYjEYDCCkDT5_rGrxepN9et8Kz0DZ4SM5yl9CCWOlj057v-fAKQ3wPBIgrcXhQNpTorjjpJI_updB5Tx,reddit.com,reddit.com
879,2026-09-14T09:11:22+00:00,best-voice-journal,https://vertexaisearch.cloud.google.com/grounding-api-redirect/AUZIYQGOCMiNKuvhV6ch7toYQS_GYP6ThlAFqlcZ-WAqHp0lbXi0_0FxJr4yo6BSvyOwFd4nzEK6Gb1hNsnFAVS2Kf2HBMAwAoOzKYG-_lswbIOPlu83bpihDMS5tmTvmQsU5-LMOx5TTHLhfYm94KBgEruzRA==,clairecalls.com,clairecalls.com
872,2026-09-14T09:11:22+00:00,best-voice-journal,https://vertexaisearch.cloud.google.com/grounding-api-redirect/AUZIYQGXOompTqXUYQqutu4PPbl5b3QFd-xmNG5Nsuar_8nFd6YV-0cwK-KuGbVPiCS1TbTmR20nMiBUR4VckKY0XYuRluFqniI2X-PiujyG5zGLS5x_FpJWY6Vg5oE3ijZu4MeY3Zol-qFkgTTnF9p5uJo=,reflection.app,reflection.app
868,2026-09-14T09:11:22+00:00,best-voice-journal,https://vertexaisearch.cloud.google.com/grounding-api-redirect/AUZIYQGj7ntJTOTDFA58ZjAIJ-sgfrqpMmvHRh0Cxgvd8Lp8v8vX64lq_Kxzg2BCNXb95Ud5e4dlB46lvYsECAQh48TnZP96bVw5r6By4H6CduFuAYo8zXd9vN3A-dOLwaK9lW4jh5ZJCj5WSzBoElL-B_8oXxZ8oG1gfETOEn4k8iPuJ98xodImVH36OaN9TU2MZ99mu2ozM_waiyapGNWJwsptQjQ=,medium.com,medium.com
864,2026-09-14T09:11:22+00:00,best-voice-journal,https://vertexaisearch.cloud.google.com/grounding-api-redirect/AUZIYQHFCFMulXz_qDGsyH68emkpcGCuZjIxIRj2vfOqQfVAu6_UK473IRw-be3xfUfIsSW9VhvY9FWhWwb8rkPGx9vip0JHIIoeX3MmyyBZMZc_HhajTd6sgLn2X5Ie2VGDOvmPP-V8bf5rQdSfTH65,speakwiseapp.com,speakwiseapp.com
860,2026-09-14T09:11:22+00:00,best-voice-journal,https://vertexaisearch.cloud.google.com/grounding-api-redirect/AUZIYQHIhpYHKOt-k__bsufCRu8YipTe5WzGTB0Swwqd8NADTp03irlUweNbwuyJmxqxOAAhC7p1gOcUUrJq4NyfqIDRIVurr22XKGsH66ohPq5YFHduY6VrsmdBZE-ilW5RSUv5kR0T8GuK074DAFVO8Q==,journalinghabit.com,journalinghabit.com
861,2026-09-14T09:11:22+00:00,best-voice-journal,https://vertexaisearch.cloud.google.com/grounding-api-redirect/AUZIYQHIhpYHKOt-k__bsufCRu8YipTe5WzGTB0Swwqd8NADTp03irlUweNbwuyJmxqxOAAhC7p1gOcUUrJq4NyfqIDRIVurr22XKGsH66ohPq5YFHduY6VrsmdBZE-ilW5RSUv5kR0T8GuK074DAFVO8Q==,journalinghabit.com,journalinghabit.com
876,2026-09-14T09:11:22+00:00,best-voice-journal,https://vertexaisearch.cloud.google.com/grounding-api-redirect/AUZIYQHVlK5L3lO7JUCEy28_F1mZPOhVxKo8ivMDgJJpfNqtrrEY8nJtX-_BWi5s8QAlJyXH-Jalw0-j9BJaX318xHWfEfJRuqxGMNze7d54sCUEzUi_xXKviakWhWV3DoAbaQ==,youtube.com,youtube.com
880,2026-09-14T09:11:22+00:00,best-voice-journal,https://vertexaisearch.cloud.google.com/grounding-api-redirect/AUZIYQHWUhoIqX-Ob9x7xeMHbacCtcZSOiDk9nzAAvsMmPeZCpJWh5WxmWb8Z5y3HTi1Khmzqtxslp7BDE5HPCmn58-g-CDt7Nzv3is-g-irwPzBBs1TRlPeFSH0L_VkjR6iozqjiGhIV39RDFQw3i6D5nzr0Q==,lound.ai,lound.ai
857,2026-09-14T09:11:22+00:00,best-voice-journal,https://vertexaisearch.cloud.google.com/grounding-api-redirect/AUZIYQH_NOFcIP0E66iPI7GUqTHnZ8kIeLPISBDt4aOEouyuGeZVCThZjvKrfDTsmzjYuxd7fTB1HLNdHU4nzjzI13GwvAYEySKl_6SAMmA-TLZinISfO9iiSwUFTe9Sh9387pV5e2sREBx40ZWRHw==,lound.ai,lound.ai
869,2026-09-14T09:11:22+00:00,best-voice-journal,https://vertexaisearch.cloud.google.com/grounding-api-redirect/AUZIYQHc4wVWpIqqnrr_Nbq1Ex2LbFn8p2AY8LweLnH6eQuqWdSRMj9k9zarQSgXDI0EcNFa3-MFEGQmb4yYF-9DPq5wEny6SJXh8J5U0BQHEFWb6XL1quJjWuGHkwtZt3p0bbY1,youtube.com,youtube.com
870,2026-09-14T09:11:22+00:00,best-voice-journal,https://vertexaisearch.cloud.google.com/grounding-api-redirect/AUZIYQHc4wVWpIqqnrr_Nbq1Ex2LbFn8p2AY8LweLnH6eQuqWdSRMj9k9zarQSgXDI0EcNFa3-MFEGQmb4yYF-9DPq5wEny6SJXh8J5U0BQHEFWb6XL1quJjWuGHkwtZt3p0bbY1,youtube.com,youtube.com
873,2026-09-14T09:11:22+00:00,best-voice-journal,https://vertexaisearch.cloud.google.com/grounding-api-redirect/AUZIYQHd3TRkUI7-yUgii9dM-QR5rPRw7hJ4Oie9_ecIim4w0UeiYMQzG4m6mqQODh9Rjipc52cb_fnf9o0ZE_sNER71jcsCWIctrQ_epHX5EU6hyHBUH22NquGHhQMmP0Ir-phHAEfRaK8nK8fis-Rb3CBxJiTo,apple.com,apple.com
878,2026-09-14T09:11:22+00:00,best-voice-journal,https://vertexaisearch.cloud.google.com/grounding-api-redirect/AUZIYQHlBThUwxKjE1rfI3ejnYjJAUHdCGSlu3G1F130Rr_ZWVWqbGdb0l5PFe5tpv_JcQN_rfmROCyAop_13ByEKD7AAv0TgXEBhH1cU5sYx8mxRvJx_3nwwj6oqH_9twus-x3xTMD4u1_S4mLxpuSx,journalinghabit.com,journalinghabit.com
866,2026-09-14T09:11:22+00:00,best-voice-journal,https://vertexaisearch.cloud.google.com/grounding-api-redirect/AUZIYQHvZyhFl2MLD_COIDhohHCX7vkP2pf1_ZZUDre44fZyGADWRwgIzSZ11NevDWubu6_Di4dDYNtX30HkVovURtsAsOI35iveBOASx4ffe9mRG1C_BTtz4HNMws0QbWLEyQuJEY5ZAoonr6updVOwfAc=,journalinghabit.com,journalinghabit.com
964,2026-09-14T09:11:22+00:00,digital-twin,https://vertexaisearch.cloud.google.com/grounding-api-redirect/AUZIYQEXHwnvBh1CukyQir3KKIIAZ8CUqjQto6iEO9loxYWfcxXw1udrvr8EczOVLeFAy5AppdKMfxkzFZLJti4FLQ1hfFlr_UAOL34xBCJSZ7cIdLe3dvAF3mpCaDZ5HnNXP2HsWJVA9w==,getdailyvox.com,getdailyvox.com
962,2026-09-14T09:11:22+00:00,digital-twin,https://vertexaisearch.cloud.google.com/grounding-api-redirect/AUZIYQEjRuD6E6DCVLocn6EJgt-5MAkGlMnpEzfozJZgQjR62avaXTRU2Ch-GNNYgFPk9D9z63s7NFCG6rStV0m_u31NdaOWZ2VqTPcGLMGq9_PNzzFR6BaiNUHjuEoYxFSjAjc8dOb-DcsHYrU0KVO6fQbHrXPcPgSqUYEOx8aO,helloi.ai,helloi.ai
976,2026-09-14T09:11:22+00:00,digital-twin,https://vertexaisearch.cloud.google.com/grounding-api-redirect/AUZIYQEpLJuIVv6qweCtoP8UBJfqcEdnbpSG4AbcnhdKi8bgeDjhtf2OsjuJIgwTzRXQD3sBpcTuNfMhqotspNLnHNXDMvbGOzZzu2aEl2GP5s468sSWo3rgGSEHgH2GfVtTvXmcJKnhoClzFsA2KCsgJJmjCH4-IzEJqRsrn2M68ayuZlHZ78u-XlL3yBlJw-4E6WDeGmNDWLS5FXI988ble6nw,tomsguide.com,tomsguide.com
953,2026-09-14T09:11:22+00:00,digital-twin,https://vertexaisearch.cloud.google.com/grounding-api-redirect/AUZIYQEqvs4QPmgq1foVq1kjE_mcxveosv3LOreFKWu1u7gBNfO8YYSfmVlVjdevF0aUm9pAB3B6Hpmrw6cMBhmMI5CegLo2cIQjUK2wsjEGjVpjZe8FIL-Dvc8X3GLITow71IY1tJ2Suw==,getdailyvox.com,getdailyvox.com
971,2026-09-14T09:11:22+00:00,digital-twin,https://vertexaisearch.cloud.google.com/grounding-api-redirect/AUZIYQEyS1wZL1nk1EDcn2bqXMFrpyCyb2RsXUjoqIRJGbypLggh9ydmDkme7Cw1bsA8_pzqcxAWuBIr9AxGcBROT4CLZGVcBbyEegOfOMVl799eSYPlCzLgTeU9aeK0jWa9LSIedIzj62KbppBpE8DGIdCN3Lj4z8f7OyyTD9H7V_QfgUrFuuXlDetVjLJFtLY4hyIyM_QgPxhuR6AlcrhbGIA_6XJ3xjM3dsGAiEbXXeugDWdmPi5S2bqRviyERWy956RXL1JYmnmmpaLqsLo=,refreshmiami.com,refreshmiami.com
960,2026-09-14T09:11:22+00:00,digital-twin,https://vertexaisearch.cloud.google.com/grounding-api-redirect/AUZIYQFDBAMWygUfu5T1xAP4dOLcd_b01kRQamwZKi4GVOy_tzgefT-vfjYfUXzozc-gG1GTJTGLTyWFEFu9dLFP2GgZ1akxoDOStSJRMBTSIdHoGUuKE5rmWgQnUqDGZvXkZ7zszzAbwvyzoDvp6eVq1RY=,mykin.ai,mykin.ai
952,2026-09-14T09:11:22+00:00,digital-twin,https://vertexaisearch.cloud.google.com/grounding-api-redirect/AUZIYQFDr6-0sLMN2wytywRRMlIUuyVrtOYGj4Wo9D5CIRcebp113eGlblbCxdoJyL41Mqy8fzK6iU3AqR-Mlloljocy1DjA0tgyLgEF2q4nHe__9gmUKiaQ5panK4sO08GLyAo=,github.com,github.com
973,2026-09-14T09:11:22+00:00,digital-twin,https://vertexaisearch.cloud.google.com/grounding-api-redirect/AUZIYQFM1SvZbu4sGwjOb5bQ2gqgtKI5jbR4kgqJ6cFcn4iQMqm_vLba4rPnD6mhC_YuqkHMAw_R-hvB287nthnN-O4yheqIdWRfrNl3txfr1UYk51MAm50QYDOeTmcUbsoGd6WrpyjRH_dwOMqqdIXKT3wuhymrEAwQazy5TUiATe_ls3PvzlzWcDbt,aimmediahouse.com,aimmediahouse.com
961,2026-09-14T09:11:22+00:00,digital-twin,https://vertexaisearch.cloud.google.com/grounding-api-redirect/AUZIYQFNAHRsNHE2Nca-dxmM94pEN1ImGlWQaqyTSK9TOZ1HrJWGLit4q0vO7wEWyzDDxjUpRw8H3j8J76sD2jzL1TmiFGx9cRqODedAZwEtMWPZSkvC3ikKMAblXMb-jrRWYp2zYdFkvZ2TfIFOIZSn68ItiHn4Kp82rKmweZC2WVsKfVKE3w==,google.com,google.com
965,2026-09-14T09:11:22+00:00,digital-twin,https://vertexaisearch.cloud.google.com/grounding-api-redirect/AUZIYQFVTW0c5j0U0rcGvVuaFhjIF1oTUsIB4Q99VFapXXatl2di6e-01mSxQl4nAHVybiOUWRI1Dg9TP4tEolmd2psup9rzWOy9UJ733-KOtYGs4Hrdrtf2WUSYjrSgxadYoFy1P2jmQw==,getdailyvox.com,getdailyvox.com
950,2026-09-14T09:11:22+00:00,digital-twin,https://vertexaisearch.cloud.google.com/grounding-api-redirect/AUZIYQFXGJ9HVvNiqx1panRVw2QNsLDkKMDbfDsAaZFhEd8KYVMJnWJ5UH7c0UZSKVwBvXxrx14kCZgU0d4WHaHB4-TE_nsCfQUetaVUJHQktfxgrc9vcu2rQdGr7H3W9428OOGhhUg2QEePLav0AwAObDmlII1dxJ6Lnr_qtikUwg==,apple.com,apple.com
972,2026-09-14T09:11:22+00:00,digital-twin,https://vertexaisearch.cloud.google.com/grounding-api-redirect/AUZIYQFZ4KFVKpXQKGtCbscmRh-ItLkGp7Jig58Z6iKDUiTzWSf2HkzZbzkZlmB-kcz8ZFjPmuPIsVh24C41uwUbWsHikZ9irKOhRFGTiGk-So6e2_K_KxIaXYThN5GJrrQ=,everybodywiki.com,everybodywiki.com
949,2026-09-14T09:11:22+00:00,digital-twin,https://vertexaisearch.cloud.google.com/grounding-api-redirect/AUZIYQFg_ekzOEw0qHxFzI4onlsav0BpRlKYToEQ0sVcrfG4sY3sCfzuTngKA97uHaXuy7m8qOp3z8qTAX6qldmt7o9HG9oxybKF0ZDFi1NKgo9TihvFTQimc-60BXEvF6CRrGDQIV0ogbWdN5h2IdM=,medium.com,medium.com
948,2026-09-14T09:11:22+00:00,digital-twin,https://vertexaisearch.cloud.google.com/grounding-api-redirect/AUZIYQFluIdkgsWVwZarbnhv-cIZNJJO_KZtNBbqPT0JLlzS7Tt5QlB5_M0WkiqzdYsYtk5DNghpEB2mXd8yN_QPaAU6a-l8Ow9uWQzbtv2bf8o=,getdailyvox.com,getdailyvox.com
966,2026-09-14T09:11:22+00:00,digital-twin,https://vertexaisearch.cloud.google.com/grounding-api-redirect/AUZIYQForzKQ3copRGTwPCBHRewMXdUTV4rIM-um34dGQY5mroRlgsu8qjzKyWJkfiXW4Yo6EcEUh6wPOsLkeeGXxachxXQel2E6SXxFBG1m-CTcvEfnLs3ghWcCHisMuFx7bbOOAjaG0ICocB3W2OoeuVahiyYRwDUCWd_scgnXYg==,quasa.io,quasa.io
963,2026-09-14T09:11:22+00:00,digital-twin,https://vertexaisearch.cloud.google.com/grounding-api-redirect/AUZIYQFp5FBP5H_GlImvh2OYJeq6K8UJFI9jLKNKJiMNPtzEYCjDYygRDAfcL5ahzCMkDJ0-D-HlVG8ZAqlOxugFCgmravbbMwsWkso4pg_l9B0Q9yA5VfzPyY0Bkv-dqTDhQ3v4og==,getdailyvox.com,getdailyvox.com
970,2026-09-14T09:11:22+00:00,digital-twin,https://vertexaisearch.cloud.google.com/grounding-api-redirect/AUZIYQFpwZ0YJWjgFGGhbgxTe2ijjGyuKOs42tWCaPy8zZMPsAAPYtL4pCNy4q4Int6e9_10a0u7Q0ZZ3YhNoy97UuCGuKjxid20vUzdecyQzg==,mindbank.ai,mindbank.ai
958,2026-09-14T09:11:22+00:00,digital-twin,https://vertexaisearch.cloud.google.com/grounding-api-redirect/AUZIYQFqFiocfkpKO6iCoEvxkdafwlGGzzCSV1Sdub3OqcHq7S3VfmW5VOxKBntjgnKL1Eo-gybSa3fk1OLElkUr5j9vLl4iCO6Yp_p-aDxDbaiyeIq3LcCHc-9MnmvcwO6fOOTcw1iEx12O_kSPfT3FNyUR,reflection.app,reflection.app
957,2026-09-14T09:11:22+00:00,digital-twin,https://vertexaisearch.cloud.google.com/grounding-api-redirect/AUZIYQG5J07sawxTNVTC2xHa1ClP9syuDHbgVh9ao4NRyUskBmblxjDkpwOf-8eWwDGZVxXuqr_53yXa2WNFJdZ-OIpt8ba7vdmmqbHvTNLEKtyZqNc7aMlxxP69rFn1Bs590SFCf2PZWQXvZJHH-hv1II_sy9cpphIJaS7s28nqY2u0XmDBEAsM6_J3woWgAWsbwcSB,sider.ai,sider.ai
954,2026-09-14T09:11:22+00:00,digital-twin,https://vertexaisearch.cloud.google.com/grounding-api-redirect/AUZIYQG8TaNwPC-ItfIX74wmuRVr7kgdlOQkJZy6FJZZhxPncq9bbfLLaYvyKroEGSQ-jLV_jSX2N3C4d6hOeKw9ELDIEGAVo-SiDgokhf29Al-wxW9h3rPxRju8Sas2JpI0Fvavc-ZTWt6yskhCkHc9wia5wWffXLLS2rrkItSaW7nK62MKU4uUXJEjNwlX8qn4ZGxu355lVPGQVBRkUaMu053xGg==,reddit.com,reddit.com
955,2026-09-14T09:11:22+00:00,digital-twin,https://vertexaisearch.cloud.google.com/grounding-api-redirect/AUZIYQGIff1Tbm62Aq05pflN-cHDzNbruKGEoDkL6zHtC6gAAsAHlfE-tpwLPNhuxId6meGtiWSipeQoYwyyX2xlcofzq1DcUQTvRO7HPB7ca4q0KdS3gagL1AdCjYidd6jjTdOr,youtube.com,youtube.com
969,2026-09-14T09:11:22+00:00,digital-twin,https://vertexaisearch.cloud.google.com/grounding-api-redirect/AUZIYQGXdR-FsDeiIy5d5l64STPcRQGKzmgSvoKlypOUea4BVcoExaihVKpuyXP-pLnLH3va-l6RJsFz5HobFQfmDQydkIcu9zJKieda3QxxnZj3bTNhxQPIHTz7hAfuORfnPh7Pt3IUEtpEV2xUNGA_VO1PjAn_Zhfi29wO4kNtXVP1L4hn4buxf856cnSt30E=,mindbank.ai,mindbank.ai
947,2026-09-14T09:11:22+00:00,digital-twin,https://vertexaisearch.cloud.google.com/grounding-api-redirect/AUZIYQGcEOnYs66Ln-qxs14Nl9p3f0iNEl3os20VAL3pNY5CAFPQdq8Ahu1nwPi13SFEikrn30eb3B3rN-dQ6_kZLJtEU4rhp2ANPb_Sccgl0qe4bofU_KuS_OXTGTExgoaWh-M=,youtube.com,youtube.com
975,2026-09-14T09:11:22+00:00,digital-twin,https://vertexaisearch.cloud.google.com/grounding-api-redirect/AUZIYQGlYFUDLBvE_WoejPbLVZNWGoak-J_w5M8IJTiP4LIuySp9ttk1B64UQPJrNyPoSN2cYmicVLaHwTWB0ipSqBw__gdhS6aSDPLv5l1G1pcdx99QPEPBUI4M29bRgkjV9-gIFZ2peg==,getdailyvox.com,getdailyvox.com
974,2026-09-14T09:11:22+00:00,digital-twin,https://vertexaisearch.cloud.google.com/grounding-api-redirect/AUZIYQGqF611-pauPEOaNHVxgSGVA-8uGkZfTFsE-VDbUKioieT8qFw8-bko4wh9CIItVs99S4qRfBy3i6DK0010hTflA-opd3z3_j20V18BzJ1hnoPzZM7HQYqCzjm0bxFUld8r-HkK9ium0temSK38f2_dfNvurmRC,mylifenote.ai,mylifenote.ai
951,2026-09-14T09:11:22+00:00,digital-twin,https://vertexaisearch.cloud.google.com/grounding-api-redirect/AUZIYQHH8dOgNq8X0pj_UCBbUxqdn-jNdQLET_CKexm4kx7bkcnGNSFnwt3H8ZOpYwKO7-RM4WVx8j4OFyS1WIRdFaVeaOCFlPk1_tTWsscDRFIVyuVSEz5wcKIa4JmN1Jp3YQ==,shipit.buzz,shipit.buzz
968,2026-09-14T09:11:22+00:00,digital-twin,https://vertexaisearch.cloud.google.com/grounding-api-redirect/AUZIYQHHGea2DrO-X7jEXchtano_wrZDMco7yM49OiqpRTLyShMNuLGFTKzWUarlcSr3ETL49YMn7db0jWyec0ZO4-Jed_sMBTKnvTchr3--PzhUp9JdWVLZQLtgW6nhGyn2MtNoFzq_2IA=,youtube.com,youtube.com
967,2026-09-14T09:11:22+00:00,digital-twin,https://vertexaisearch.cloud.google.com/grounding-api-redirect/AUZIYQHXYE0cU-T76l20H5sKGBBvrQ5gVWhTXaaoTLadtNGRAGWDuw_Kb2YSgOQiXQGjDjGKZST49IG4a3dTpvku58_qN2KJXH8hchwoL9q88dW39U5gH5Sv_o2E1w_d45KSyCh6qhH05isSSvw_WA==,apple.com,apple.com
956,2026-09-14T09:11:22+00:00,digital-twin,https://vertexaisearch.cloud.google.com/grounding-api-redirect/AUZIYQHZaY-vG7yyUiBmC8TWse6qwmeSXiQSmmwU5EyMh3vbfzccLM1mp8qos4eDg_7V2lk9VbUfSGjGvqHsVpQRjv6NSsjKkomJAyGpey-n2stFmnqEKj7EOz5s3z0xFjAO6i-2QTiI559rmtdDNabiMZYSMwQUrC2IKYMLhe1zgMW4DU9J56m1J-KS_mvqIbV1c8frG5w7EScYVqfgiQl_LG5_b-WkxMyv5jxwnRu-idOF5u44Sphs9bMKBnqNNj5AK-qClnMSCbGkCDYxxQAG,refreshmiami.com,refreshmiami.com
959,2026-09-14T09:11:22+00:00,digital-twin,https://vertexaisearch.cloud.google.com/grounding-api-redirect/AUZIYQHgGGsynwcSsHTqXBuyBubNL8XZ3-QDVNG0XPT8_bNgQnoqUr3Rsptl9PiZjx3Wzu5LIgZS8vJHDzsaaOzG7kErd6yHvf9aWXhimtOXequKOd_5HvOQ-AcWusTYK4mHDPdOrF-uqPAtQTSmlA==,gettrovera.com,gettrovera.com
942,2026-09-14T09:11:22+00:00,journal-adhd,https://vertexaisearch.cloud.google.com/grounding-api-redirect/AUZIYQE7QF9Nh5vaJE_etLOzbYDCAmyvPUgc0OWVJNNPsU6z_msj9lW5UZQ8wYKX9XE_9AimhQavSIdC4amKIkBXp-C_b4yh1wBirFdlHbAQXrCWWVwAbu6uZX1EYIqfKZnVX3VLn0hxs7BPfkQvs-Tudm6WQkkuLmqWY6aHlpO9l_c_LURnRDPQ2g==,google.com,google.com
939,2026-09-14T09:11:22+00:00,journal-adhd,https://vertexaisearch.cloud.google.com/grounding-api-redirect/AUZIYQEtgwTEvInWq0cJPy-fOcv4Pka-s-4pXUcgVOpi7bLGMCil768RLRi0M_uXpPvfK4cwBvn5yhs92v8gVU3N27SWlArkY0l4tS5PV_2JDwpfGp3AL0O6iHYdWcFsKtuYkPUdjZG7s2va,blabby.ai,blabby.ai
943,2026-09-14T09:11:22+00:00,journal-adhd,https://vertexaisearch.cloud.google.com/grounding-api-redirect/AUZIYQF-58WkywQHImNHiB8hIvYd_iUBs8DwTSc8EdLgqzYk9J_xfvcIdzXo954nu7XtK37Gy7KqulPtyxtkHmn-jltnOJgKoG1l8IR0pVrvlXChcr-ANlm1lBMOZqdxC2ciEWqQdl1AaoHlBbI0JaYlZR9BiRAWoLtp9d25H3NSJB6NqeB0d5iobk8L,reddit.com,reddit.com
940,2026-09-14T09:11:22+00:00,journal-adhd,https://vertexaisearch.cloud.google.com/grounding-api-redirect/AUZIYQFAZkPv3OqvmDsN9qJNyDTcp7cTs-g4rSWCMwa7e9oFDkxXpxewdbDe0wzPCvUycenNpMz4TbmA87m-cZYMHcqRSB7FsLVcdEXQpeZ72sTVQ12nHh4nWE4EExVhxnl2UZbNpcA2F7Ven6uXTnEdDvx6WMFlsXRUlMUmTew4m2WWW2GJPhQ0WRfEY8V4szDNINzyV3Jj00YAUkztc0C3QnqqiXmH,reddit.com,reddit.com
941,2026-09-14T09:11:22+00:00,journal-adhd,https://vertexaisearch.cloud.google.com/grounding-api-redirect/AUZIYQGDgaDahZP8PwTfhHGtrLbPmalRkogfgjq4-b9yGoPQuSgozMBkhdXsgGPKT4Yu18ZsSquvICwK9_bHsBnmabY7Xv_pq2nRAoXVtJyWmuqGJ_eOzkGA9QdZsuXCYkrvtq723nnJUA-38v3Vwk_Lwg==,lound.ai,lound.ai
944,2026-09-14T09:11:22+00:00,journal-adhd,https://vertexaisearch.cloud.google.com/grounding-api-redirect/AUZIYQGaRz0UWeOO46nA7wiSYI_e-NAYuqLqkF7rhh2nV4y3-svYnukS-PAbrEJ26r0WsYWgOncmfqZM0-tCwTnk9E5x7BzDWj4RCSUYWu7VNy0K6nNS5GVjjzDB_KeSWZdfkAdEkhv3brY1UA7WOmLtwsHtG9w_pXYPMEPlv0vwSWVM86T2LLGX3nqIOh_DUi5maZbiSA==,medium.com,medium.com
945,2026-09-14T09:11:22+00:00,journal-adhd,https://vertexaisearch.cloud.google.com/grounding-api-redirect/AUZIYQGp2lq0Bs83XOysS_D8MFsZZsSkeP0IlShibdnilUNPWyR8_gptXiKgtVpw0CWSukFU1HSM9CL7NFwiNem_q_65Efc_NbbLMBnm52UV1u0qy-_XgBWRzSvrCSO4kFMZFvf5jaBfff6xIWRPbqdSAl1tXlmBou-FA0yXxZNhCKo8HycB8yaxFUa3ZJTfes-P9LeY3Cep2MJfkg==,reddit.com,reddit.com
946,2026-09-14T09:11:22+00:00,journal-adhd,https://vertexaisearch.cloud.google.com/grounding-api-redirect/AUZIYQHVcPp2sPZN3QiLKYvaCH9quvjmYtuZ3jXa2ACOkRC6iw_y7sSOP6Z63nl1eWl09QJJwCrz_01w5b3Yn-dyeUG-Id-ob5GCrWST3IPvqbRGYi3gTqJ08LYKLohxnyqTfXtpsQ==,mic.so,mic.so
938,2026-09-14T09:11:22+00:00,on-device-ai-journal,https://vertexaisearch.cloud.google.com/grounding-api-redirect/AUZIYQE5K6pUu8_PWqXDdhOBYyuNFnEvfYglwhrKvAlh-IpUv7LQza3KV-gPHDdzSYi-XOBazJI29j1qqo5c-w1iM-iLW2eT63-1SD9wGcuqPgDFIoXv_LgKva-zSbtv0DdSlX7v_Gtx9A77oEQnlYF0GvmMdtgNkBpi,deepjournal.app,deepjournal.app
915,2026-09-14T09:11:22+00:00,on-device-ai-journal,https://vertexaisearch.cloud.google.com/grounding-api-redirect/AUZIYQEED9982NTKwtLXzZSzP6JDI2PjhjOUz9B8Pnig5mjXeCwa0TeSTEU6xeOpeMhMzZeck7WEkOUDC3qxfeNeVUfHqGG4XpOvHb7TvpjBOJzJFQlcOh6AYSCFKmHt7TlNQg==,dayora.ai,dayora.ai
922,2026-09-14T09:11:22+00:00,on-device-ai-journal,https://vertexaisearch.cloud.google.com/grounding-api-redirect/AUZIYQESGq8f-HViX9SitYf-hRK2oFOAL6wdO0FxbdBcTGRZIyOlT3IQy8ethH_qXcZPRuLBwccodU-grKzuS215jgZ_7XYHTQaxrx1T2Lac19GO,localjournal.app,localjournal.app
920,2026-09-14T09:11:22+00:00,on-device-ai-journal,https://vertexaisearch.cloud.google.com/grounding-api-redirect/AUZIYQEW-KL0KiUd7zj083xh68nAbhSophHSjEL7lQOeW9DO07VzMtYUxbUE0XXysr8MmJqhdFYLDMftO2Q-4skdL6OudXLxZpIcR-4SFeRUpz386YuROCI6Kko_Ykif4wQdG2OEvHJK0niQX5ZGAuRVbQ==,lound.ai,lound.ai
910,2026-09-14T09:11:22+00:00,on-device-ai-journal,https://vertexaisearch.cloud.google.com/grounding-api-redirect/AUZIYQEXJzIGwatoV1WDZXm2637yl81PP-Tza_QMgVp7pYGl7SrHsrJr7SkSo-a4DOul824O5f3_6x6U8QzxsuttBFXBGaqh57eUePqF_aG0sSQeaw7C_zwjg6MfI_Jo436hFppd831T1MQ1Niidz3vexs-aDg==,cybernews.com,cybernews.com
930,2026-09-14T09:11:22+00:00,on-device-ai-journal,https://vertexaisearch.cloud.google.com/grounding-api-redirect/AUZIYQEilMnhv933oOYzI-u_v9Jsp3vVlXp7mkJCSMSV-9jKCcqyV9TTqTKIFrydrgzLpYuZw96dhLk5wwAiEldhTfj_2vCBbIktvULBwYe3tk0UR_HbQhbEEztUDz8I-QUB,lockeep.app,lockeep.app
935,2026-09-14T09:11:22+00:00,on-device-ai-journal,https://vertexaisearch.cloud.google.com/grounding-api-redirect/AUZIYQEm8eTrylh5hrhPAVwb85GBSBhni4bp7MddQcYLidkkmnwYoDTy1HnEi-6IuSzb0HMiw4t0XnEhA-e7qfkciQZ8jyQHWdnfbyVXqxdDKBGVtGd7A7RktfWxBGUswv1spyTiIA==,yaps.ai,yaps.ai
925,2026-09-14T09:11:22+00:00,on-device-ai-journal,https://vertexaisearch.cloud.google.com/grounding-api-redirect/AUZIYQF2Tx56nt7BOMS8A7tU29tnROeqpTNIihRkXGZxHP95zrZw_T9IgUMlkuHPz-gNLZ55-GoLHjBl8d-YPM4Ukts96w6J6ckYUCbcFW_rUZfjdjdRcz2mSfU4Z_HJvbHLMrUvs58D9yZzBA==,memexlab.ai,memexlab.ai
934,2026-09-14T09:11:22+00:00,on-device-ai-journal,https://vertexaisearch.cloud.google.com/grounding-api-redirect/AUZIYQF7MBKBukJOMQ93qFzUMAh49J1NQXtzFYNv6wPKsCUkmYB_8oKNvXL1D1twuFYsAzh8mCIk0vNNTASeYXxNsa58OfpExeEpVneZ3y9Q7KhQ02lfWAE07f0_fW5_k1QLxBXt6koCvWgXBCoyKvH22NwwskyZ5q-UwAM=,hermify.io,hermify.io
921,2026-09-14T09:11:22+00:00,on-device-ai-journal,https://vertexaisearch.cloud.google.com/grounding-api-redirect/AUZIYQFKUF6DN99hrL4NHoA5pq_LR9jiWfHaHdXOA1JM0lVCizt7uEeM9vIcH_BkTv_MayOIkhaY2PLGTtVLvkP8tVeBaqWgWkno4OWoPpO9,journallm.app,journallm.app
913,2026-09-14T09:11:22+00:00,on-device-ai-journal,https://vertexaisearch.cloud.google.com/grounding-api-redirect/AUZIYQFMo4eRxkitT0r7p8RE_queyA_vlyRW4wvtnp7Z7TeaAGBnItlQH-_RD2u-63bd0rGW4wA_4IcWXbBFahftCGrUN9z5lTFyNGGkS4QZ,journallm.app,journallm.app
919,2026-09-14T09:11:22+00:00,on-device-ai-journal,https://vertexaisearch.cloud.google.com/grounding-api-redirect/AUZIYQFTYs3d3F26f-8Xa8eDeISOsHpMq_RFIsXCUVexl9T1nFWfY_pxRYdqdwCFXKwS5QwPqMIBmNISDrswnPqae5tolyUZ440J3v4zWGOv4B-4XtqRYMILXqUvP6BG8gYjzs0bRupciZ30GYSZ26lgEg==,taskade.com,taskade.com
924,2026-09-14T09:11:22+00:00,on-device-ai-journal,https://vertexaisearch.cloud.google.com/grounding-api-redirect/AUZIYQFYidKeu8-S8nRRBLHYKorbFdPjo3zEzqqh1cK9CC7gLN1KiNs7rJ9nMoM7vipbm_3TWvgNuWYhgysLHOZsarKYMOUbamv00MjptvTtFgxxSooMhexSlKNBrc2DNjG9Pjj_vNJtU1KUrcFqPRHKhuZzJg1hBTPWD11CffugWPU=,cosmicuniversaldesign.nl,cosmicuniversaldesign.nl
911,2026-09-14T09:11:22+00:00,on-device-ai-journal,https://vertexaisearch.cloud.google.com/grounding-api-redirect/AUZIYQFdHreD0T2KUoU8uYo_-JWjKHOEVqZzZ-cyLz79GbMa27OcImi3D-AsvwGXUdh3sGupZyH2YNoTgHxI7sBixZVBqc1NVfKU_eS13AMfAfATIt5j0SuvZ-_E2pcCwVwXQoJ7WZE_NqI0EvgpCoEQy9Wso3Ou,dayoneapp.com,dayoneapp.com
918,2026-09-14T09:11:22+00:00,on-device-ai-journal,https://vertexaisearch.cloud.google.com/grounding-api-redirect/AUZIYQFwy2bQHxGPf0XUmLf_0G1ajcqVRRClOzmPXBN0fUQn8HYtCrX15KQqR8xPaVQ3zMOAw5LFkeuruaCrTHF8ZGNS_VhTiyEihyjPEFzIabGD-QGrNvH0tv7aFNulFgy2XQ==,dayora.ai,dayora.ai
909,2026-09-14T09:11:22+00:00,on-device-ai-journal,https://vertexaisearch.cloud.google.com/grounding-api-redirect/AUZIYQG6U0mQaV3gqlVBSDNt1cbu-eh4qW0QQd4jUERpxVj9ntmmeXjA3NYj0LiD1rbC9d2zQoaznl0okb9jYuxty5chjaTS9hjxZriefMV0x0ApzMDfdz5aAtH_yt4TDZ_a7sEcTDnfwGjs5gjfobWbWQeU7B0GDvLwC3RRsg==,substack.com,substack.com
908,2026-09-14T09:11:22+00:00,on-device-ai-journal,https://vertexaisearch.cloud.google.com/grounding-api-redirect/AUZIYQG6wbuvpCd-aPZ7YP0-mzyI2nHYwJF8PjN693YRijOfJu_Sp68O-PVi-_kXDsUpq4X2xQ7NsphrkhwbjYw8pLRfOQpVvOYV4ucSh_Iln8zqXAmG41WOWF1Ja6geVlnQ8xN0WkC_D166pgNIy4vEToV8yKZlfgO2bPPLyqG6y9CKaK_xh1yrH6kJ4xO2MhD4avQieqQdFaGFWoGo0AxKxDIXn-L41wY23dchIFnqp1LGJvTDJfl4v4bC69uj8bA7MtFeCFtP6w==,journey.cloud,journey.cloud
923,2026-09-14T09:11:22+00:00,on-device-ai-journal,https://vertexaisearch.cloud.google.com/grounding-api-redirect/AUZIYQG7fzgoSJ6uGfM9GYf3OQoLph17rXFiF9x604bjIl30tO5wMy2Bdd-2lAg3C3TIa22Msq1Tyhggn_eINVgC1Lc7XytJREpOdZLTok10Q7211hYCbzfA-fm6v2f1lK3QhPh1-10eDq9-,memexlab.ai,memexlab.ai
906,2026-09-14T09:11:22+00:00,on-device-ai-journal,https://vertexaisearch.cloud.google.com/grounding-api-redirect/AUZIYQGDO96s__oOM_8smdPyf9ldpUbQLKY7wc1jG5gHdPaKfneEAYZHOC2LB-luwsX0kUt144g3kRr20jclpGQ0JlvOwyDQgi-RgLXSWJBEZSrHuIRUPDBLZ6UbhfpPIavgLwmb,youtube.com,youtube.com
926,2026-09-14T09:11:22+00:00,on-device-ai-journal,https://vertexaisearch.cloud.google.com/grounding-api-redirect/AUZIYQGMP-n7-_gAzlzMUbcBdv3LjbRbMWpb_9DJJQoxYA31ktjyutcSduLQfgZ-GGq81f1PcA_1l8FodZLCE8-vdqxmgSkuLyIjCVH3czTlxZcxB9IH4P-FLpEd6AsB,memexlab.ai,memexlab.ai
907,2026-09-14T09:11:22+00:00,on-device-ai-journal,https://vertexaisearch.cloud.google.com/grounding-api-redirect/AUZIYQGnCPLGzVkQNT0o0WWLqHhy2QPiRSihOHoj0f7K_P2GCX-bEMV2JUhU81uUivznD4oE6_aAMPc8LemTZUno-wZEU4J0jrdFeTHVYT-9Uf50DIPGYlY3q7Q7jTxUujpnCZ6OdVrK-rFlHsdGo5arBA==,lound.ai,lound.ai
916,2026-09-14T09:11:22+00:00,on-device-ai-journal,https://vertexaisearch.cloud.google.com/grounding-api-redirect/AUZIYQGpfPXoCXslphzfngDI5yvaaNjxP2XvSraE0CrfTGqGaFYD9W8M9ksx1uZPeKHUrX8S4GJm6zGcsuCNoezjlM_Kykozji-amBQyENEq1Hmm2JgnBZIs1YZskXu_Ah2tWeeOaaVqdeipW5tMApZdnd9j-szKMsWvPPbd_uhcCbatfNsew2HC85JaXWBZpKSkLWjIr5PQNeX-0Q==,reddit.com,reddit.com
936,2026-09-14T09:11:22+00:00,on-device-ai-journal,https://vertexaisearch.cloud.google.com/grounding-api-redirect/AUZIYQGqLe1xEyA-b48JLUiasMUWOVuAi7dFQ8vrcZtJ7M6bq_eeZeG1NBeJJl9Y9VE1OwYurFDGQ5nzhyqjeTSiQ10iceAN71g1tRN5mrf8xZ0MqxmI1hqSQ2QJFCjhvtMKSHmAaFYSTek=,memexlab.ai,memexlab.ai
937,2026-09-14T09:11:22+00:00,on-device-ai-journal,https://vertexaisearch.cloud.google.com/grounding-api-redirect/AUZIYQGqLe1xEyA-b48JLUiasMUWOVuAi7dFQ8vrcZtJ7M6bq_eeZeG1NBeJJl9Y9VE1OwYurFDGQ5nzhyqjeTSiQ10iceAN71g1tRN5mrf8xZ0MqxmI1hqSQ2QJFCjhvtMKSHmAaFYSTek=,memexlab.ai,memexlab.ai
931,2026-09-14T09:11:22+00:00,on-device-ai-journal,https://vertexaisearch.cloud.google.com/grounding-api-redirect/AUZIYQGr6aEv9u3yMFnI2SZoMic152tb5I5E7Aw6m3j3T-yuvurQLl4CIaIh3JfwPIoV4h0QYK6vgfjAgl0Ln0cGBPnI4Ga1Ou6VJ4bpwf-cQQ==,lockeep.app,lockeep.app
917,2026-09-14T09:11:22+00:00,on-device-ai-journal,https://vertexaisearch.cloud.google.com/grounding-api-redirect/AUZIYQGuQNzO4wBVr1_E666lXYQCBhJh2jCVnvYx9lM4uCCUkmNjshdM73qV1aBFJSeNuC8xQKGnVCMuU47FKEzhGknClezRNdGU-vcYmMX7_jwVnZLZDc0sQ1alTxnkJq3jC2Q7ErI3f9A=,getdailyvox.com,getdailyvox.com
929,2026-09-14T09:11:22+00:00,on-device-ai-journal,https://vertexaisearch.cloud.google.com/grounding-api-redirect/AUZIYQH2msufFKlr4izI1HVYWmNnh-PSNpuZ7lL3byUp8DKLp30Zv0YJ29WhQ8j23TRVVBLc07RjfkQpX1Xu7DH_BIM9870AgssgW6UAmuKyfp1U8W6hWiFD60TxM9-wdNx6QXKvC1obm_MaZRWLJa3pWTyv6jP7O4yC1EbK,apple.com,apple.com
928,2026-09-14T09:11:22+00:00,on-device-ai-journal,https://vertexaisearch.cloud.google.com/grounding-api-redirect/AUZIYQHSnRNO40iN-NhLItxVAHilLGwW4ksPVEhLREDKq0ty068It5xyd3Ef2XZ08njk8zqIM5OGTp4nSq6KuXS8-ZhDs4ZU5v2P-Mqslfr6YKm8cnfilDP34Li77d30fHyBes6ZIRwtLU3t9iRxvYBd7wJa28h_GwqesU_jglSpuQy0kxuQZZKc,mindfulflowjournal.com,mindfulflowjournal.com
932,2026-09-14T09:11:22+00:00,on-device-ai-journal,https://vertexaisearch.cloud.google.com/grounding-api-redirect/AUZIYQHVY3B8bRzAXKQhlM0Xcyjir5z4Et7k_xKixjSDu3-gIH5jc6raRSHpl9HGnsYiXZN1-VhHo7msjq_0VYLw5YpfcnayGaa06tEejTY=,journallm.app,journallm.app
912,2026-09-14T09:11:22+00:00,on-device-ai-journal,https://vertexaisearch.cloud.google.com/grounding-api-redirect/AUZIYQHaUhmbuYcinS5ugYMgR9vQzdpXpQ5Q7CCOJ34tDa5gvg-YhQB_cRO5ixi0QKPVfS8ReoFhkidzKA-bxKBeMJ3_5a9_VB92n1tDW6jIPH78CjIW8AdY9l2njiGJAqxY_WJZJZu12CM-vZmw0CbW,diyai.io,diyai.io
914,2026-09-14T09:11:22+00:00,on-device-ai-journal,https://vertexaisearch.cloud.google.com/grounding-api-redirect/AUZIYQHeLZzxdNsUWA5dT76CLIYKGOJ7xrb8StFj5z1534VyKGPAO88wpHiZNG9HgJzfM-XWF6j1mxY-bGOFr7fP4RtMPsa_AwuUycvjX5X3dKtcT-TriQJpxCxqr0pAWgrAai5WYg8YtGBqYXx3Wlqjja65_ERzXDIlAA==,deepjournal.app,deepjournal.app
933,2026-09-14T09:11:22+00:00,on-device-ai-journal,https://vertexaisearch.cloud.google.com/grounding-api-redirect/AUZIYQHfnvABtFldyScrfvQkxyKHztUwm2V1eUz6uWUJzNmCvDBIQEsXqfPkc1n1xkOkmjtSyaE0u6mMhU_EO5ZlO4uToRkYzG_IYbx5F7JYUydbq6PsaYz0_PtDL3x8FKp8aQ2ZZ81BVG-udfLI1VwGumgBMHiOgoZDjOsS6Jz3v2RsOtBy7xdDqC38pIB68XzinHgLcDL8QzlIPQ==,reddit.com,reddit.com
927,2026-09-14T09:11:22+00:00,on-device-ai-journal,https://vertexaisearch.cloud.google.com/grounding-api-redirect/AUZIYQHsW3t6NW7S8HPfpV01qS7FnBFJ9GvAilmYyi40TlSXckQGcAFO11GkKtLtUsbtLQvG1gq75t6j2mTS1AX2UwwwfRgUvaxrKbWXnKTeKx2p-rknQ-OTp2iKScRov_ngY3U=,youtube.com,youtube.com
886,2026-09-14T09:11:22+00:00,voice-diary-app,https://vertexaisearch.cloud.google.com/grounding-api-redirect/AUZIYQE-hNe4XNcM5qYKFIVljHpH9KZoAFz1FrxPpz_QJ04Ov9cYXouO49IqmwiqOz2JVot4wc-nd4t81ypeAihtzY1Scozrlul7u39eoXqGkHWz9-LV7n1BNtO5c9mo0sjsaYwAPQviKdrAJHGCm_N5Z62V8U85itaFhZjR_OGUHsI-2oc6Rz0=,google.com,google.com
897,2026-09-14T09:11:22+00:00,voice-diary-app,https://vertexaisearch.cloud.google.com/grounding-api-redirect/AUZIYQE485gAY8VbnjbJuXsqTUTLHJx7VacIiRRQ-tjEboerNxSx96nl1vaJxil2gNxmtllHhDU3Mc2Ed7L3BNbPuq2XzNq74fUI4gYmkYVilF_qOOFQKPuTXw6TDXG49s1qEMaaIaGz0HjyMto7EQDp08A=,journalinghabit.com,journalinghabit.com
891,2026-09-14T09:11:22+00:00,voice-diary-app,https://vertexaisearch.cloud.google.com/grounding-api-redirect/AUZIYQE7pKaPJNwOUauNYe-P8tA1Vj4zdNtjXU9B1epDuhRzl1o-vfR7uU8RLZYDB4xXMvB35uiK0AFbQmNIvv1dWHbocmkqhrstnP90m8mKgFscLu1KyYw2NMj9ddDLK6zYyVpppYH81v2nkWBbQbZOd5qW7SaS5pWg,holstee.com,holstee.com
899,2026-09-14T09:11:22+00:00,voice-diary-app,https://vertexaisearch.cloud.google.com/grounding-api-redirect/AUZIYQEe7n8MIoP2BZal9h-GECkk6L6jDGeT5lwI7QNNsL2Ex3OUC1qiaXFUQylkloaHSlYikLCth3lFjNGMU-q8w3msKE846nADhmSn2O87tI03k81pPZn_E3e6UnZ4pLmrDJC-jpdUl0Og6Qzisb_eiZ4X6RG2lNM=,apple.com,apple.com
881,2026-09-14T09:11:22+00:00,voice-diary-app,https://vertexaisearch.cloud.google.com/grounding-api-redirect/AUZIYQEfpSBpArwokW-DL4q45kvtpD8YNZNqU1wcna6n8qj_XsWoGY4qPqzhi64bhEyf6F2AQGW2Rjne5zvA50jYHYxC4WyF7bURiIHlJTAdntRxnGb988lmw52gm-wvOOEL74KbevUDskPH62NuyWgi,speakwiseapp.com,speakwiseapp.com
894,2026-09-14T09:11:22+00:00,voice-diary-app,https://vertexaisearch.cloud.google.com/grounding-api-redirect/AUZIYQEqMjQwVV2rtEwt6JB0Ccgdazbb73LmY9W0eYoD-Vgjbgjpbk0vrjjFCfob_T1RwkMzGG8xcGjWfllXTW-YCPqB09CPIFqmorFTTuwzfGBg3QHlgUdAgZ77S4yHQJ-VOBzR321zl3Y36FXUUjot,speakwiseapp.com,speakwiseapp.com
884,2026-09-14T09:11:22+00:00,voice-diary-app,https://vertexaisearch.cloud.google.com/grounding-api-redirect/AUZIYQFw0C5bPXXhsyCjTU6zh74OkaoAYH2F5fDfCTV1BFMuz57VefEg18OoBOY_GK1G-nGuftWfqM0vqknl4TErg0AvpQTpRQo19NJMGNuzWeXhxmpjZ2TcE7S9I16Yp5G_FwRE0vhcZW2krXpem6zXxeR-MOQRPHA=,apple.com,apple.com
893,2026-09-14T09:11:22+00:00,voice-diary-app,https://vertexaisearch.cloud.google.com/grounding-api-redirect/AUZIYQG5wyizORJODHg5MYq_8mkkWDfFVKVRmobl9GcaT3eIdrYLY_gObH6XrA22LLxPMTy79fIRGwvv79bYcw4uSaroEQE9BblNNzKSy44c-mbMkhKfSo5Q9-U_bHsQKDP7kxE2bArJqS0Or2tpGIZbShhzbdnCWzWPg2SAcIcw6EzUCXcBrkHE,google.com,google.com
895,2026-09-14T09:11:22+00:00,voice-diary-app,https://vertexaisearch.cloud.google.com/grounding-api-redirect/AUZIYQGYbnjtFWKZQfswVwDN2rWAqkuRnUOws_804_jIG77hC-EpQuEAIv4JpGNAxdSS9bfNxWt-Ln28FxQwpRXVJbEBsg7It7k-qZeiF_0V1D1Lu0n1b3HhN9SvXjRKrqcBSmi44pZnCCh31NtXhZAwB2I=,vowise.com,vowise.com
898,2026-09-14T09:11:22+00:00,voice-diary-app,https://vertexaisearch.cloud.google.com/grounding-api-redirect/AUZIYQGmGGIJxzkafLsloIZpgyEtaDKcYLTsBXvjvl-a9t5VJuk3Zm6p8rcKWLTCVGDx8aAllLBWHQAFKCRD0lTEAFtktWbJj5_BxvC7zooLhXmmxYOc2JgFYbEQOxg2i3irVD52JIuox8njRKXJ4Hs26MpmftFHd2bDlshKcHyMMFBcOJ8HvgqdrbFQ7_6PXJAyBjy_qA==,reddit.com,reddit.com
885,2026-09-14T09:11:22+00:00,voice-diary-app,https://vertexaisearch.cloud.google.com/grounding-api-redirect/AUZIYQGyLWDOJ9_G9f-b32btklfZ0nSbTl4mfFEUXOt3SmnB4WjOhJk2ipMNzmH10ZrOw4VAMJNR6eCfbyuRY1KZcFDWN8cQr6cgSqzVL1TJrBod7fJ_CUoJ1crZbYpA3xQRVbDu,youtube.com,youtube.com
887,2026-09-14T09:11:22+00:00,voice-diary-app,https://vertexaisearch.cloud.google.com/grounding-api-redirect/AUZIYQH3GN4sSIsCe5WP2bB4txF3t2IzEYI_wylDQXbky07GEZnV41vGjZH7U4UYS1ZzjMbSCPU8F5vQWN2FhzfsU8GTIL_CGNi8_ihm7PWPGCW2-SP-cDs9VmwTob_dqz_BTfARV4N2VI6vu0bY_S4GgALxmiCQuDVwUtYXpUw9lx51xdCeQDVUrQ_Uloei-MaX55_V,reddit.com,reddit.com
888,2026-09-14T09:11:22+00:00,voice-diary-app,https://vertexaisearch.cloud.google.com/grounding-api-redirect/AUZIYQH98WKfivJcaH5jCW8eV-MMI9De5s3yibO3Oa4NLuxoB44HE5zCJm8PvpxieMDVX4bQ3eh4Kbq8fVt8hX4FctNRx-DFx2pjOLkGmn3yGIln2nc3WWsOq_o4xWnVdS3lRjF0LBeKKC96hjo=,youtube.com,youtube.com
889,2026-09-14T09:11:22+00:00,voice-diary-app,https://vertexaisearch.cloud.google.com/grounding-api-redirect/AUZIYQHIFqfjcEi1AOOc_IzgY53CWgMHbgSJ6kvzbNGUNc1XvsLRCxcnYcK5PWOrSEkyVz5a51pEEs5fGrWHzuIhIQTnt2YBgaa3IIKOYK7EyMqn4eaaUgSnDgog1se6VfUHE5ll,mic.so,mic.so
882,2026-09-14T09:11:22+00:00,voice-diary-app,https://vertexaisearch.cloud.google.com/grounding-api-redirect/AUZIYQHVBdrPHQFuBs_ywU_p03y_6B_D9wYcMm74P1y1av4R6tFNHA1cZwof9UpEz8ebJTtjnACh-84I5auaLlGJbjLkzjPJKu7M8eZpmVXA2Rm5KAmR9ANrRlMWqD5FwkTi54KfN8R8-tbiTX5DiDaG0C8=,journalinghabit.com,journalinghabit.com
896,2026-09-14T09:11:22+00:00,voice-diary-app,https://vertexaisearch.cloud.google.com/grounding-api-redirect/AUZIYQH_vQUBdDlUuHb-wK7RJ8OLwAQc28SjDFtV7UlCEIPGYEYyWJtuxEEBLOOwOgZkwdauoQzEJk1SGIhF9jl4YZo6yWd_AEbUrXeGQvW28tU6GNDV7IRRtwjs7T9W075D5eKPhRdwZuS4hhTKhOQ=,lound.ai,lound.ai
892,2026-09-14T09:11:22+00:00,voice-diary-app,https://vertexaisearch.cloud.google.com/grounding-api-redirect/AUZIYQHhkLjNwwpsQjeH_AT0BFxbPbPyAJcYGZWbQtardfvnsFk3fArQvD-kKg2X38x6ZGlUS47n0KVcGCH2c1kkkRbx-8TiatZsvFAwgkntCICn81CcIUihswgq_EPWa9xqYxsjujttFfWqKVVzAD0yPJD-n_Wd3FfJkHo=,journalinghabit.com,journalinghabit.com
883,2026-09-14T09:11:22+00:00,voice-diary-app,https://vertexaisearch.cloud.google.com/grounding-api-redirect/AUZIYQHnQ783H81pdJg3oFUq3NidPKz1XwdYSJ-vKPZZ01sjH4hOl6uiFJc39KL9SYid4uoeOgX5Fpk3ykIxC3xmjufQNFabDUMFvywMgVT5ZrkMETLAYkK61pmPQr8xLG2tTbhvAg41pMB1Rfz2vVHiKOoshvAs6iAn7xn0RA9YfiO45smGvj9_joNRHFNQAPKO6RncVQ==,reddit.com,reddit.com
890,2026-09-14T09:11:22+00:00,voice-diary-app,https://vertexaisearch.cloud.google.com/grounding-api-redirect/AUZIYQHuB8aqNGa-rZ2bIp1dzgN0_sRTzdIVUmJXguAoRavY_DW9mblzq711C3PFbrvvXHnK9xXxjYA3HLTU4OLjRdoJXkzaI7Xiq47K0CMzJEbOKRf3eSI42e1pGml0iNY0YWYPw4OrBvitwC63oP_xuQ==,journalinghabit.com,journalinghabit.com
1001,2026-09-17T08:56:16+00:00,apple-journal-vs,https://vertexaisearch.cloud.google.com/grounding-api-redirect/AUZIYQE5VFyi7RC2zQnFW0iZN5lw2yUizwxGWf3AMAwEVVgIrNspKZcgFfAndAfC5nlysjk6ebVjdPezcsbKQundSVM6jOTwqX947htuZrtyft9J3Mopdebif_PcDz0m-R0g1lT8dxl_V5qk62PE062xFbremvr94qZ7nLjnaXm9zKd0ww5uqimv-Wy0xY4=,reddit.com,reddit.com
1022,2026-09-17T08:56:16+00:00,apple-journal-vs,https://vertexaisearch.cloud.google.com/grounding-api-redirect/AUZIYQETJayN2ni5PH1FUZ6GsiIwkvScFaJMH8ppsPgEs1_a7Dt8s8hNUa06AmBeUF_mBdr5QJLNCqZgzu8P6SFprGhKL0zRTZc9HCAvk6WcerPTR12-blv_DoZ2OuwP5ZvNIVU8gm_KaxlCBi8ERoLgatTnf-g855QVjUvyU-hAUuCPxvpMNg0McKw=,apple.com,apple.com
1018,2026-09-17T08:56:16+00:00,apple-journal-vs,https://vertexaisearch.cloud.google.com/grounding-api-redirect/AUZIYQETWfpiOjR1qXsjyoMjg7_kGG7WiW9vF9LPdFFeu26pUZwYOrUMss5Rqm0oYWMa_cAlM8bbR2DFTmt4RS5nAkVrJq7ppCeMQTzgpiu4bxgNf-KkY1VSJAW3AHgFCAGd6Zs8upbV4r4AdDsEvkAkC6RQ0Lg3mQilK0Hm71DA6bfgMued3h0962U=,reflection.app,reflection.app
1021,2026-09-17T08:56:16+00:00,apple-journal-vs,https://vertexaisearch.cloud.google.com/grounding-api-redirect/AUZIYQEifl8jN67r5J_6zs303BzEeIAuw1_tP8l8lMGAzKSyEILlnQQEfbgQV5hO2213VzneT_KdurZieReLcgxA_Y2xALuWjLAbdwfVfQqIipyOoF354KfaLB2IecJYWf9VSDIjjLLuyTyTt8Pmxe-WKQMCABi2fMBq_pnnOVi1XWIBSTgrEIBQrNQdb9iGMWM=,reddit.com,reddit.com
1009,2026-09-17T08:56:16+00:00,apple-journal-vs,https://vertexaisearch.cloud.google.com/grounding-api-redirect/AUZIYQEnVNjjE_dV7U6jpecN4gGioStCQEg1qa6p3pmKPGx2OLDVbxBLf6EGob31xRWjFiarUpG-AZGwPM8n_MbmkH4DquNEjA0fcUB9I25lIFQuqVSu_AAhFh1a6NJJsZh6mH9_-3d5975mpJZrbP5Ob58RJeComOaRmbqsAcSc7A==,9to5mac.com,9to5mac.com
1023,2026-09-17T08:56:16+00:00,apple-journal-vs,https://vertexaisearch.cloud.google.com/grounding-api-redirect/AUZIYQF9FKzffsSssbGI_S0MQe8W8lpp6V1usEo-PwAvIN9xVSbD2767jrbayQT9YMBdUkmxKWyy4aPxvO_zNlQrcV7HeVTZ-bp-2YyXS36J__Ukc0SDsA75ZbTbo5fd4UpcLm-z,youtube.com,youtube.com
1008,2026-09-17T08:56:16+00:00,apple-journal-vs,https://vertexaisearch.cloud.google.com/grounding-api-redirect/AUZIYQFH0HkjQiJdshCmtGcEzv4ZvTJqZY31Wu-z6Y3qSCqSLEujrmtj23HYcCyYlup4L5bdQsF_9RdD3SL6WUNhffSIKOOX1w_gdrVHQF-1IfbJ085rJp67Ye_tE2nRHz7MZbBQzzmNuQKRhB7yM2G7OvNSAUmA5XxT7-0UZLSAbmbViMh7Km4=,vividiary.live,vividiary.live
1003,2026-09-17T08:56:16+00:00,apple-journal-vs,https://vertexaisearch.cloud.google.com/grounding-api-redirect/AUZIYQFUPpmv7Fp1B3RzKx75KCPZSDGnjQsUA5_59SQnYr-UfgPTkAHz2AilTUOY23vGaZVRi_MOob8eq8TAg2m73yfYuOiUqu2unPgjuhCVwPNJE8HBQQxVbYoSBcve4A==,apple.com,apple.com
1020,2026-09-17T08:56:16+00:00,apple-journal-vs,https://vertexaisearch.cloud.google.com/grounding-api-redirect/AUZIYQFquU6Xk1oKQmToMtocI8be87G6dKQqNV4rn1nq2PRDAFag7oxd9CgRNXPxnRP0959TgqHbvtRAxFS2s9DWJgQvHnTBQ3wZQseqyzAK2jnI8_zMXh4I_SzMBhUdSUPKJfUSe0ozL_jZF4b4NSouorI_-9pG1oieMbRpgNFRKcF-mV-rKCZEMHBMNfQ=,reddit.com,reddit.com
1012,2026-09-17T08:56:16+00:00,apple-journal-vs,https://vertexaisearch.cloud.google.com/grounding-api-redirect/AUZIYQFvLuxc0bQd6y5ddcBWetKsK92PQkHTewJ576y8IOExubbJCr_CKDgGsI5UQqKWf7iZJgzz_r02sXvVRWhG83vuWdLarYL6irOPUSw0JdVvUS6Qai1JN_8kjqfoAqwJuw_iRm564PYFaOm2GOIgF_o0rKZWy4gvLBFCZjkKg8-ImBstUX9E2yNb,medium.com,medium.com
1010,2026-09-17T08:56:16+00:00,apple-journal-vs,https://vertexaisearch.cloud.google.com/grounding-api-redirect/AUZIYQG9tMxdKdIK19yyflhWnlQ5QfH_YFHzCxAZHc9r2lqtmQX62TIUxYIkXVzow-v8SwWBcjej-XyaNqOcFwZ8xZ9fLkJ83MQM4Wp52ULe2fA43l2Rj5grc9LbUTSmNd05vBR0U8t_4brNQvdkThwn1ZhMM1UlmPWtomOcqnPuLw7_Wl7e9nEtVNeDJo0=,reddit.com,reddit.com
1015,2026-09-17T08:56:16+00:00,apple-journal-vs,https://vertexaisearch.cloud.google.com/grounding-api-redirect/AUZIYQGHweeq5-Dg7ehN_TR1CfhP__dHa34Ddm8EUmrbtTrI5zqua-6mvOd5LvDFoUzGVL-HDVK9OaERX2LiGtMT31jrJfOL8hca627j-fo6Nc1i6NegyjI0ma3Eh_92SprQ7pXNt_tcmjfc2RHfVKQzhZIq9jrZ3pI1STBpig3pWQyMs_JLhg2QUA==,reddit.com,reddit.com
1002,2026-09-17T08:56:16+00:00,apple-journal-vs,https://vertexaisearch.cloud.google.com/grounding-api-redirect/AUZIYQGO_dKT7AB_cNxm9Uqg77dJbuiyJ8B3inoifXBe_3eQk3KH3Tg3dMPSCZMuXe1G5j2X38x1EXtFLNIEcOjYpZbpjAjLTmF1mKthDbks-wUR4mOMJr2yrZ2No4NrgRc8_5p94nIR9TIaGkgBY0iCWwqUIztlbgZeTfHyXuB4VI9M0ocqDRgdJcS_WeiwMB6U_SI=,tomsguide.com,tomsguide.com
1000,2026-09-17T08:56:16+00:00,apple-journal-vs,https://vertexaisearch.cloud.google.com/grounding-api-redirect/AUZIYQGRkJ9cWEUbbXO0R5w8wZesxwPUMKLp1reRitudVnz5lo-PFW2BUnmmbTEJ7NCQ5MeOkZqF2TTM3DmXcYJmXYSb2uYbSrtu_xXn4bTOdaSbS-4IWibEkwpwCmk14NMn6HJb,youtube.com,youtube.com
1019,2026-09-17T08:56:16+00:00,apple-journal-vs,https://vertexaisearch.cloud.google.com/grounding-api-redirect/AUZIYQGaB6M4uVS_-16Tn0a4OxvrNDPJmfb9nT8Nb_fNoXVY0XGjr97ZiJRoQRAuxNWIu78KuG_FAnafkcwvfP42_gcC035aECeidLpNqn_baBo2tQBTCNp5XCkc0dF5hCtjfZAWuq_PO8czH7iXCg_CwA1roGz5MKfxEyVTzSZPrOsP0Zsp3nruCQx4PnuhEr5aJ9yxGFhRcJ0CpAhoBiMJBk44kPcwUA==,appleinsider.com,appleinsider.com
1004,2026-09-17T08:56:16+00:00,apple-journal-vs,https://vertexaisearch.cloud.google.com/grounding-api-redirect/AUZIYQGdqoofkq61YuI63ICEqzwmAMDpGZgkTmZP4edO6Wln4Vp0l4fElPAyE2NQVzS2pYU4oXvjkaSrDX_Ij9FldImVC4qn5C2CMGMEsl_z9mZa5LGQrwpEfzgqbuXWJ7NsDaC43lRmXnFKwxjPxBjxzF2vMSbuTg==,apple.com,apple.com
1007,2026-09-17T08:56:16+00:00,apple-journal-vs,https://vertexaisearch.cloud.google.com/grounding-api-redirect/AUZIYQGnoCWHPElkEfGK71np5EUMTgcr-3HkEclPl34BpKuPSd7yh0MhLPwvTnM-Z8fZq5jUCFYVPpchRhsdn0zkldByAgq7Qp7ra7DbIE2lT3UdjrBrlwCqYcJUKAX6j4uZIBhuJz3Z5IVUW2XZ6mQ3TcUzfbq4972r4Z5oDDIRljE9NHkfsLvhBnU=,reflection.app,reflection.app
1006,2026-09-17T08:56:16+00:00,apple-journal-vs,https://vertexaisearch.cloud.google.com/grounding-api-redirect/AUZIYQGor6Zwszd9Q6UWghKiAExX2JGqMTPKsYtne68HFB6qsMOm-NT2QAkA3D8jTohPJTitVDwKFZ5PwpKm4k0MMNlWk1XRmC-jBDb4gFZhnitLAui7ZJECMERzFapZn2sXE9--s_CqmLlGu1m5nnqF2xoRN0cMUQOJaPSQGv50c4eQJMC06sHBzYl9Ore5qOPq8-A4DmZCP4wcQuG_l_XCSor0X4ZX3w==,appleinsider.com,appleinsider.com
1014,2026-09-17T08:56:16+00:00,apple-journal-vs,https://vertexaisearch.cloud.google.com/grounding-api-redirect/AUZIYQGwTEmOXQE0MAxfg7IbxIO-AV2P062t7qPiF7Xn9LnL6P8tvGaBIjwhLgtzd9n6MmWy_wsXbZC_UQGqmfryzVLF2Rs4Jo8mXzKp4tYhhnFOO0NySob6GtljZTZicxoT1GnR,youtube.com,youtube.com
1016,2026-09-17T08:56:16+00:00,apple-journal-vs,https://vertexaisearch.cloud.google.com/grounding-api-redirect/AUZIYQH8KAoeHHo5LlfARFuahah0VoYR1RI3-VtvrXRjNyQnx8qj9o5zvAcsgAzxplZ8jtnrcQGdrJfJzSSW52x5XeNcUPGWODTFSke40Ibd4HgFWSa4J61VmgcJPHaYut0VLT7wpSkzRcAMqA==,apple.com,apple.com
1013,2026-09-17T08:56:16+00:00,apple-journal-vs,https://vertexaisearch.cloud.google.com/grounding-api-redirect/AUZIYQHIHHbrAGOxrfTjIu6Nccq0OIXCL9InyAGq9r1P72Iornfq7DFWMK4aum3qL1FZondBMxRIQ1etp53jNmhrF2JBU62Hvm8xWLYaHWtaU1Z5HdXs6IPAweyLFdIs49uGO_dR_dNROwcfVh_jL75T8XjownXQiQhssPw3god4hVOFT4y8Rlt2cwPVhdPID-A7cJI=,reddit.com,reddit.com
1017,2026-09-17T08:56:16+00:00,apple-journal-vs,https://vertexaisearch.cloud.google.com/grounding-api-redirect/AUZIYQHKmiEwNwVz8msQyAWLHol5VNlLIih-N4CXbhJdukIJ7p0Ip3Uxc2sjy5KR67ItT3lElIH342pWZcAvhSfH4tNwyKaj6K1FIJGNHGzbesYfrMvrukUq5bdhl0EY6fELQ05rJMJ73P_0GdUB8cl3grVTCABGwMEJ96nTBN1ib7-t7BrIz--0GCh37aXFJVRXEg==,getdailyvox.com,getdailyvox.com
1011,2026-09-17T08:56:16+00:00,apple-journal-vs,https://vertexaisearch.cloud.google.com/grounding-api-redirect/AUZIYQH_IUpW3NmjkF5_0s7DqCUa-YsiudwMh9kjfGKKONlXG013rfDQro24EGeWMYC5wwA55oIpGHYK9VATLqH4rJGmu7mQCsPgTTdaZZGm4lDFBf5Ucg3p2zlXDJYbbNLK2sHEEiVBbiCtM-E-Gv6ya0ga8jS-e2dgRuA_BHjrU8TQlZcn-nap,macrumors.com,macrumors.com
1005,2026-09-17T08:56:16+00:00,apple-journal-vs,https://vertexaisearch.cloud.google.com/grounding-api-redirect/AUZIYQHjs7cp4VvbQxM73mO8mgaDqWLy5xehSqARg0EVKBiL3hZqygGSfKdvlysIi4b_7L_hpYqWVFVkMyvnttmO8HfMZpfooy2TRjKcgDrmAhViHpk2ikE7nOFtTYYA0rpwIgaocTn5CsPc9vQ47Mep0ooJj85lQiUxuyU6AAWggfWBRptdshKqnHWFNkiwRvI=,apple.com,apple.com
1141,2026-09-17T08:56:16+00:00,journal-app-privacy-audit,https://vertexaisearch.cloud.google.com/grounding-api-redirect/AUZIYQE0SVjT6dI6EkTjqnJ9oh65K4-WLPQjvILjTgdcshDRB88etE7kYxu7kt2Dm18o852c4lvVNzvs4o0YF_W0xxKhwir8-UUMxTfYkcPcCvfgBVm96ePEvTu3R25y0cQENul5HP231DaiyIjC0Hcv1nOdFR7RWJS5EPGkJJCw,apple.com,apple.com
1142,2026-09-17T08:56:16+00:00,journal-app-privacy-audit,https://vertexaisearch.cloud.google.com/grounding-api-redirect/AUZIYQE0SVjT6dI6EkTjqnJ9oh65K4-WLPQjvILjTgdcshDRB88etE7kYxu7kt2Dm18o852c4lvVNzvs4o0YF_W0xxKhwir8-UUMxTfYkcPcCvfgBVm96ePEvTu3R25y0cQENul5HP231DaiyIjC0Hcv1nOdFR7RWJS5EPGkJJCw,apple.com,apple.com
1157,2026-09-17T08:56:16+00:00,journal-app-privacy-audit,https://vertexaisearch.cloud.google.com/grounding-api-redirect/AUZIYQE0fY0M-8vElzo7R8hp6PLO0a6iZIMfgWNJ6N1Fp_7gKCnZLhic_YEmVhzMuXFMhhOkuj-uSqIVFan9pHNV9nhN4Cpkjr8k4CQLFRNBP-0n7d3L0p3ZJE4b1k4NIsULbtkiTbWf9zjNbfZuM19-V6rV3Zd4wo1ZpQcUICzl7Q==,applemagazine.com,applemagazine.com
1154,2026-09-17T08:56:16+00:00,journal-app-privacy-audit,https://vertexaisearch.cloud.google.com/grounding-api-redirect/AUZIYQEAUIqzCEDxfWC0RoWhLiISkjWxPxnbA04nEdt7Y8Zj0BphtijmmbKZVoK4jrHJeITJ_hXJdp55QNIvnDtCznsxuEL19F6RYu6AV9G4kNmStyewoAnYkiS6V3scRedjqzykQdTDS4KyIbi1HBXnNg==,apple.com,apple.com
1137,2026-09-17T08:56:16+00:00,journal-app-privacy-audit,https://vertexaisearch.cloud.google.com/grounding-api-redirect/AUZIYQELlK6YBWLacGw-gmE4wZ_q9nGRG03iM9Xu3rCwklb5iJn-FIaynTblcvzh3pC8iY-JTFINYnKXWsRNz12auweDpFrKBipnQ9m8NGu_tq_ftpz1Gv-zrH6KKIy1uyaYhr0UM5Vcr_AUVKW3S7AcKsFf9jHgyUV6OLG9YdStkznNQCnV,apple.com,apple.com
1156,2026-09-17T08:56:16+00:00,journal-app-privacy-audit,https://vertexaisearch.cloud.google.com/grounding-api-redirect/AUZIYQEM_OCB4FsYBcayy862u9q6cCQFs6-dfWfS7j5VbvqcRzS986V_WxDMw_qVZWFdgF0joHNx_4J5AJAj1wv0soG850hqlJsIAo0LTpFYmYev8EVmPiIHL3QFxhhOSxdzYb5s8qnjK4K3pNH7l9Me1Q==,apple.com,apple.com
1131,2026-09-17T08:56:16+00:00,journal-app-privacy-audit,https://vertexaisearch.cloud.google.com/grounding-api-redirect/AUZIYQEZIgmQxcfjOFJLgKA3sZ_wBftcSX4KdbY5Uo-PeXR2l2tuU-ilc7_iYcwYSW9zfL0m2Q7p7cCuc6e0CT4ViMlxBAcrj2F4_d0Y0YWhDxmvRkdOQkMi60fTqg==,getdailyvox.com,getdailyvox.com
1114,2026-09-17T08:56:16+00:00,journal-app-privacy-audit,https://vertexaisearch.cloud.google.com/grounding-api-redirect/AUZIYQEe9jaTFbHy6tiRIb07oc_SWKR9UrRGdCF3Wi6lLAXqe4mterC8V9-nSilLQG36xPbJCgkRhwanqb_u61BP2lkzKtaddKaPjSNq-zhXxpuq5bQDgMOn0nbDRDiv_yP5eDQRi9GNnHWRc3bFfyg0M9Maow==,getdailyvox.com,getdailyvox.com
1130,2026-09-17T08:56:16+00:00,journal-app-privacy-audit,https://vertexaisearch.cloud.google.com/grounding-api-redirect/AUZIYQEjERRBG1rIRQceiewSu_xIyvwu6tl6666zB1EpYzQsmZi29v2UPYZ9NAyupT6uRZOCe3bDGFkNvzGyMGO-KLRAT0VwHDaf2QEHTm5nGXiHdcJwzrcTlXsoWNg8RjldQ_EOqLMqkV2sdZZGSyyhplwvUt-MjS4=,apple.com,apple.com
1150,2026-09-17T08:56:16+00:00,journal-app-privacy-audit,https://vertexaisearch.cloud.google.com/grounding-api-redirect/AUZIYQEmH5tKe7SdA_RRgX_ldRkwPxwxDk5HXfl5luQ_jiQT224xejHzhuuWZR445BUDf57jlMvQpwjUsbj-NslxBjzsYIRiQTi_BoZaUQuvjiN3WCRiQYZxfv4R-qzoLDXiWgTSI9aLknmj6thae_YGlgRMpS_pAGF8-v6gTw==,apple.com,apple.com
1147,2026-09-17T08:56:16+00:00,journal-app-privacy-audit,https://vertexaisearch.cloud.google.com/grounding-api-redirect/AUZIYQEyIS3_bGFyPBmNZQxcshS3-FnCPgRZLf1PdTt7DrEMQUO2_mdCxp3Hl22G0PPcQz-zMiw7H-zvL57BZLpBJFK5xBbe1plmWu2zxLtBTTVF16YgbF20WDNVduKpxWfF5mrfKK_5TBpFzUZ_unAunLQmsA==,getdailyvox.com,getdailyvox.com
1122,2026-09-17T08:56:16+00:00,journal-app-privacy-audit,https://vertexaisearch.cloud.google.com/grounding-api-redirect/AUZIYQF6drvd8j1xPN1hnO8xSHrLMRyVKgtm5YjUcfAzpNOnME5wcAqEqjil7FQxYkgG4EsUQnhg85uSZEjFSOWoFbolB4bO2iMNRQvS1GJ3QLzKRzsDFs8tavnKcG6ihRzmI22_AdsjDKU_5AbGrFEnx5UyUuPZbHQOFpUDshEi,apple.com,apple.com
1144,2026-09-17T08:56:16+00:00,journal-app-privacy-audit,https://vertexaisearch.cloud.google.com/grounding-api-redirect/AUZIYQF7f6AJg3MT2fAP9xpmUn8Yk6d6yYZQOjLdpL1MBuWNn1Pkq33Fej_oGDWZHtPVJevRMnJyu4ZNWA73OFmXvPgpRKZ9A4J2L5_Qo8AdVvlbLiVzJnDKPINuVW11BheL3ugmgWygUvHychqChxS_B2Oq7rTMSYMllGXcoYQK046KGc6oC0A0uQ==,apple.com,apple.com
1126,2026-09-17T08:56:16+00:00,journal-app-privacy-audit,https://vertexaisearch.cloud.google.com/grounding-api-redirect/AUZIYQFC4mz79FHc5_3ykUraXQVEMGLCJTMbWoMfNe__i97gZusUIektbHrzEzbAYhhKZkiBf99UU2m5OBD936cuuxkNtECIywDOEC6izr6VjC1U7z2XG2dr4I37x1BXD69yP2j_JfW_u20q3lvV3203Wx_akdYjTIP8ukyMT64H7erBWl8nLLMYpxeCmHaQkw==,apple.com,apple.com
1139,2026-09-17T08:56:16+00:00,journal-app-privacy-audit,https://vertexaisearch.cloud.google.com/grounding-api-redirect/AUZIYQFDhFz3N6zJ461yApNGFLUVJtMDsCkYz-JiJpMkte5VI0hxRALnW6VohdywFXVGwE8XLMnIeCuuvy103m1VbOzN8KpxFcr_wzswl31GuUvTRTEdhcfvmJZNw0t1dF3b2SOPrJ6-t4GeIpMyuN14TbmziVLrBM-gAEgah7Ty9ucXiJKGBz8rOg==,apple.com,apple.com
1124,2026-09-17T08:56:16+00:00,journal-app-privacy-audit,https://vertexaisearch.cloud.google.com/grounding-api-redirect/AUZIYQFF6PMLT9ZUsk0kwVCvKRJMAnegYEUjqyHCkg3yMKQzuyF5eWFmNmM0oVNz-0h8tPS3JgBw6CRV_7dUpQVqyxjSBbA0qP_CrVcVygzHRgKgIC3IlDSiHYO1ZjQpIbCO9vqlosS0b6L0_msUeVZik6C94wMW4gI=,apple.com,apple.com
1123,2026-09-17T08:56:16+00:00,journal-app-privacy-audit,https://vertexaisearch.cloud.google.com/grounding-api-redirect/AUZIYQFLlIAFZBDTxDW59vZg9_MOLgjprDarZhu4-F0wITqeA4MlmdTPE5XzvPcgjT78vNxL6PtuqpDp3YDa_XoHhMx-_e8BwPccqZDm-KtaYVw2GbZxuhqB8aIxa5ba2joDFmMW0M1uctrio5n78kZvydii7Ffvk0tNBE7hfg4=,apple.com,apple.com
1143,2026-09-17T08:56:16+00:00,journal-app-privacy-audit,https://vertexaisearch.cloud.google.com/grounding-api-redirect/AUZIYQFRJgU4QWBN6kRk0STjAHmMSlGld4mvLFzq_2vF6uczwoqj-2ebJyGwAfMRhraLnOlAkYqYmhiY3xwqvHsHLFPXH-t8qa0Yv0SaGXcNxXsLt5AHvZZPRQgp7slKxt00al1_ul2UuHn_dVA2xVGrALzOWn6nKo_r_pLy2aja-zyPggN7_BubKM7Srls=,apple.com,apple.com
1129,2026-09-17T08:56:16+00:00,journal-app-privacy-audit,https://vertexaisearch.cloud.google.com/grounding-api-redirect/AUZIYQFW1kOskg8orbAyyTJdY33CicuZGybX6Jq9d2wNRRMbIWl6yjOKRnaeMJEgP29prZnCksYFxF37RthtHaYX1iEH1yT9RjFWn3MZXSIw0JPvInj4C8hSxCGE9t7C0-DxaVUea_xgJ4oZ50B9SLke-zA=,apple.com,apple.com
1118,2026-09-17T08:56:16+00:00,journal-app-privacy-audit,https://vertexaisearch.cloud.google.com/grounding-api-redirect/AUZIYQFfqn1_mjJtAMW_DyV6_SbPz9vX4fAbC-0kPP6FpTHiCpX_gk6iCMGZ9r5li2aG6L9wyJnyxzGK_up1J0VxfU9HbPyMyxLo4fsu3E0ldd2yh9Pn6Q_CzyzIDLkqVJwEuKZRSHowUjeWyh--5RwV2jhxFzv4X_OadKgE,apple.com,apple.com
1145,2026-09-17T08:56:16+00:00,journal-app-privacy-audit,https://vertexaisearch.cloud.google.com/grounding-api-redirect/AUZIYQFg5KT5q2SbzYv9zvzeh33T0NKGJeb7FLc8xeI_dLs_46YSYI29dO_YpuazQClOQzwtxBJTzc6Cl-0RuX3WG7cnFRC-XPkFV6x_AaLlfzPkcaz5Fj2QkBiEURRRYuU_4z40j1GOq1Il_ck6wlxwKQEpUt42ko_9QUE=,apple.com,apple.com
1127,2026-09-17T08:56:16+00:00,journal-app-privacy-audit,https://vertexaisearch.cloud.google.com/grounding-api-redirect/AUZIYQFiEogwd38O-Qy-jA_lfavLpsZ1E4gEt6IzY9-RJBj9uZQ2q9js7syajn4KFs6jqySugxBaqVq1CcjffwhsoKFTCcb7_i2Dg7TRMOQH59vvktF2pr9KeXu5Ec-YzS3TCO7Xosj_wp50fXsKIGUn3X6LMQWCTjs=,apple.com,apple.com
1135,2026-09-17T08:56:16+00:00,journal-app-privacy-audit,https://vertexaisearch.cloud.google.com/grounding-api-redirect/AUZIYQFj_DsY5JShGQg_NX5bJDscEdEYegiKU6bqeADAttUNQ237d_R0XDcyafZHzOwHh8yPs3GdkbcJKSG1uAMn5u1NsOeXGLfEh2w-EZ5o-I4ccHAL5vnOqQMQpFxbeuHz2hqrh-eML0gDe0bUzBH0ggn-2hThd6qYFaWetA==,apple.com,apple.com
1152,2026-09-17T08:56:16+00:00,journal-app-privacy-audit,https://vertexaisearch.cloud.google.com/grounding-api-redirect/AUZIYQFmTJLEMvEGO-MWkGv4V6z7ORkgajDvDkgsrdv5d0zQjlbidKuPRXsJdc9ViQCn9NBpoc9JVH6jUEkYHfFwQFLP3VhxrK2ZEsyDvDi_5NMff-BdSlfjVGO_xZaZWfRwy2FWq4Sk5Khq_fKHmmY1cXTLF0xxvaee5h9h,apple.com,apple.com
1136,2026-09-17T08:56:16+00:00,journal-app-privacy-audit,https://vertexaisearch.cloud.google.com/grounding-api-redirect/AUZIYQFn1jJocO6uaMMSakQO_tFz5qcDHDyAt6OCT0hMyLoKhBmi1KTfVr9s05PrqTfXp0vCoS0nhlFNhca3K2xDkZtjknJDDet5LdLJLeX_Oy1zEHpTLST0zHqOO5LKm1d-jBZbWy0eHsGDevEMb3cYswjRiOrh-NCYt0aiUA==,apple.com,apple.com
1133,2026-09-17T08:56:16+00:00,journal-app-privacy-audit,https://vertexaisearch.cloud.google.com/grounding-api-redirect/AUZIYQFw7IKoJwf0l2iZ7D-plm5MsJ7CvS7oPpSOR5MFgZKMhTfMGzIqtb79C1jitbXvGIXp5hPMUy6PDe8uAMTJmdSZnOOV6uQTlZ0ufxVzvUsBh03tFUXo3J16xbqitApi6G8yP1YEjie3LyNd80B4KwbCIPgUNaNc,apple.com,apple.com
1155,2026-09-17T08:56:16+00:00,journal-app-privacy-audit,https://vertexaisearch.cloud.google.com/grounding-api-redirect/AUZIYQFz1_f7f_b3mtfJY2p5QF5JlB-6HmaKLZbmZsBM6ChxMTnLfn-Dg-efuRJn248J0i4pOEEV3qHS7jCsOcLIfRi4x8a_gnJ4a49QGh8g2iY5yeas5QyIuR_FCXvLnjg32r9r3cFnYsZKk-jPyrgZKPzNhxo72Zfrcw0=,apple.com,apple.com
1153,2026-09-17T08:56:16+00:00,journal-app-privacy-audit,https://vertexaisearch.cloud.google.com/grounding-api-redirect/AUZIYQGGN6ABzJVqxj68bpBoSVzCCoLgsF-dap3p5KBgF9YFmk18ETdmLPjhsJ57AgosYsGuz8IxnYvL6e1IGUGVbZ8j_soSDsWAD9N20nKnGqAqZRaWqCLjA3r9I-8sgjsXXreKLFk_IoVdKcAIdLkxLxxdhq5K6adRXkYamXqiAow2J8a0GLNUWV9o_KziWKL7AQ==,getdailyvox.com,getdailyvox.com
1117,2026-09-17T08:56:16+00:00,journal-app-privacy-audit,https://vertexaisearch.cloud.google.com/grounding-api-redirect/AUZIYQGWHwTw_Xb6GPLOR3bu8G4LJcKi-Ld43HMOQQnMoaCPLEmSvB-wJUGjTh6fNwYqZTgYiPiYG3xNHocHA88l2DlWD1hYvAGBAmNuC8Qe5qsrcLRj4g0YPqjOz6-3WPmMJdnKPDcZekAbKcbWwdjye655s9-RpxIQ3GWd38zeaTOhEfimydQ=,macrumors.com,macrumors.com
1119,2026-09-17T08:56:16+00:00,journal-app-privacy-audit,https://vertexaisearch.cloud.google.com/grounding-api-redirect/AUZIYQGh7c02zhzLDnRmwXUDkCPJ9VF4rGiYlxGXbc9BbHhMGaAhhk5T3NgJiSzh6MP6jgazNnenHDm6uBFa2IWIE3sCP3MSg0b-0gKqLFA7azfnLcHeIKFfvocBPcvDwJwIDDJOc7oeUekmRoDzCoEVmkEY-rG2viwpO8Ay,apple.com,apple.com
1132,2026-09-17T08:56:16+00:00,journal-app-privacy-audit,https://vertexaisearch.cloud.google.com/grounding-api-redirect/AUZIYQGtTsmlq-4nUQbY9ReP-hKmnNZlVGJ9yZMh3_-bDoJoRJVVmEZpyGwJNz-PuxaI-PlI4Ato57_t-lcFj2sc0QL2CSyxo0TtJnWrCWTS6jZBootbozQeqi7oVJ2aCOMK7E9lQKHmIGCBhaMEhNHlsknbUOHZx36pqxFNrMk=,apple.com,apple.com
1149,2026-09-17T08:56:16+00:00,journal-app-privacy-audit,https://vertexaisearch.cloud.google.com/grounding-api-redirect/AUZIYQGzXAhrBOan8aoOYfBSBjHfBla1d5bmHZ5aWr1o22Qzdlomq2JkP2VysqZw5Ft6EIrUmy595Vy5Gn2AUsZrw2K3TvrxkcIwW15654vq2pBf5jPyQLOYG0IDxKTht75hnlcTDm5U9-FtFwRc-LkG4RCVu5bI6OIIhP5cN5Y=,apple.com,apple.com
1115,2026-09-17T08:56:16+00:00,journal-app-privacy-audit,https://vertexaisearch.cloud.google.com/grounding-api-redirect/AUZIYQH2SGMy92r8vLO6ACkQ0Wb0wN47Hf62LudiXARnWVnX6iPIyNYp_mc6R0oEQWdcWRUK_H25ckAp5iILhc17diEMx9CWroDQKW-E3ofBVdVeyp1cnqLgl_TqLzIX,apple.com,apple.com
1116,2026-09-17T08:56:16+00:00,journal-app-privacy-audit,https://vertexaisearch.cloud.google.com/grounding-api-redirect/AUZIYQH9HYE0t-iUHFpC6GWDN1jImIURt1Twf-nPjs09agrqDnLT80quaIGy83JWagIuadDMHSQ1bfW36Ri8JkXM8TMU_7cJmLbz4dAhZR9WOwz9UA0Wm25tZZdvxQVL,apple.com,apple.com
1146,2026-09-17T08:56:16+00:00,journal-app-privacy-audit,https://vertexaisearch.cloud.google.com/grounding-api-redirect/AUZIYQHA9-YCPPfyIMZETpouT5bDpj4UGmg-h-pZ4p5l8tLep599Rus7qwST3-uZmX4VsCeUQQ6QWIFEl-_n-39lnNWKu5_IkzUgp4Byi1MEHpqCAqcRdTDx4yRXANl7sev5iZe985kuWxA2YNwswlMSU1GysmTSIh-vUK7nB0Ysmw==,apple.com,apple.com
1128,2026-09-17T08:56:16+00:00,journal-app-privacy-audit,https://vertexaisearch.cloud.google.com/grounding-api-redirect/AUZIYQHB8Avhx3Tme7le_IqilAr-RaT-4JnO1wVwUgkAfk0MgUS4laFgfrvYOGYGcemiTka85UxxCeO2d81lhX0zKV6duAcU_A8JnnNp8zR3pNYL39PJ0I7zABLdQ3WTcA==,apple.com,apple.com
1151,2026-09-17T08:56:16+00:00,journal-app-privacy-audit,https://vertexaisearch.cloud.google.com/grounding-api-redirect/AUZIYQHIt_OOmvvNsUvE5P4gT7fKuZWBuylfhZ2hyY1BR1f4O7UOj2Yodibm2SbSrxBLJSuD2uTjsFOxXYDXbRbXsT0a9xkthJmI0rg11QSvJJQ1ZQNgXoY2Pr8O2tGklFgglU9-YMRenzAMxEJ4jdl5z0pw2Vc1pEehNxtN,apple.com,apple.com
1125,2026-09-17T08:56:16+00:00,journal-app-privacy-audit,https://vertexaisearch.cloud.google.com/grounding-api-redirect/AUZIYQHJe__aTezL5F0NYurQSzO_YzHx47WE9eU8QM_qxGTiAWWHz_MMEg3MzARXGOUq6-UO16aiTCc-ok_8paxtPid_BdTGJ0jRtLNsWJKTmOMMhc_cMEw4ic2YGiCuUFouexDSrjXKEt5wU4mljttHqfv7TOKH6L07,apple.com,apple.com
1134,2026-09-17T08:56:16+00:00,journal-app-privacy-audit,https://vertexaisearch.cloud.google.com/grounding-api-redirect/AUZIYQHMCCguHhUlYlt1jDZVUfRWDp4ONB802pqKzY2Q3lKja3RG14iHiY4pF4LpEn0EE2hfEKSOb2iWq0P7-UhuEdOMmOL3k6cil0gZJA3Gbaydi1TwPU_5AR_IvJA=,apple.com,apple.com
1140,2026-09-17T08:56:16+00:00,journal-app-privacy-audit,https://vertexaisearch.cloud.google.com/grounding-api-redirect/AUZIYQHYXFlSpL2GSZ1rE40XOeM-3zWfds5GZ6kYsb6Fl2_jCm8e0BzgCjY1EaFKJklKr3t7AK6iEjvOIY4OHrTwaO1uplBJ2Gp4o_0mBCeu-SurCaDTFekVo6KJlUOQ-VuZ_xN5aWuy5Eoc_-tWd2neMpbKT63siPf4GNGZ,apple.com,apple.com
1148,2026-09-17T08:56:16+00:00,journal-app-privacy-audit,https://vertexaisearch.cloud.google.com/grounding-api-redirect/AUZIYQHitLKrpXTK0bloei7G51bLfjS-iX6dr8XwK0XZyWKnN8-ROCguSK_zE9wS_Gms_0QHsZdmgK6sx7oCbnIWblC9zTEGinctqK5oBfBcANwLXkA5kVg9y3cvrS8kUo0HSz-jX8yMuGkG973NYRiG_2oGYFc3d_rBNl8R,apple.com,apple.com
1138,2026-09-17T08:56:16+00:00,journal-app-privacy-audit,https://vertexaisearch.cloud.google.com/grounding-api-redirect/AUZIYQHpuktAvmiWRBZ3PsenMc9N1mPemp4AiETWIzvDViH8h0_aIvua279t7TeXGO8JCfICyRDP-RZzO-CfJMsP68mqKiLeIXoY1kO-kyAu0NckI3S4m0mLke7A_fkaTXfYOnPyzy6wNMuWC0T_RWDMpz-yGxs-Pg==,apple.com,apple.com
1121,2026-09-17T08:56:16+00:00,journal-app-privacy-audit,https://vertexaisearch.cloud.google.com/grounding-api-redirect/AUZIYQHrmnVQNcj-ZxUttLAIQIePrVGSoxP_TFEJRLBH6yjdEa2sp9V4mVeicktkXqwytOeq0K26IyftZrucE0EnSG3HAfv8Rjkis3ZRJ91HIoY41Wm7qPslryNQn6l8YHj2_PS3V7fZLwLi2T7ebYFOwpz0mQm5iVzkIYWJ,apple.com,apple.com
1120,2026-09-17T08:56:16+00:00,journal-app-privacy-audit,https://vertexaisearch.cloud.google.com/grounding-api-redirect/AUZIYQHvBxVbsa5I-9yf1_gDmYOM1NqzyKFsvrwMx9T_DIxAKF3LhNz3UpsvewKL-LeRUjW5lQAjMX3-s65b5N4-8fadGrbXHS1kFP9Tvvm-Iz7-vq9IxIEge3ru7LOJlQU3PUmewDdWkLZHuFNJfth4v8xTQBZ8HQrBiG7aEg==,apple.com,apple.com
1043,2026-09-17T08:56:16+00:00,journal-therapy,https://vertexaisearch.cloud.google.com/grounding-api-redirect/AUZIYQEWroQy9pYwXQ3nJH36DPH6OxHh80MF8oEM-9SwyXyKgWVU2saSdleosPisfGo3CI5umqagNuVngcwB8_KhUQZTE-NjvwAHlRgkTE-IcOUo1yxU9Sokpp1dlq9sVmxMfOdQ8Y1yh3ibJkDDvdFAsHLoDzR8tCE36Jd5htVrcw==,rosebud.app,rosebud.app
1047,2026-09-17T08:56:16+00:00,journal-therapy,https://vertexaisearch.cloud.google.com/grounding-api-redirect/AUZIYQErbRezJm2fZ80CbZwF5J0yTKQw-RGdh2GVPbfeTc9DspGz-XAj2NSrhj5c1eEKOnkMV2-H8Q6efXS95y_-RHEOXFawUBUIdoUhVdqwnjj5DEgKINw0E-tqmRCWLqaCVIGAZSw2dvUmSAXlTDDMbXO-4UG_gUuV_IlU_d4G,kickstherapy.com,kickstherapy.com
1032,2026-09-17T08:56:16+00:00,journal-therapy,https://vertexaisearch.cloud.google.com/grounding-api-redirect/AUZIYQEtmOIatoANFFF-5hR1O21DbHdA-ElC3w_c9v2YXuxErls-BZOXnSLAqI21SkZx2VqejFjq1PMySTP-fSlVWZeWJby2RvTDcJbpsnzKzr92Ieb_tmxi_0x1nv3-uU2yXSoFV6aypCwuaVulHG4243CYF946MLyoSliGQgpnKoRYbR8JwHkG7j2opId2PQsQCdoxTkUjrwpBq4XWnm7rcN1l,somaticwomen.com,somaticwomen.com
1029,2026-09-17T08:56:16+00:00,journal-therapy,https://vertexaisearch.cloud.google.com/grounding-api-redirect/AUZIYQF-F5W1J4jQfohBuo_HuLvCmJHT79_akiXXtefv1k0oeqYQETQnH54F0JqOdI7aZnPi3fQhnGjioxWcBmeX16I91De6-bZ0fVBwmGBCLEXcBzMw7OLPG-Uygs0PTffoilf0k2gQFiOkrlejgPoOIoQg1dFu-3fcXEvzsyiFAQ5ZqyGsRiNwfV629xntd6YDOGy2PGm77c766qgxQ9SbPGsXpiY9SznX2JWG-QGwdwfsErIdtBDZeYAB,denverwellnesscounseling.com,denverwellnesscounseling.com
1050,2026-09-17T08:56:16+00:00,journal-therapy,https://vertexaisearch.cloud.google.com/grounding-api-redirect/AUZIYQF0XZ1PRAgBrntY7xQbL5ysdiFgknCCYKUAMg46K5SAVkGYMj_fDf1PhFx8g18r23di-D7_HdoZ905IFvLmDKse51_QtafVkxr5jKzGaQczrIsWPxJBI44yp7Sdfd95D5a-K-Tc5XM=,betterjournal.ca,betterjournal.ca
1042,2026-09-17T08:56:16+00:00,journal-therapy,https://vertexaisearch.cloud.google.com/grounding-api-redirect/AUZIYQF2eh4bZYgE8z3EsEdE_ef7H8FTmb_evylvbAHtjd4laXYX24mhrtSmQKWaUZP49MKITrxK50m4LU7X2cBCccXU5Jd4R7gKj9my3XOk0pHVzZ8F1sWvvxBUeN25lNMyUewBK4QwrhpP0BZ38-PTHnAb0DcN,emosapien.com,emosapien.com
1041,2026-09-17T08:56:16+00:00,journal-therapy,https://vertexaisearch.cloud.google.com/grounding-api-redirect/AUZIYQF5UnhHsXhp4kOIP_zpRmIjITY9tRM7zy3dOhteNa8-gfGLhmWGoLuecTvox8q5ZXhMqYtrA4WcOsBsXa1LZyle_fIdVfZbLIXx689cn-d-h1Xyvft_G2IAIPfg7MvvCT4bJl_of6w-5LOgjq1HdQ8Sx_dZ,emosapien.com,emosapien.com
1049,2026-09-17T08:56:16+00:00,journal-therapy,https://vertexaisearch.cloud.google.com/grounding-api-redirect/AUZIYQFas6_3BZWvwYM81bGitjKtgi0gILsRgRzsLZd4HIfFisDoPcRmHs0VhxeoHLSPd5aLcBgluMn74yrnHJrmEG2qbbZJd-r33iFRjVBURqINBD7To2msadr9NpEJ_ksWB7B5juXJI62icQTbZ4WpqDNZaz4aw8uJdg==,holstee.com,holstee.com
1044,2026-09-17T08:56:16+00:00,journal-therapy,https://vertexaisearch.cloud.google.com/grounding-api-redirect/AUZIYQFgWRQA6CHp9B8wjKxeRbBE6KZfVKgjA8-YL_xXQT6N4PTBOyXd5drO9A2d0-KXG4L91awKpK8VF5GqtO3PWYf38MfhD_9HvpF_Mg5nQchD0CVPpWh8BsrndEN7En5wtFF4KA9w_JL6u4TBoud_1UMgY4nQ4zly,empathdash.com,empathdash.com
1045,2026-09-17T08:56:16+00:00,journal-therapy,https://vertexaisearch.cloud.google.com/grounding-api-redirect/AUZIYQFgWRQA6CHp9B8wjKxeRbBE6KZfVKgjA8-YL_xXQT6N4PTBOyXd5drO9A2d0-KXG4L91awKpK8VF5GqtO3PWYf38MfhD_9HvpF_Mg5nQchD0CVPpWh8BsrndEN7En5wtFF4KA9w_JL6u4TBoud_1UMgY4nQ4zly,empathdash.com,empathdash.com
1025,2026-09-17T08:56:16+00:00,journal-therapy,https://vertexaisearch.cloud.google.com/grounding-api-redirect/AUZIYQFrkyl81k5Mt56bO-kRQcG4_8Ay3oviiJ2jRoASSymlHEWkN4hqMuI4LaS2IkCFcqq9k-8BBQ4mOgI9s8FCpcYqhMgEI21zLRANSKtfz6LNV-K2sof0KOeASdkJnjD3hyGXFjFgldB_rLkd1qrd-lz5Oio=,emosapien.com,emosapien.com
1036,2026-09-17T08:56:16+00:00,journal-therapy,https://vertexaisearch.cloud.google.com/grounding-api-redirect/AUZIYQFv0CQjbWICwPG2UznWXeoL6A_GmZC0_zup0QT3ped9CSXZYW-_3v7CZgW6_97x2hcjclbarBXSxDBoQdpQhf56c_JwEgw6S2gLfxeD6xbk1CQeoSbAHrXY9y-UZRrO-bc-hNgoJUfpvYrw1TolWkHYaq426Afo,empathdash.com,empathdash.com
1030,2026-09-17T08:56:16+00:00,journal-therapy,https://vertexaisearch.cloud.google.com/grounding-api-redirect/AUZIYQG3wnyofei33zLdVxH_akyb6zb4Dbpe67tnXhfZTYd8N45b6nSyeKPzaSHT0uzHOuBsbrm96LyHZzENieXLSCs435_UIUhpiOQL_AnwujMpiZoq5CIDq1FPWNuKw9TTzwbet3laaWGlqVrJTCqzV71RZvsya225g8sJsPw=,kickstherapy.com,kickstherapy.com
1038,2026-09-17T08:56:16+00:00,journal-therapy,https://vertexaisearch.cloud.google.com/grounding-api-redirect/AUZIYQGHtoQIRnN8HQGqf0bxmLlGj7AQUJ2J73USh11BA58teepd1OVo5eWmPRO37ZBaV4K6lUI6fSAC4yKpLfKgnimYwkZgC7dEBTCHl9s2laWLtuNjCLKB0MIsBgTXjcNE3-G-PX5EcEyZRbM2aPVuu2KWsEIlrS9GK4NnMZBy,kickstherapy.com,kickstherapy.com
1037,2026-09-17T08:56:16+00:00,journal-therapy,https://vertexaisearch.cloud.google.com/grounding-api-redirect/AUZIYQGO3F_G5uudC9jXu3ecK76aXF4BGto-b2l1ZVlvET22uLGLl2CgZV9ZtXvJH0tuO61yFgH59kYQoE0aXsdjS7W_aInaHmZ1r0yq8TcYiutT3HtlaEbduNd_CTtcJ-2mjVwayLcEG3dFFXMfNGVXOJ8LIhBqUQtN0_DwH5kboFAkf4f6LHEgW5fta0JXyElCfRWk8J9zQLUK8CmaFLfd3wxnXtWLlphUjB42cL3gM6pzn_UXDRdJ-j-VBw==,denverwellnesscounseling.com,denverwellnesscounseling.com
1048,2026-09-17T08:56:16+00:00,journal-therapy,https://vertexaisearch.cloud.google.com/grounding-api-redirect/AUZIYQGydTEu-8NM-G0iRjA39gGVq_CezgWUaTwx_volPMNikj1M59J3oaTmsN_FP8o6LMeCrDPNUNmrLvn4o2S8quFD9dPjE2V-KtNjMjfQtGi4qoSIK1OpoRgn0D3R4wxii-XUMFPJIzUntL5AT4GWebb5hlROKgft9kIqbaqqG1Pz-gEIG96C9Q==,mindsera.com,mindsera.com
1027,2026-09-17T08:56:16+00:00,journal-therapy,https://vertexaisearch.cloud.google.com/grounding-api-redirect/AUZIYQHAZmMjdfcZuZ74Fr4vVbUFxJ1JnTCgO5BMnkZ1T9ZGPaXwRm3Gk3youi3EmWdFL4hgjDQt96lDjpmV7ktdl2LlLX7AAwXpKYbLLaxlKWWI9ZwzFjkX6yi7LtIZ499fltwE-VwPoy0xKSYX7Knu0hUkxfWsgT9i6G43W5DfvNnCzMhPE36iAxNvdiQ=,google.com,google.com
1034,2026-09-17T08:56:16+00:00,journal-therapy,https://vertexaisearch.cloud.google.com/grounding-api-redirect/AUZIYQHBTETFHpKV65ixNnUzAbRyYAVQkySuHmw75uR-OmA-pzO_qKPykhYORisdT-M5QnrRgC2zwq0ns9lV6Ez5uiSaOjd_lSQmCWPlT7Hf5SZiwTJbXhoHdmPv_yWtHiCnKP7WIWchJ7TIw-0gYrq15zcC-phC6wUNUjt8A5J_ag==,rosebud.app,rosebud.app
1028,2026-09-17T08:56:16+00:00,journal-therapy,https://vertexaisearch.cloud.google.com/grounding-api-redirect/AUZIYQHCUxF8l7xPeQNRi6GOhX_fofciS0GwPgd4dDTUp7zhHtImgimJPomHrCxWcRrxg8e4lXtvonJ0e4l5YYtz_m8yT2oSWTeFlSgJDpWThz_wwyoOSKrCPumgpVYKh1qOuW-bxtNg1Amrxc5Kdn4UJsg2uTRB,vividiary.live,vividiary.live
1035,2026-09-17T08:56:16+00:00,journal-therapy,https://vertexaisearch.cloud.google.com/grounding-api-redirect/AUZIYQHMF6RV4or8wpm5Kg8TdTGjiiVR969yAfX8PNmEiDlBzSY1dCyQ7PFTL-vA2W-TDAN0UKhqTvKZFOqh3GU5Bv5ifWP_F7fbalODHglgUXDXb01X6l7tdHa4RJi2vUIurrkxtJxaA0S4QUVdsHCv3bWHawjMnfP2_k1ABG8OBiIKEYqvWdb4Hw==,mindsera.com,mindsera.com
1039,2026-09-17T08:56:16+00:00,journal-therapy,https://vertexaisearch.cloud.google.com/grounding-api-redirect/AUZIYQHMF6RV4or8wpm5Kg8TdTGjiiVR969yAfX8PNmEiDlBzSY1dCyQ7PFTL-vA2W-TDAN0UKhqTvKZFOqh3GU5Bv5ifWP_F7fbalODHglgUXDXb01X6l7tdHa4RJi2vUIurrkxtJxaA0S4QUVdsHCv3bWHawjMnfP2_k1ABG8OBiIKEYqvWdb4Hw==,mindsera.com,mindsera.com
1026,2026-09-17T08:56:16+00:00,journal-therapy,https://vertexaisearch.cloud.google.com/grounding-api-redirect/AUZIYQHP4pmiWweeYqsGoF8ePz-hTVn6c7HOYv0JPWpcvd8W1MslNWHKhJ3U4PXX2vbGCMWp9W_CkU1kKcrvL923hWYDFuCqwTDinLVblIcteU9jmJrQALOZsoz6L8oFEH_HTjGd_z8=,choosingtherapy.com,choosingtherapy.com
1033,2026-09-17T08:56:16+00:00,journal-therapy,https://vertexaisearch.cloud.google.com/grounding-api-redirect/AUZIYQHaKXHIwdi5Q0bcXVFoAzPHUzv5dGDqFHrjHGJLEwk95dybaY2muqMnRh5FfAI-CdqKUoF1lQiZgnC9bVBQMsgkVuOvVxTmOOpxQ6H3q30_Dwkh1BVUX6E7h4tFh1L3H1_CtpocANQoePJzfxXiGz0-_LohaE_nxM18gP75jOkik8TifVVs,mindsera.com,mindsera.com
1040,2026-09-17T08:56:16+00:00,journal-therapy,https://vertexaisearch.cloud.google.com/grounding-api-redirect/AUZIYQHas_qET_-gBxogumMIJKc_J66yzL4UdNihFj18um3Z5SsCUX0RkQ2p2sf3BmXGk8OctKYdHChrW7u0DGjGirP1q9PsX0OO3qE7-MH2VDIycF7J_bQ1MWy8Zqk7XQuM01Lc,youtube.com,youtube.com
1046,2026-09-17T08:56:16+00:00,journal-therapy,https://vertexaisearch.cloud.google.com/grounding-api-redirect/AUZIYQHgacz1IhSysRY5yN29nCK2KD5n1w-Da04Z0lHHB9uDDp927gAkmNz7FcQwOJyGdlsdPaY3Q1VCr3eKX0K2eCGc2zVk7Ygns1XMC8nHV42elNZDA1jJMGvrWeNs53v5na-pckao3VFahiuf9sz3sl1iD0RoQ_asIU2jgqqzqIjmj1joOi2-ciZLQx2fSBhIZQ9WHAouHeJvwTJtBGDpL8ZzcmMEKAVWG5_luYvqloNvy35Kg2Te7EsvvQ==,denverwellnesscounseling.com,denverwellnesscounseling.com
1024,2026-09-17T08:56:16+00:00,journal-therapy,https://vertexaisearch.cloud.google.com/grounding-api-redirect/AUZIYQHh9UY-gKIrA0qbjdccxYTPHxEriwSfKTZ7ID5Pwkzzg0mGgVlMgemFmpvLijsfrUaGHWyDba-ScpczfEzKHBhY8v65MWgsG177SwWveKQHJoyXTaeO7300zGzWA47QZsy6Uh4uZv4xNIx4CT_HXbddk_9ApAtoJgZZNI4=,rosebud.app,rosebud.app
1031,2026-09-17T08:56:16+00:00,journal-therapy,https://vertexaisearch.cloud.google.com/grounding-api-redirect/AUZIYQHkxyJFOYydYL6bqjHn02jIzXL-j0-HD9zT43370l3w5jYW81lRglohQ0b0XkdFpEt6KsxKuX7_SPAMbQFhyMQ8-IG01jcCKlCfPWJUNLBUvt2Pur_E1KqQYQqpwjPVlj2tFFdh2IG7AYoyr062y6LRgwNhCYiZpm039VmMTA==,rosebud.app,rosebud.app
1075,2026-09-17T08:56:16+00:00,mood-prediction,https://vertexaisearch.cloud.google.com/grounding-api-redirect/AUZIYQE7cfn36J9-jFDGvD6gzJB-UBggEOQQJnMj6CvaiUE6yuJnhA_NDq186R6cFv6PUlpDmFQVr3y_U5O5FtuFrF1zv6WUAo0iSN956e6BW2c6XrwBWCRdfZ997uKCi8NkYh7l,helloanticipate.com,helloanticipate.com
1087,2026-09-17T08:56:16+00:00,mood-prediction,https://vertexaisearch.cloud.google.com/grounding-api-redirect/AUZIYQECB70fvnk3hsQlScz7wQVzBpVzkDG2_9-6f1ngI_a1rdQwuRHQjQ_lXPKDjGl7QZ9N1D3PGAjBCGPm0kKeJFMG7nrXbZkZljDOiqet1eKmyV6R1cP203BU2XgOXfL1eyZSOU0=,therma.one,therma.one
1085,2026-09-17T08:56:16+00:00,mood-prediction,https://vertexaisearch.cloud.google.com/grounding-api-redirect/AUZIYQELk86uRetyKshM3cQYPalL-idEeEYg2sRiUYgEllbPK9oGbfEnIHW0-FiI7wchF6Nl7OmFokh5wErikrdZBYBZOyiWwBs9KAmnISbjllBFq007pL_Yppfkec1e-y0IyfmG9gO02bndWQ==,helloanticipate.com,helloanticipate.com
1100,2026-09-17T08:56:16+00:00,mood-prediction,https://vertexaisearch.cloud.google.com/grounding-api-redirect/AUZIYQEm7xitbls8Ii8RVdOOFii4jjfXwOl4qTC2dTdb4jAKWVNaUBPVcTQSjaMSmda3PCu6hz4__NS5xDws_DddeSQvIJlumcXSEzaHiB6X9e3x1hGwnB4m891r19OWj5_cE_0zxcOGy3vcO0ODuvuf18RvNbZKCKamkTL8aB_I,apple.com,apple.com
1095,2026-09-17T08:56:16+00:00,mood-prediction,https://vertexaisearch.cloud.google.com/grounding-api-redirect/AUZIYQErEOJKisUvS7cMEwK8jRtN0WEmAU_LW_2KgpfvKQS0Dy5mwRUapcZ2UKz6D07vGfB_RPkukXqbrbaIDIQkJw7Tw5RZ8954zNacMmk66jLyOE7S7NfC0nn9LqM50k86P-tso4Ap,helloanticipate.com,helloanticipate.com
1097,2026-09-17T08:56:16+00:00,mood-prediction,https://vertexaisearch.cloud.google.com/grounding-api-redirect/AUZIYQF-Q2Y7Te98ZX8YIExODPFm37DV0uZQkUCiqCOUPGDw36ohoixZZ2VtQ2ak6QMuGflUat9WDwfQ6yky1eFlicCg6lhQi7qYiRT7qnBodDoLlScoz8bcsNNxfDr5,lifestack.ai,lifestack.ai
1093,2026-09-17T08:56:16+00:00,mood-prediction,https://vertexaisearch.cloud.google.com/grounding-api-redirect/AUZIYQFeD2VeTgTHl4cqjCL8ViGOZ6R3GC8mv-_jppVuPU5yVrL5OgWRPKqb3QA-kyAZysyDtt8deoxXWaDMeChB7YHlIOdJS0uTUNY-bW6vmdHNU1SkXK4cZZVVffkFK0hn0JWL1iVTnJZzkzMcwGSLWx1RtQTjyhU2DHiT2WqLEQ==,medrxiv.org,medrxiv.org
1072,2026-09-17T08:56:16+00:00,mood-prediction,https://vertexaisearch.cloud.google.com/grounding-api-redirect/AUZIYQFeyXklHaKpRUXIIPcnNUQvK_ojskY6K0Ve4igdeJvr96U0T0Q_zgyw746fIxIjKpC8lUC_GZ8jH3CVip4nieIuJLgTElQmi_pDlAqWDKh8DjrD8U-RC6m1Bd-CMyVWKAWiogs7s_NnZF_TUqzn,apple.com,apple.com
1096,2026-09-17T08:56:16+00:00,mood-prediction,https://vertexaisearch.cloud.google.com/grounding-api-redirect/AUZIYQFtMGNnhdtJHSkK3ZBg0eJc4kV_tdgP4lVotFVJnWysMVfhGtAltCKNgxEx9X0icLd1aWS6lVNA44KW20lFZ5DdCCWLfCnBBG-bCqfhxXoeAQIME6CfxC0N4NCGVW0cci1msT6e-k1Tlnr-HvqGng==,mindfulsuite.com,mindfulsuite.com
1090,2026-09-17T08:56:16+00:00,mood-prediction,https://vertexaisearch.cloud.google.com/grounding-api-redirect/AUZIYQFtR23yf7EtM11J996UTIF2TnajDxafKo2Q37j2sD1Vg3DVbnqRpR90CvZatMpC6nZfzZL8CIthSL1K5GH-0AU1dHlSny_Fugmg2hGMesFY5HADf8x2zF2yCthAwC-S0vMRAJHKS2FW9QV--UrFL9Oe8Wx6qjAx8qcwXTQ=,apple.com,apple.com
1081,2026-09-17T08:56:16+00:00,mood-prediction,https://vertexaisearch.cloud.google.com/grounding-api-redirect/AUZIYQFzKYu5-sKnqyKiyt1WtOkYJLAi4YQ-o9BeGWadNsg9-T0DsyiiS6OJH_w5-vkk1Aguy6oJWucGOo1VaCqfqkyqHa97OwoyCLUj05xZlPqWG3u1mDWPHyQwQTDaU8d00QQYtg_oqCkSPHW9jSas1cxFCfU=,pensio.app,pensio.app
1069,2026-09-17T08:56:16+00:00,mood-prediction,https://vertexaisearch.cloud.google.com/grounding-api-redirect/AUZIYQG5ri0j3LHPbeLHzbLEpR3vo1oW08GOOh63J1PXOX4xYm-558_PeR9_xbEbk4TZ1oGP-bFhNZLKSfoGh_xXmzovtsPTvECzcKwB_vHAWLfOjr9urUAdWJqgQYCIWzCkAg7sJl7FP_wytgOaXYGkqahfQvbJXVLL9Dk4lF5e5TZNnr11K3qf8KV0,google.com,google.com
1088,2026-09-17T08:56:16+00:00,mood-prediction,https://vertexaisearch.cloud.google.com/grounding-api-redirect/AUZIYQG8KOXSFm-UKEssLnphAfxuPiXfhsYHOXl8-uZHIeM11akTmaJZZ3j4TR7iasdh3LR_DbQSv8g4-D7RgFxAdGQ-GM5QxXH41nAH-QWYYKCRE_rXeL9efQXdBw==,mood-me.com,mood-me.com
1103,2026-09-17T08:56:16+00:00,mood-prediction,https://vertexaisearch.cloud.google.com/grounding-api-redirect/AUZIYQGBPrYZ_NSUHaVQMVxEUOEJrZ6ohcI8BIly9qOZLWE9mORa9BDt-LUWDKcjQpKDIsUmqG_sqlF0A__2JSlZlD5U8OUVVnck9AXe7lyw22WbVJcRzRgrBe8MelT9vgtMz5ZOKU1csO5EUyz1JbQ3b34j0gkmSlysNcZAPj1UX_86ll4=,typingdna.com,typingdna.com
1083,2026-09-17T08:56:16+00:00,mood-prediction,https://vertexaisearch.cloud.google.com/grounding-api-redirect/AUZIYQGEYF6_Iq5HQ8V8g5IJlK6YFreZ5I7sWjcQjKq6baX3wus-NMzuee9k6MCyTCXQKgML6vQg9c0NWI4RuvmzC3J_hxAFDlauxbF71Qic_OuOD58QljYMbZUOeWs3qKXhI74ft-KI_d4=,nih.gov,nih.gov
1078,2026-09-17T08:56:16+00:00,mood-prediction,https://vertexaisearch.cloud.google.com/grounding-api-redirect/AUZIYQGEc5sw6yXizNMVLvy3PDqHT_1LG6lw009v3aqRHv6W7MLqrIER8epN0XWzrcy7DNtUPo20vu4OTpfFuxT2al1eWc1EU-uhkfUjA3MOTmiSxk2If3wSjs6--qZTrIOt_ecEfPDktcXrZw==,nih.gov,nih.gov
1071,2026-09-17T08:56:16+00:00,mood-prediction,https://vertexaisearch.cloud.google.com/grounding-api-redirect/AUZIYQGRBN3hmiGlXubQMlljrTVh3ohTooCyTSgOyYJuII7vJGO9_7BA70hPwz0RdZTZOR6q3AkYQU-WdSIrwR8XvOYn2R0J5DPQBKPd5WY3n8s5SE2odPwuQ83Yri1E6TKn5W4CXbg3dpC68Dt12-YcAJ-vc_x8cmVuHvSou6XL8bTzX-83x2H-aA==,google.com,google.com
1092,2026-09-17T08:56:16+00:00,mood-prediction,https://vertexaisearch.cloud.google.com/grounding-api-redirect/AUZIYQGe8i62TIi1Dil_zvAlHkUlqD9lFsKlQhVXD9oNHwu6xcaKKOw_CnpymXChqmD_BzMLeezrErNFqxC9fgPpJXRBgG1djSa3uhNzvnE2P1klymOSGukQqA4qPiu5z9qhwn61tiTPddio4w==,helloanticipate.com,helloanticipate.com
1089,2026-09-17T08:56:16+00:00,mood-prediction,https://vertexaisearch.cloud.google.com/grounding-api-redirect/AUZIYQGeTlxGQG1pJ9kkmLpzFZsfov14zRODZz7TDoKvYbkTRmduwAr_mJSOURON8VkLuc1GLuRbCzFPz2KX9Zp10UOHPunpZPMoFXy8zNXkTX8Uy6haEfnRMEIWah9wHNJZw-69Pr8=,helloanticipate.com,helloanticipate.com
1074,2026-09-17T08:56:16+00:00,mood-prediction,https://vertexaisearch.cloud.google.com/grounding-api-redirect/AUZIYQGhTgtxIj7trRewlFQUMSFINhIYo_JxmRMxr7vMvN56ST7gR__F8G96cC3kBuZhU3OKbaV5MyINA2aBTZsLw7j59ofuEX-LvFqmDqDByk3V9tUi1oa-EqmLvuVZy9QwQQPhaaBM,helloanticipate.com,helloanticipate.com
1091,2026-09-17T08:56:16+00:00,mood-prediction,https://vertexaisearch.cloud.google.com/grounding-api-redirect/AUZIYQGi-tE1Gz5Zb6gPM_EID-q_p7ekNICcyWEawlPmMG0ouH0wKpTKHss8A3YAwhAHrnrAa4c6y8CHyGPFeCp82BujKY53BuTzfp52TBMC0vtJeZMt6gZlZZJo5ciGG5uPWfjZaUI78Nlq47Kritz3DUzx1Vs=,pensio.app,pensio.app
1073,2026-09-17T08:56:16+00:00,mood-prediction,https://vertexaisearch.cloud.google.com/grounding-api-redirect/AUZIYQGj4WYQPVvmOrtB89LyeRjcbgjukG-eKWrFmasZXYxNyW77CQTgptkyIulYWTYai-PaTtP16ewSdydna9ryan2o4MBggcTaGwzPJBHPRMILg7uCWg2e1_BeNYVbLq4Xf_sc_iIhrTr6BZc=,helloanticipate.com,helloanticipate.com
1102,2026-09-17T08:56:16+00:00,mood-prediction,https://vertexaisearch.cloud.google.com/grounding-api-redirect/AUZIYQGmC5Ait6kH1evShZOXOiGs9smLvqIQjflpI0QQTy7K7HT3BV-7gjQK6YFKdY2I-w5wrD2ZPdVCaQThw2tLPGTkwVUQ26mFwoVbKGjWRsz6pnKOm-c_nWekAbvecXK1EnCC8K7EqkwEMwCNjjxnNX7P-QbEpjP1qbd21OGLEIJ6-tGukxKEaRBN1_s69IE0DXruX-H2TPy9HJKBnEf5IaZldYeyPapv6XLMHoTB60o7XWsq5B4bcrF6Ow==,prnewswire.com,prnewswire.com
1082,2026-09-17T08:56:16+00:00,mood-prediction,https://vertexaisearch.cloud.google.com/grounding-api-redirect/AUZIYQGxZAWlPtdcSwK86alxnx0zvPHdzUlH1hhAsim6g4a0lI-AWyprevA_k4PJ5AodO5X4cDYeqP-901vP0W_O6H6v_umzpKpcknifat_kYrlO4X84w0eVySCVk7-Uc9_I5cfMK1U=,eternem.app,eternem.app
1070,2026-09-17T08:56:16+00:00,mood-prediction,https://vertexaisearch.cloud.google.com/grounding-api-redirect/AUZIYQH9PLfN3OHW8PxvBKr9hJVFqkquCkWzM4ailjHof-R86-HpRlPGxfUzJ2hwXGV_dmM7nEovpubrBP8TzSqylUqw57jzRTEanxiQjCu4ALW_zPOc2qeNt48omy0XqbdVqs7PqSlF2jDdQ7E=,helloanticipate.com,helloanticipate.com
1105,2026-09-17T08:56:16+00:00,mood-prediction,https://vertexaisearch.cloud.google.com/grounding-api-redirect/AUZIYQHCLUWfzD-lAkovdCxo1g0jYrlTe8L7F7ELuYhw-Rl1amv2NZS2jkmTi8Kke0iqhMrKo7Rgmmxe8bfn2b2rExeGzJ-yX34B6WCBaePU2QHepeBfpWp6gzMLtICJfBkg4ie9Geu_f-fq0VxsO5B6EtcI216krk3rwjJZCfHe,google.com,google.com
1080,2026-09-17T08:56:16+00:00,mood-prediction,https://vertexaisearch.cloud.google.com/grounding-api-redirect/AUZIYQHCZW0Tn25UMzyHAZxvdUD-zy5-hwS2nTp-6bfvWzVpH1TbRjn56TY4duDezIBQijm7oLINpe75IS1RioKxyrJFM9DT_FDaE-pDjHyXcElfKB0lSpKE7QXW2o8SGvDuRl8taTnpb_Zqx4EBehwTv0TKe9OskcN_TPbo3ppv,apple.com,apple.com
1079,2026-09-17T08:56:16+00:00,mood-prediction,https://vertexaisearch.cloud.google.com/grounding-api-redirect/AUZIYQHN4TzORECZbm1tBWEXNoVFWKTsHteg6UON5aYDxbJLKDAq2qCecgnrSD2VFKT7zO_rfRdR1gL9QevRqa3wBg2SW_QkI2Yh-3MXwh2GFVr4i9wKyc6Fm7ZIA_jZA8g=,mdpi.com,mdpi.com
1099,2026-09-17T08:56:16+00:00,mood-prediction,https://vertexaisearch.cloud.google.com/grounding-api-redirect/AUZIYQHNPfWA6bl0vEeSkuzm9n2VaMzc3S7rSbIDXTQ2NsRhI2hTjD-m445tiw9tVuuAF040vJZseaURnOWyDHkHl9o2ICn-jLSEda4=,daylio.net,daylio.net
1104,2026-09-17T08:56:16+00:00,mood-prediction,https://vertexaisearch.cloud.google.com/grounding-api-redirect/AUZIYQHQZb4HkZDkDiYBgqz8KwJky2QlG2DFU8xcjgz9ze7wAN_pS6xAKoXTgHdnId1zjaYcJMT1xbdPlFjA1jLeGW2seHgyRVcklrzpw0lKhh3BgmJ4LR3OzmqszFXkTEolYw5_KtSiuUzQk3CgsNvX9mMsu5ZjAIzj1h8XXftCkAjbQ8QY7Rjw,mindsera.com,mindsera.com
1068,2026-09-17T08:56:16+00:00,mood-prediction,https://vertexaisearch.cloud.google.com/grounding-api-redirect/AUZIYQHVH0yVZqFXldJ86Qbyizj9uKsLdZ7o--68txs1Shy3VA7ka3-G4sUg8Y2KMVBelm5jwk0WP8YEzJ7g5TTb2O_5zMYPmHgb15wKawiJUAek1hMG9sS8PQrBd1BMVF1azg==,cozyjournal.app,cozyjournal.app
1084,2026-09-17T08:56:16+00:00,mood-prediction,https://vertexaisearch.cloud.google.com/grounding-api-redirect/AUZIYQHaugpqQ_rywXU9eribZDtvYIwXEntBU-H8Hwufcq2EAKX4xrWkiAxOFMeVyxGYVel1axx9FbR8aCe_hG3gsiYGSxK1WQrgM7mNZVB7LuNvDz_6iH8M0ayprxO-7F72VlWo,helloanticipate.com,helloanticipate.com
1077,2026-09-17T08:56:16+00:00,mood-prediction,https://vertexaisearch.cloud.google.com/grounding-api-redirect/AUZIYQHiZopLf-4ixUu0LPL_lnSVIaphPXsQjHhHvkVhT1qXgbwFvzih-jqV83aLDYBKaOjLmTrpwhYgO45zcXyRy1ZqB3jS9aGOf6UdeBZ9mk4c9RTUL4TxyduDZipKSg==,lifestack.ai,lifestack.ai
1076,2026-09-17T08:56:16+00:00,mood-prediction,https://vertexaisearch.cloud.google.com/grounding-api-redirect/AUZIYQHjUs9AsYLckp9qC5shqIgpck5VBn8KcNn7qbUnj4c0EBiG4muAzU2zmPNBD3me_hbl3hEKFAS8YFFODxw0CHMBHfYh-qgfmFFw_e4srzhq5UZuEAZEbVncpEfDze_it07VockFBH7MZYVcxJKK0vLv-Z3hp6bBNdFPimS5L-P_1_s=,typingdna.com,typingdna.com
1094,2026-09-17T08:56:16+00:00,mood-prediction,https://vertexaisearch.cloud.google.com/grounding-api-redirect/AUZIYQHpIdRysClMefs7ZWfKHB3PBfNJIcwE438jkG1X0Ejj4v3egNkZwV6PbTzUCfeZStppXdq58LF-TAIORunzdijvEy33yIJEHo7XRHnjYMHHZhf2qoaDtj1OlbCELsh1VcU=,helloanticipate.com,helloanticipate.com
1101,2026-09-17T08:56:16+00:00,mood-prediction,https://vertexaisearch.cloud.google.com/grounding-api-redirect/AUZIYQHr83yC1-TIB-M9ToO28Y1Hho3oufoYAf1yxyQZnGhXpprz6Chv-9lKZblfgS0tiolBWvBtAUG3OdzN1w4LBtCK2Rd10r9xldkEEkwdmvPjWZ9H,emotion-tracker.app,emotion-tracker.app
1098,2026-09-17T08:56:16+00:00,mood-prediction,https://vertexaisearch.cloud.google.com/grounding-api-redirect/AUZIYQHsVxYES_Ps4IcPFDW36pdYHB0iARz5jYrmA17fWD_pWKKu6uB_Ui9eb3QjQr8JEDsdMfbhhxH3qB8OmEAXVsUDxeyOVg5klGFIIPYsBu8TMYLGFe5Zbxje8qbG0A==,lifestack.ai,lifestack.ai
1086,2026-09-17T08:56:16+00:00,mood-prediction,https://vertexaisearch.cloud.google.com/grounding-api-redirect/AUZIYQHzZm9YbwkgUEm1yttj3llpw1lrQDduUbCbWsLI2i9MncK1BAa7LrLy8wgvMXrIgBycKcQQEI-aoG_C5FXoF_2Iwu3L3cOjNkKddHBtw1ZS4MOdbISsgJNcECevH_XMCUk=,helloanticipate.com,helloanticipate.com
1057,2026-09-17T08:56:16+00:00,open-source-journal,https://vertexaisearch.cloud.google.com/grounding-api-redirect/AUZIYQE9iSrcj6kvyGZbIrAnZ_WsZuFQ6V_V3h_KAqob6HKxSFh49udnflfxTOojEPUsSgVf7ZBdC7aS-uo3nNroFzJsKoO75vOpG4M0NvyA6RDwydMunJk8RPhHkWV991-HBll6fbnqwIg1Bje9r6BZsriQLLOCYsIETReAd3av2YO0fiV9AOSiGWmeInE9huMO2KSd3EPrPiiAYdN7sigxRPKDh2eOLg==,reddit.com,reddit.com
1054,2026-09-17T08:56:16+00:00,open-source-journal,https://vertexaisearch.cloud.google.com/grounding-api-redirect/AUZIYQEHWnC5gAzVGpnaNjS3aulcotHgT4Rklbcoy8q_DhwXMybqrfaXcJqlImXQZtlHRuGuCuLUvd3kGBTxDEjLcRbu579Glq1hHqCDhYA=,dayoneapp.com,dayoneapp.com
1055,2026-09-17T08:56:16+00:00,open-source-journal,https://vertexaisearch.cloud.google.com/grounding-api-redirect/AUZIYQEPMedZl8ad_-Kf0v7tcVZIB_RYOWsNtr6KoZJlLmVXLjL9i5VofTBxbIQHuP5CTlbsfchxbgcVSPInQMiyUmUSExYv_Ll4atXSzcin3E0DoHa4hsHq0k6Eby91,github.com,github.com
1053,2026-09-17T08:56:16+00:00,open-source-journal,https://vertexaisearch.cloud.google.com/grounding-api-redirect/AUZIYQEgY_xJR-ksQxppdDdG1onZ1UVghajzp_7lelY7v3Xy66NqENmYUn0-8eLHrCqPSO8UYAK_45mR1A6qtSlUNWJ_WHPDkpnVlw68t5gOwvoB9SgdjMEYkvqm,github.com,github.com
1060,2026-09-17T08:56:16+00:00,open-source-journal,https://vertexaisearch.cloud.google.com/grounding-api-redirect/AUZIYQF1VRXF1QJyNxCwznL0-emr8KISMViM1gze4ZFfT94On-SzLP9IrfqU_con9cwJESOm3seT9k6IQr8HUomAWWSdsfjLwRe9_M_x0HwY,joplinapp.org,joplinapp.org
1063,2026-09-17T08:56:16+00:00,open-source-journal,https://vertexaisearch.cloud.google.com/grounding-api-redirect/AUZIYQF6jy6SUY3wvdgpyoS1qsXuf2u3Gc1y1c3iuRcH9HUXte_afjnK5nf35zxLQEgD6T_jPYSsYDfBVokjXfaQV_PTDmaQZQf-1rU7spS6R5M5-stqAgrv5jXd9vCHXhFA9D4-oeYOesFrMFfvuQ_gGWBquisGle79glH5P3-Sf4Sl3Dgf3DgKVrL06S9xGJG2O3Op__2lPOZJPQ==,reddit.com,reddit.com
1058,2026-09-17T08:56:16+00:00,open-source-journal,https://vertexaisearch.cloud.google.com/grounding-api-redirect/AUZIYQFM4N0i1DrJ6LA3KIdxXsSesvDiT-9P2l0ECOES4poQc1RTI4qm3Z4ExFjuT36_Ya_C1zFCcL3SIHKu-mPmNtHzAdUZ3AVnl5AmjxfvJUaFEqXnNV_ZDChyhPPHGiHzWGxewAnERKE_UDrmserQ5hsQPkkSMALE9PtwieYXgKBytmvH4QL_Y0APlfQ55OL9DB3cWfjiCQ0wBw==,reddit.com,reddit.com
1062,2026-09-17T08:56:16+00:00,open-source-journal,https://vertexaisearch.cloud.google.com/grounding-api-redirect/AUZIYQFSH6ct6TdWE7HKRRUUzCI-3iuA19K1SOlygSFi0ZDxH0_9nHC5L-W_un7UqlvpxGI30I5v_XK9Rw9jpXWRwco7KthZsEbJ_RuO3qHw-C_Q8gXQpuvu6HwbTfE7,github.com,github.com
1056,2026-09-17T08:56:16+00:00,open-source-journal,https://vertexaisearch.cloud.google.com/grounding-api-redirect/AUZIYQFczn8kDmJaUrsgvopJF0SoW7r9qKkXLgTarJaXX78rmcaKcf6SlsVCkBVCboTr3qIbEMT_PirvAU3Iq6a05omb9lwWr_u3JnMCEnaxBOY4yaFpDPisebGuLu3mQJrsTiQLN4EfgR44Fyr3ocRoKDDy3sp0Hs5PkyM18bSAoK0rg-Jzmve6FT_byw==,apple.com,apple.com
1065,2026-09-17T08:56:16+00:00,open-source-journal,https://vertexaisearch.cloud.google.com/grounding-api-redirect/AUZIYQFqmenhQ5pwS4Z2HG59oCHgi8n_WOshl1SHdoc4oqlTTabr5kAJtvWKibLMksBCpTv_p8ul9Xr_G6DiVmKvFUVlAt9u0_jCl7442fM9,joplinapp.org,joplinapp.org
1061,2026-09-17T08:56:16+00:00,open-source-journal,https://vertexaisearch.cloud.google.com/grounding-api-redirect/AUZIYQGIXLq9gCVTw55-fV0VVvc40sUz309rg9e2nTIoJvZnwXSH9G577HGuOs3HM-HmipuFT2JIUg2mKSll05lTFZI0gASVw_bkB-yXTKdJIZ6SPQpfX6xSBhQOljTF,github.com,github.com
1052,2026-09-17T08:56:16+00:00,open-source-journal,https://vertexaisearch.cloud.google.com/grounding-api-redirect/AUZIYQGTlDxUBPSAUYNetPSD79MDd9ynP2SU6pcjIYKryObWitlh7LfK0UZGfRb6zLjeqHixp3h0N_EL3poX0wBMZ1u_bSDdCBfGoIEe0VmqsqrUo4EZfOLo_YZTfNRy3nzb0PrHwX3fIsF3P2l9CWPzLoMJ-ywn4IJEf5urN_DaorfTKPmx8povDsIJ00cK3dV6jMYwFmtf3uDZ,reddit.com,reddit.com
1064,2026-09-17T08:56:16+00:00,open-source-journal,https://vertexaisearch.cloud.google.com/grounding-api-redirect/AUZIYQGXsfVxQ6SzqkfPjxaqrrrhaGhJ242pTbOtUT1ly2sZc1g1B8bE5Ky50qQB1IiHfKaVeb4PQrM52qe6C1HIC4M5qBgj_Bgk_6zSSdqq1PtWyj0UrdHMhfbnDDIwA5L3B8Mg1xiXWWauB0Bx7X9iBguqoCGNT0mooxEcSZEQxeX8yaFoHvjiyfvoj4EtJnpJbTLF-2LD05UpXUzbMnvJy7zpp5Q7FQ==,reddit.com,reddit.com
1051,2026-09-17T08:56:16+00:00,open-source-journal,https://vertexaisearch.cloud.google.com/grounding-api-redirect/AUZIYQHS4LQIxaeQZhkh9GYTHEiv9DnMrl1G05fGZTKax37ioFZul72ZbM5yHt--YoHnKVrsa5L0nXCM2s-VqIk6b6WTwArABNca3AzRSg3TJK9Lwpw8IhRjjoBFeeE=,github.com,github.com
1067,2026-09-17T08:56:16+00:00,open-source-journal,https://vertexaisearch.cloud.google.com/grounding-api-redirect/AUZIYQHXHzrrIVc97Kckt9Qe0TSE80ZgGs8aZhHC-DLAmofEMdFxVBddhKhQ2gRmFc8I2TRkjoOhAy5OatL3ELh-26lK1cq_VaHA4WNGliLoVZirUbZc5x1PV5Ri7jaUqLq-79Nb,youtube.com,youtube.com
1066,2026-09-17T08:56:16+00:00,open-source-journal,https://vertexaisearch.cloud.google.com/grounding-api-redirect/AUZIYQHf2RGwENuKGem13850XG3WQW56wofh7HdocjH88mr889TyvoR5NKr59DXCsO4p8bIyN6VmUNACPlV2_j1fuDddeUF5x4YS0tS_q9I786BKusouMydddgPF0Rkp-kwVQ7KLcHA0dYnAkxdFxww09yBL23pskq1kyrTj7DjEtvXUTa2NfjCQTu0xSkD5OqDW8NTctqVx6UrRbx6ukQ==,reddit.com,reddit.com
1059,2026-09-17T08:56:16+00:00,open-source-journal,https://vertexaisearch.cloud.google.com/grounding-api-redirect/AUZIYQHxyHKacX6A0MoilEWSfYsGP7il-TKqTDbD5YqDMC0EeRq6VoELrvzzlDi_xfQcdq0I0C9LtGlEdGJoecqm5xksqwBebH4tXuby45ixLmtzJUo88IYJwP2WXw==,github.com,github.com
982,2026-09-17T08:56:16+00:00,rosebud-alternative,https://vertexaisearch.cloud.google.com/grounding-api-redirect/AUZIYQE893I6xqdtIhXQPwrBK97NW4OqQfCtmGPfYMo8Uh1qGjbHwrH_EHL7fZ9IfsPmI9alWbLcKK05xBsB_0-vx71do9BPQa5wiJ11ebC1GujOphqJ3CLrqdxFOEhxF7plsSLuy9ETjtWZgLwHDyVIb5UmKA==,reflection.app,reflection.app
986,2026-09-17T08:56:16+00:00,rosebud-alternative,https://vertexaisearch.cloud.google.com/grounding-api-redirect/AUZIYQEBBL7tZaAeaIbUzq0x00QHuIsXC7b-ElOXWViwrs7dtWVz6GjJnXAKYv22Alg9NPzwVObaAvP4vuI-FI2J-opr0wj8lt2b0nhDpuvbcgygoSPWIDv7yPpjEtWyVnbxTYxE9Qm5WYM2f3x8,lound.ai,lound.ai
983,2026-09-17T08:56:16+00:00,rosebud-alternative,https://vertexaisearch.cloud.google.com/grounding-api-redirect/AUZIYQESG24m1pnVwv5OODhl-TdJt-FIYvuilNzAY_Ql9FWSsM0rmWSuaQaOUW-HfVu4s63895JSGmFCICymztLhJHaQ_k4mRcSewau9ib05-FwGAkryo4mntPU5cPm0pPyRfBg4SFywDcJLVbUQVg==,lound.ai,lound.ai
995,2026-09-17T08:56:16+00:00,rosebud-alternative,https://vertexaisearch.cloud.google.com/grounding-api-redirect/AUZIYQEXGEIbqN0rxJO_2Z-vGMKPpq_sAfaWLRkfdOOHhMCl7WgY6yxbsR5SEtlbm9BCvyWf1Itk4hTcU2ubbyF2yDKSQwqzYPJxLMzh3nsLO8AvA1oZGS10U-kgcpalgcan9fNstBhcSWU6Yny4kXcQQfuBKWZNFCXLNENzOjYnFbIl_JigxCFgVHVwLJBSRjJ82xmA9pQGODdffw==,reddit.com,reddit.com
989,2026-09-17T08:56:16+00:00,rosebud-alternative,https://vertexaisearch.cloud.google.com/grounding-api-redirect/AUZIYQEd1zay_JKoqj7H1IaDp_Q7bo2dQw5JH5OhgOEP9iyVkOwrrCG1h2czVPu3x6XmtNI7-5nk3-A7xMxUCPMpFNwXltAjDsRxDDfOmS3o39wqRCUDabcDgWWqt-kW6qibBaiSqO9rQg1m8E_94nji7tqNoTQk0pOd,holstee.com,holstee.com
996,2026-09-17T08:56:16+00:00,rosebud-alternative,https://vertexaisearch.cloud.google.com/grounding-api-redirect/AUZIYQEhDYRYYNNrzruMhG361AGrII9-AFWJBWpbKQB_ajdSV7CkVvbqVr4Ogy4RixgEV6mn6GaLkSuB2AXJSqudiRK4defmKA6zKj1hvF7UPXBvRw3rP7XNUqSvntlTgwPY8ORoKzrLlSlJgzwbE9h7oLz-z5tkxBbEXw==,holstee.com,holstee.com
993,2026-09-17T08:56:16+00:00,rosebud-alternative,https://vertexaisearch.cloud.google.com/grounding-api-redirect/AUZIYQEo3sJ63ndHfJYpOLN9foQcxdAZAfv-wxIH_oaA6c2CjDV5guxrQLEmT_Y5iijJ9ulHu_c0YS8NT1LxLBTwAT6v1FOd8MQ7kq9MkiaRem2iuFohe_-VrXowf4rD-1s0KSNAASQHeDVKgJk=,balancejournal.app,balancejournal.app
990,2026-09-17T08:56:16+00:00,rosebud-alternative,https://vertexaisearch.cloud.google.com/grounding-api-redirect/AUZIYQF9f-XV9CPLhiAN5UcYRUCiFwZLlhfbpEkDKNRRIzRClfocszmPq8t_nrqgvIhP-EDMDZhjMjKqbAF2tbwEYYSTNrHuOyQUT_pdBYI9z8Vy8Thj8TK47Uf1ko2bUXE8O1sk61Iw8_rEIWTwA8HvSqZx,reflection.app,reflection.app
977,2026-09-17T08:56:16+00:00,rosebud-alternative,https://vertexaisearch.cloud.google.com/grounding-api-redirect/AUZIYQFAe0U6jmCxcij9zPVBmDIdx6iOkcrLtEuIUi8mtmD02WvcYbqDrX7VMnY63Lur9EPtIQUOTyX0AC-9t9wk8qWBWdfgT1MeTtIE0f0e0OpOu3zN_nx8NTr-wyNVhoXvVjeIpGWOCRIzimc=,balancejournal.app,balancejournal.app
997,2026-09-17T08:56:16+00:00,rosebud-alternative,https://vertexaisearch.cloud.google.com/grounding-api-redirect/AUZIYQFHzVTVyGUkgxeVdYA2FqjSz--XkU8NBZxp-wA-vpiUnwCOFxNggtW8N8O1yQydOAYpZaZtfXAox_Va25GOraf-zkrsTpGM6wz5xAn-5R6fzfQTMt-9SmaDah7sU2H6vnclOMUWLqoW9y9hgtQ=,aijournalapp.ai,aijournalapp.ai
988,2026-09-17T08:56:16+00:00,rosebud-alternative,https://vertexaisearch.cloud.google.com/grounding-api-redirect/AUZIYQFbIZFqnupjrJcPd9dO-4L7cd79N-UP14x9biG5TxgXn1z1yYaMvXF8M28xFFDb3Z9qW9JgbMZqI7MBEczqq7nWBu329XBLMT22U-Y=,journallm.app,journallm.app
984,2026-09-17T08:56:16+00:00,rosebud-alternative,https://vertexaisearch.cloud.google.com/grounding-api-redirect/AUZIYQFpbFXm0a2Dce2aLo36P-3uYty6y2ZZsEjcTMCio6OJMvH3c4EimxpTq2viLRcHD_OJLeuPeTpZF4YbCNQEVg3ZgiiAATTA_tdpaOHJ-m38SHpMy-mgSapYvaEEOmLr2pkSTUw4PCjCpJUgugc=,aijournalapp.ai,aijournalapp.ai
979,2026-09-17T08:56:16+00:00,rosebud-alternative,https://vertexaisearch.cloud.google.com/grounding-api-redirect/AUZIYQFtYFDK-Exm6n3kI6XO3ti3ZUC2psQnsZjXku9VMT0czYUAEYrl6vle7cpe7K2u4fZ3Xpb3XEaNrYayYhSH-2p8zCZ5bQZPuG4tokaCistwkfiMIDn_ecRMwg_cTUgK5bbJqjjhdfLXla6UkO87Lb007T0CZ5eQUcJBsd1qdkhrPgVONHpE-2G-sUAGl9arXBHAUl6eDYIhHw==,reddit.com,reddit.com
985,2026-09-17T08:56:16+00:00,rosebud-alternative,https://vertexaisearch.cloud.google.com/grounding-api-redirect/AUZIYQFuMD5srA-svU7h6Pkz-IDsaXEF8Et1JYb6tIrCU9FYBJEdZYlADVbKPCKRJoWLCgPFY0Lr-WPW4uquD5r9eVaKH4CHMgvRhqfkLMpMfQYGZF4K4Xz24aHaC2E_tUfJ_-hJ,therma.one,therma.one
994,2026-09-17T08:56:16+00:00,rosebud-alternative,https://vertexaisearch.cloud.google.com/grounding-api-redirect/AUZIYQGO32Pl5Mjo9VYU8ycr9gwH_ciFcPoyc5-tc5PeqjE9QniQA7cVihYmGoIEeb3x6CNIB7wMZpb8eM9PP5ALqQm_BicCBULzmbd2Cocxolt6sUBAdR0p_kJRYJ9AR9zg53wsAny2CVahEq4kLrZa,pensio.app,pensio.app
992,2026-09-17T08:56:16+00:00,rosebud-alternative,https://vertexaisearch.cloud.google.com/grounding-api-redirect/AUZIYQGm4NsG-elZaKwLXIE5pd0Emm3dY2YyHquxFLZzFq0nrpzT8-bQgfZEgRsZUKSCDudl0I20dCZ0AjnWkGFFbBccO8R5bPp9zA515HvWxPD7ZbUTggxGtwklij-npFg7BwxVoa-ia3vSRymusg==,lound.ai,lound.ai
981,2026-09-17T08:56:16+00:00,rosebud-alternative,https://vertexaisearch.cloud.google.com/grounding-api-redirect/AUZIYQGwsLpFBDULAWREg0I_PQCa4J79MIMKquQRb7zLD1fto_f7wNJd0O4r34UjVt50OAjp2gZcUjTMMArbqv8NDrvPhCRrYxgHZnnY6FjjnrdCv_3RY7rpq8xr95BX0RBn4T_WmmJ2EUmnmMXG8IZRqA==,lound.ai,lound.ai
980,2026-09-17T08:56:16+00:00,rosebud-alternative,https://vertexaisearch.cloud.google.com/grounding-api-redirect/AUZIYQH5alZDuJPSW0p7RBgF81BhwJOVGFZFIOaBSD0YgBVyahDt9J7fyIlrS5zKVpe5qXbEr_DSc2D0-3kn6rseJsL0IyMqsMlMatM6O-BnvyEfV5edqlnBc5f6iH9RMuQQrImJGFGn70Ov,memexlab.ai,memexlab.ai
978,2026-09-17T08:56:16+00:00,rosebud-alternative,https://vertexaisearch.cloud.google.com/grounding-api-redirect/AUZIYQHE-INwTU8RKosrGuIXKmqkXTgSLgxmKn7L5Luw-2_etCCF-zkE1kJJbeZnzCWR4E73qu5J1ikJqvAdC3R86u79jPSCDGnGMRpnEBDXLX65kfNpz2w3bNiGOxjfZBxXx8F9esWXQc2I9HEi6iEjVOlQ_V4aWrzQ6g==,deepjournal.app,deepjournal.app
987,2026-09-17T08:56:16+00:00,rosebud-alternative,https://vertexaisearch.cloud.google.com/grounding-api-redirect/AUZIYQHcMjsd-Bckm2vj0z-SZcFrrCmp18wTwIxKYlk_NJUqoFTxgKI5dc_2xwWUDq5RTJnMhorHVEkwlC2yyq7eLCjfEtcKhJIwklnaJFgnohsljZUr7fpplgE8isIcY0cTWdtkHFJ-fZHTZw==,balancejournal.app,balancejournal.app
991,2026-09-17T08:56:16+00:00,rosebud-alternative,https://vertexaisearch.cloud.google.com/grounding-api-redirect/AUZIYQHeEn1xOPjHC8lIwk2wihA33g46ziNpupKWZZcc_BNbM2MXoHIVXHt5qSGWUDnP5vw0LrUn5leeMEjxj-Q-rYnUUuUrqm7s9NvMJpSPrkOMBah8zKIkaPoXyNAZiaXIQ7CdOW0fNv8erGdhb9tztdYB05M=,clairecalls.com,clairecalls.com
998,2026-09-17T08:56:16+00:00,rosebud-alternative,https://vertexaisearch.cloud.google.com/grounding-api-redirect/AUZIYQHtP2jsBRbCkp95X6XfmFbKuiQnlyqymfpam1WIzSo2xh1z7P3fBml_qeH326bL1SYGS9YGXPEG795dF8bl45_QqWHxMEqXe2OZwc-V,journallm.app,journallm.app
999,2026-09-17T08:56:16+00:00,rosebud-alternative,https://vertexaisearch.cloud.google.com/grounding-api-redirect/AUZIYQHtP2jsBRbCkp95X6XfmFbKuiQnlyqymfpam1WIzSo2xh1z7P3fBml_qeH326bL1SYGS9YGXPEG795dF8bl45_QqWHxMEqXe2OZwc-V,journallm.app,journallm.app
1109,2026-09-17T08:56:16+00:00,voice-to-text-journal,https://vertexaisearch.cloud.google.com/grounding-api-redirect/AUZIYQE6_woFLTrpZ79N2uouz3hwMrdgvz0DMLpyoS_iYKHOr0_MCWBA29PHl9ihg4xpQu1fDWxc6VA2SOL3uq08C-P8aq8RGILbBJDkQ5hZmuJ8PSXK2VZuurVSgWcSYCSxmle_7bRGjTebd7Fm5302VdmOZIRKw5I=,speakwiseapp.com,speakwiseapp.com
1106,2026-09-17T08:56:16+00:00,voice-to-text-journal,https://vertexaisearch.cloud.google.com/grounding-api-redirect/AUZIYQEEym09y1FGjellBd2emVco08Fl508Ygj1ALWSEqxLiWNgtLl74CgnwBAxRfUk_fIWiRSKGQxw0eqEalATiH7gZ2j6y9huwX-X7QGceo9CCdokm7-oNl8hCw9Jrdi8LBA8FIO3YXlRTwOvxCJnmcnYm,dayora.ai,dayora.ai
1108,2026-09-17T08:56:16+00:00,voice-to-text-journal,https://vertexaisearch.cloud.google.com/grounding-api-redirect/AUZIYQEW0bY0ClC1SM_QiWLJ5pz8pqBWinFtU-ddHn4nXTBU1gHHNirz5Btt1pM84fDdoCFNz3-aO-GT0jOAa-ywa_76ZPieYrmXp1IOPIIIoedPYTJqDL1I3xn5dM6RN4D_6CmZ2ksto_ldZtp9BJI7M8qxvaqhATjyOLk7c2A4wWmFMnpb_WIp,google.com,google.com
1107,2026-09-17T08:56:16+00:00,voice-to-text-journal,https://vertexaisearch.cloud.google.com/grounding-api-redirect/AUZIYQEe-kdng6dQLmncGRAGdReoK3x08OQlaZ6p2WuVgz6g6aL-GmFVyCzZVBmIymMRYySXw33XkXip6TwSSXcH_iTpSUmQDxI0mtibjl8YV-gJy6godASVZuUiBYEiuBvDwl_12wwoTBZQ2N8XyF5yI6beFREg,clairecalls.com,clairecalls.com
1111,2026-09-17T08:56:16+00:00,voice-to-text-journal,https://vertexaisearch.cloud.google.com/grounding-api-redirect/AUZIYQF6H9pxj7zwAydpzzqfD7vPi4p9_2KwPpqNDpQOHBjf-pvp790y7Rx98mqEF4BnYZ5txdHzQiqZzsvlW75WKSosu2XBMuZd4LBLysQ1cgbDixEiUHBpovp8Q8rj3djTQJoSQicPWehTVFCHtvqV8AM=,vowise.com,vowise.com
1113,2026-09-17T08:56:16+00:00,voice-to-text-journal,https://vertexaisearch.cloud.google.com/grounding-api-redirect/AUZIYQFq_AZVJhG5aYNYxvUSqAMZGLO8sy1di9l6_LBHZAuKLEEUqk_95zkjNS94XylqnBjit_u62OkvLJF0nUK8jfFLHhVm_X9YgKu2HWqJLC-pBtMa2Iz974aQd07xnGp8P_QUyoR1wnrdW2eeicoZaGLyPRtfrb23Bw==,holstee.com,holstee.com
1110,2026-09-17T08:56:16+00:00,voice-to-text-journal,https://vertexaisearch.cloud.google.com/grounding-api-redirect/AUZIYQGC_lE1bZOuMVPI0rhsUi9_Hj5bwCUA1fjHk_rsPmLSJijif2P2ljhUp0w1RaU1TMcXuj_6I3setEyCziOaUi1EgaGGuV7f1pAKgylwVtGoACz0qgiMiU85Rgs2sbaXzkWp6OFFtIPVfobihQ0=,lound.ai,lound.ai
1112,2026-09-17T08:56:16+00:00,voice-to-text-journal,https://vertexaisearch.cloud.google.com/grounding-api-redirect/AUZIYQHG7-Q5uApIF_m2KMt_L2SQhqR243ZTNhOkYsfzUFG5iq9LHEdg2m7R1BBBi3tFl9GC2NAMdbO7HDFxI-kUjKq6hYl_U84fozAhghbqCCtixPzSyVmsIH687jdAk7f4uSaM0Rna8_hZCLdLfyTV1Xf1D_1ZjQ==,knowyourethos.com,knowyourethos.com
1213,2026-09-21T09:13:52+00:00,audio-journal,https://vertexaisearch.cloud.google.com/grounding-api-redirect/AUZIYQEQhtzkTdi_a11h-GheFvAEVGMmxb7EE4OK2Q1jFVr4oZhwKqvqI6Zy8qowvfZ7qMhWusaIp780cfdEnDF2flr1J9QM-bDrjtYoAko4YsUVIL7YTCfPLjWShXU41pkJRmOG3yBMuYoH7q5gz29mlA==,journalinghabit.com,journalinghabit.com
1214,2026-09-21T09:13:52+00:00,audio-journal,https://vertexaisearch.cloud.google.com/grounding-api-redirect/AUZIYQEQhtzkTdi_a11h-GheFvAEVGMmxb7EE4OK2Q1jFVr4oZhwKqvqI6Zy8qowvfZ7qMhWusaIp780cfdEnDF2flr1J9QM-bDrjtYoAko4YsUVIL7YTCfPLjWShXU41pkJRmOG3yBMuYoH7q5gz29mlA==,journalinghabit.com,journalinghabit.com
1210,2026-09-21T09:13:52+00:00,audio-journal,https://vertexaisearch.cloud.google.com/grounding-api-redirect/AUZIYQEl69pg5-hYAsTAelzTnkKaDW8FSmoexU6NYCI4991NIBVS7ROA1xkp1lOwwFUw4ysOWufC2fqjkaiaR-zQfsiMGOmyivCsglz_SKixZ79CAU1wMarSI1NJvyeFUrKIhXkAF6KD4PSJxifvxOg=,speakwiseapp.com,speakwiseapp.com
1212,2026-09-21T09:13:52+00:00,audio-journal,https://vertexaisearch.cloud.google.com/grounding-api-redirect/AUZIYQEl69pg5-hYAsTAelzTnkKaDW8FSmoexU6NYCI4991NIBVS7ROA1xkp1lOwwFUw4ysOWufC2fqjkaiaR-zQfsiMGOmyivCsglz_SKixZ79CAU1wMarSI1NJvyeFUrKIhXkAF6KD4PSJxifvxOg=,speakwiseapp.com,speakwiseapp.com
1220,2026-09-21T09:13:52+00:00,audio-journal,https://vertexaisearch.cloud.google.com/grounding-api-redirect/AUZIYQFH3uYcXvgHwf63B7nCSIe6lA3WYjnr-rStPB6pnC-2lyjJvrgxLmE07RcSvGfzhA0sq-S2ywRgGKu44LU5gyuIqJamBrPF46ISbGU-eUZOEYj0oLPKhEjQRJpMS7fz4lAzenFBGNXKwoMU_8L8HDg=,journalinghabit.com,journalinghabit.com
1215,2026-09-21T09:13:52+00:00,audio-journal,https://vertexaisearch.cloud.google.com/grounding-api-redirect/AUZIYQFPxQCVLYhfAYeOFNNQVgkm15AqCATBWzGyqlfTP3R7MHL0P6CRYRuLfrjeSwTyh5NaplqEOxpzz67H6BbICd1O9iOrrB8k8CicDlwCslfjpPQmCwd4uTfRP52aBTYsNBuPaQ7m3-wQFRkM8Q==,lound.ai,lound.ai
1219,2026-09-21T09:13:52+00:00,audio-journal,https://vertexaisearch.cloud.google.com/grounding-api-redirect/AUZIYQG5NvCa31vIs7DrlT97k7pUGSFPnDp84M21MSxAdWYT3TangwfSD68AxK3YSN8KfZ5qZEUB-G4psSWuq5O5QBfhQvyxXT2Seg6i8VRHHbIL_UdwKsEcHuy63XiPb7lTyHq-BmAU5aevE038v3lyTmmyudjUew==,knowyourethos.com,knowyourethos.com
1217,2026-09-21T09:13:52+00:00,audio-journal,https://vertexaisearch.cloud.google.com/grounding-api-redirect/AUZIYQGAonobPcrOZTig4YTsqp5KtMy3nbnkZ0twLt3yFcb3Y4t7Yh3NtBugUSjJIjPz6x7aO71mBUvGMGa3Dv1hMB2VT8hOk9s5LJBzYWw0gZPQrogXrQDgWFuYxGS30DCPDtac9kHX7pL9jFnfDMDwAOc=,vowise.com,vowise.com
1216,2026-09-21T09:13:52+00:00,audio-journal,https://vertexaisearch.cloud.google.com/grounding-api-redirect/AUZIYQGEN_sa89iktZoUHpypGLE41hNsZvzZSA7MoL2RLovXaYbHqE5VMrUTn2qlc2khKvxZe5im9cvOqw12b80S_Mu2uODbuSE5OhrEgnRuHhYlOwKmhaELXCW-fZz5HJz8opfoc81XYX9ZIfBnT6E8fdmash2cgJhySD4y_ocj6guRtLBGke6q,google.com,google.com
1211,2026-09-21T09:13:52+00:00,audio-journal,https://vertexaisearch.cloud.google.com/grounding-api-redirect/AUZIYQGJBQOinD1UbYxGlB0qrmv9fWuClPoP0JdsLmKqWrCMHrVO7forzIQd5nQU5UjYWSPqb0RVefBgZITib42vrVpSomLA_d7bXluUO1NhljtZOUzycpSjq-ucWBM_4vfVAFNMXjRAzKwYvp855np4B3Ptb378eNW2LCDrewff688zvIqQQ6YqhOWfSmjk7cfk,getdailyvox.com,getdailyvox.com
1209,2026-09-21T09:13:52+00:00,audio-journal,https://vertexaisearch.cloud.google.com/grounding-api-redirect/AUZIYQGRnwF9YZR-k1QAnOuC297R_YZNoziP6yHdkwR38eO9_77FAy2-uhm26nt0BcGNsWEXHz9jXvEQHvSlU9o6Y3PGOk-OLCbAWt0Z_tD2NT8p-EbiMU4hcnYhMwA-7fj3HC3CV-N9H3_J_RCkmRuFttfqmT3bT_tFeh9S02WbEVny41B76E0=,google.com,google.com
1218,2026-09-21T09:13:52+00:00,audio-journal,https://vertexaisearch.cloud.google.com/grounding-api-redirect/AUZIYQHLfoXc0-DNFi4kF9_I0dLmL2_IbLr73A5ljn5VUPhNUfrgSLxtzSRi-fnqDVAHXJo_fNWy60utyObP1boKuy6uA3La6r4D-cI85qVf5FUWI3RqhxtxrKkmCPXOWtsGdsebPB7KAqyY6_qXPFUy,speakwiseapp.com,speakwiseapp.com
1160,2026-09-21T09:13:52+00:00,best-voice-journal,https://vertexaisearch.cloud.google.com/grounding-api-redirect/AUZIYQE3tLdZoF234cpx_2nR1GZsscWaE78iaZqOsqftEAwSuik8cvqUxUvW-8EUfd-QfA6wuhhOPHZ4le4Vxz-4SWiwlVU-MWoGdTN-hOmU100d4UPPkz5DIUthj37_qkr5LtRsGARPRojCFR6B9jwWRIwEynbFWFU57Bf6JszdR9jCu_nbGxap26C5gM18stvGwXfqbII6w4w=,reddit.com,reddit.com
1184,2026-09-21T09:13:52+00:00,best-voice-journal,https://vertexaisearch.cloud.google.com/grounding-api-redirect/AUZIYQEPENhIlnxoGVSLvWs09y1uDQ6Ri_k3FzaCr0w-DoZ4UwY_pCsupZcAZt1IzU3YpTJbUA75mS2FgA75qK-siBTHCofYj7D2MJvCcyWNnM9ZDGpTRpKVfZ-vOt8yADHbqGOaZNwy40uFi2wQHT6qTD5hqhGLrQ==,knowyourethos.com,knowyourethos.com
1177,2026-09-21T09:13:52+00:00,best-voice-journal,https://vertexaisearch.cloud.google.com/grounding-api-redirect/AUZIYQE_L1KJ5SsBMzy9LiY84xUxBQFSMEuvWD_rhnUY-n1LMhRJ2yo5c2xzfflJ6RVbzJzPq0ipYxR71TMAVhNzi0trEMYi-z1a-Nr6qK3-z8rJ5hn3Lsb0Gn6phUtMR3DHWU7I,youtube.com,youtube.com
1178,2026-09-21T09:13:52+00:00,best-voice-journal,https://vertexaisearch.cloud.google.com/grounding-api-redirect/AUZIYQEiSHR8se0j6n01AVMDp06DhHRalaR_g0vSgxzmoY5_4O-3hV2bQgE3kQU26gfb-X9wbe3ag6bS44rl4gCgElYDZwcI5vYt3vIkmqjEgtGwo6SHFhCrM25arPvqmZnMiucqD6zcOK7fylYaJ0qHMpkNF9hEtxqs9TOXvbogEWKz8Vuu2cx7z8icbTtZEyMI88oPRROYETEXltn1X3iVRlmoIqs=,medium.com,medium.com
1165,2026-09-21T09:13:52+00:00,best-voice-journal,https://vertexaisearch.cloud.google.com/grounding-api-redirect/AUZIYQEqNbYg8n0Laa2Q0e6H1g7cF-t7i1AvDIQVvFJYLzcvxTD6hFkXCVmBzJ2bPhIUl2Rkh-FwkIDQSMpJDemBHo1yYOCr5OItoEPyPfDIvYyXizzTkuEjreL9703xbq_SgowxanV7Rh8nnXxC6TF9BPg=,journalinghabit.com,journalinghabit.com
1175,2026-09-21T09:13:52+00:00,best-voice-journal,https://vertexaisearch.cloud.google.com/grounding-api-redirect/AUZIYQF4PY-tkiGHRen5xPNE_rTGjnRic0S5ArtVKYMKrPXJS3TQmkt22NZLlMQ963rP6ZTdz515FugZxGStfx6h2gYZn8ZqOpNd266ZG6FE2gqSAYVFUw47ZJ9f0aQPVgyLKJTTWOrgp5M7bMF3zfEXUzQ=,journalinghabit.com,journalinghabit.com
1181,2026-09-21T09:13:52+00:00,best-voice-journal,https://vertexaisearch.cloud.google.com/grounding-api-redirect/AUZIYQFONR1h-UqOfff8xY4kBEEsvoWhhRcQy1UpVp5OAI-gSF03cGjmkQPSfVHoXCQTMdm8PFmv_-5l9KZSPXuciD6cOTyXI0h2JRXT9SMR_O-VLm3PW_vkBSYjkp5TaVmd7pncKZBRWYyYrOJ0Jos=,lound.ai,lound.ai
1185,2026-09-21T09:13:52+00:00,best-voice-journal,https://vertexaisearch.cloud.google.com/grounding-api-redirect/AUZIYQFONR1h-UqOfff8xY4kBEEsvoWhhRcQy1UpVp5OAI-gSF03cGjmkQPSfVHoXCQTMdm8PFmv_-5l9KZSPXuciD6cOTyXI0h2JRXT9SMR_O-VLm3PW_vkBSYjkp5TaVmd7pncKZBRWYyYrOJ0Jos=,lound.ai,lound.ai
1158,2026-09-21T09:13:52+00:00,best-voice-journal,https://vertexaisearch.cloud.google.com/grounding-api-redirect/AUZIYQFXOOrWbt5YpESiHQVe1DsTvZAqqD7f4Gw0Wv7ZFkQ0NoPEyQQ-offLCNa9GbcaKXGQykYSTCBDKDtxk252J0cyyPGzOQZL0bhPRvUef5dL53SKxqbddBClce-rHHaGhjVuT71UG3LjrxocAxI=,lound.ai,lound.ai
1162,2026-09-21T09:13:52+00:00,best-voice-journal,https://vertexaisearch.cloud.google.com/grounding-api-redirect/AUZIYQFhG08AurBErbZmIHj7iHnUSaVKmOxanQGR_sSDTCJkoYPndX9IEbCeQC9WYLH8aGPDagzdSc10CCre41A31GSDr2jlyZYfy7-4nHnM5qPoUYVNxycD_OP3EI_eUfRIW8meDJ9uDtyAK0T6-OAh9sA=,vowise.com,vowise.com
1170,2026-09-21T09:13:52+00:00,best-voice-journal,https://vertexaisearch.cloud.google.com/grounding-api-redirect/AUZIYQFsIeiUdDRaeMWhOBgfFQIs6PWlzQ0pEeT8IAA6uQySGFjZPIg84vTFgZiUS_Q1iXKa8bJc-5GhxQy0MI8W2neiUtXhU4l68qke1pl3n6Y-gDdVNGV8jgKCXngfRoP8IikB3rRX5A5n7eGLY-YYBJfqZk7EK0zDWs6xO642KOI=,apple.com,apple.com
1167,2026-09-21T09:13:52+00:00,best-voice-journal,https://vertexaisearch.cloud.google.com/grounding-api-redirect/AUZIYQFsdc2t4SIycURKyN2Syf6JUubYd1UK7yn-pIf5tqfzJtC6qTWhb-0Vgq54NN50gELL4N2IoJfeVpAVQ8QrKGfCNewcGCpVlajuxU7fAeQyAzFZyRA7eB5nC8mIUQvenJHV,youtube.com,youtube.com
1183,2026-09-21T09:13:52+00:00,best-voice-journal,https://vertexaisearch.cloud.google.com/grounding-api-redirect/AUZIYQFvArocArlQ4OMY8KGLI6BxXsrOnVAwv79mL04LLXwiZbiM1ZUqmzOybPP4E1Kf7K4Y2uE6jZmz4KWww9A_10bYjfatE9I-YlD1z_kLrtiW2zsKRJbnz5vVo195rYo8-FabuvtSyZq3T5LEhE64hls=,journalinghabit.com,journalinghabit.com
1173,2026-09-21T09:13:52+00:00,best-voice-journal,https://vertexaisearch.cloud.google.com/grounding-api-redirect/AUZIYQG6W178RrfHKAYHO6vNFoaOBp-0rqvFpkrR0lPA1n-jHSK7j0qbTtXvwqXnBXSXfft4jFF42th7T0vQ6fhMq--niOKP7P3FHI0SHu2Mn6uUsD6CdabjxqW2VjkwDNgYbO-ozOgyy5CJnjAvnJtwZyKM-_3s53vkReiMkASkpM5OWfoLtX1w1Or10KcKhanj66hspcTlTOc=,reddit.com,reddit.com
1180,2026-09-21T09:13:52+00:00,best-voice-journal,https://vertexaisearch.cloud.google.com/grounding-api-redirect/AUZIYQGA6KaYggjRbe85P9WOs--KgUdVXafe43vwKb397H62a90l5cxkCvbhKSZlk4zLI8JmKAuqQSx3Qf32cphdUzatfKhYqpaSpmvw8KYRkCq7tgqDuM4wbdcAn2Ni66S6k8itRbzP6fOIMLhdC2ftzeGSmWClOb2uADX0MRrF2oo=,apple.com,apple.com
1161,2026-09-21T09:13:52+00:00,best-voice-journal,https://vertexaisearch.cloud.google.com/grounding-api-redirect/AUZIYQGA6XqUC4zjyQyNDFi6EQHR49v_1rgwxxQ-NaBjxTOUUYk1_Tv56nbkyywj2mXRp36Jz9LldOUHRhudcuEQ-xBXFBQWcxu2W3n7BdEwyUofkk0h6ij47AW4GehOGkQXgippljZJ3W4YrAuu_GuH0etEmsNQ3YE=,apple.com,apple.com
1159,2026-09-21T09:13:52+00:00,best-voice-journal,https://vertexaisearch.cloud.google.com/grounding-api-redirect/AUZIYQGLT_0X4Zb2-Y5pmNvWMeqGlGaXvWqLog_I4c0ljIE2rKOsfWDRX0pMf9tC-QteP_GJ6XiG1XOxSylQVyRajPDj1FJlHGNCgTGj_WqczJZHjs03GoWOSjmJtIifzXZz0eWrQbqwflyzEmi74-HKGJ224BHn_u9y,lifelogdoodles.com,lifelogdoodles.com
1186,2026-09-21T09:13:52+00:00,best-voice-journal,https://vertexaisearch.cloud.google.com/grounding-api-redirect/AUZIYQGRtJicnf0t8rx06oeYIX1pTXl9jwzB3uUDBd2lN7A9jwzlxrs4TiIkZ_Z3kkAe9itTMw-MuFgOUT4AjwfxJz62n0fc-bM4dZfg9OofkCG1cUyYLCYxRYuGh_jcCsUegK26csF0Yp3-Ddk=,zapier.com,zapier.com
1174,2026-09-21T09:13:52+00:00,best-voice-journal,https://vertexaisearch.cloud.google.com/grounding-api-redirect/AUZIYQGc8ll7CGWtnUIITHpivLCuvgn-vBRlRVX6XhwZf1UM2nGWHhsHBW8jRIgUZLaCCXhf_y4r6tUOD0-6YzjGZp7pAnrhxji9BxT4uiYVy9jn-G9pNxh6VBD0aNFQN2UhjpYnPpRnsRhL1Zw=,getdailyvox.com,getdailyvox.com
1179,2026-09-21T09:13:52+00:00,best-voice-journal,https://vertexaisearch.cloud.google.com/grounding-api-redirect/AUZIYQGiNVwzbGEZB9sG6rDDikDbU8xCrdSmSeB5JLLBQzOsNXFTKtCsiR0nJcX5ABVEC1pxeCgGc9SWJrkTyeX-UehG-pggt5s8JInnw0hLe2Nf8LrA5c4MIhGOgxsC6BzouKSfNCLLEg1shwEsBax2psk=,vowise.com,vowise.com
1168,2026-09-21T09:13:52+00:00,best-voice-journal,https://vertexaisearch.cloud.google.com/grounding-api-redirect/AUZIYQGu9k82K48wwDcTRRobENi-OgdOId9hzXXEd50CDFOWOCQ_0Qm5j3mehrlZ3xjEfpFLWlTHRSfg_WPmPJLYCvOQKaDJxAau9uEz9c-ewi9smE8PCtn5r7UYgPwypUeQsptEHDC7OPGpzhwD9pI=,lound.ai,lound.ai
1172,2026-09-21T09:13:52+00:00,best-voice-journal,https://vertexaisearch.cloud.google.com/grounding-api-redirect/AUZIYQHBoOx3L0v6z9Dnkb_Bb1EE3eYubqOh7u3LBy7dzz1I5NFzjh60R12b5UYUawY0Tj1L_UCl_SOhG3WgGtMOikGkNcV0SWkPPtnK3qLqBORNzdkFKmsPJXduaPU49Q03E0HJ,youtube.com,youtube.com
1182,2026-09-21T09:13:52+00:00,best-voice-journal,https://vertexaisearch.cloud.google.com/grounding-api-redirect/AUZIYQHE3vF8HSRgVVObiXucXsZXFV2SHIgwNOOUVFIFzghidKG5AUeBIusijzzbf5CPsdHlICMzXV1-Sgj2FM22cycT8o5jWIap0mou5qJcBJXXARVxx9kvtgcIkwzjCvZxONqNgGreehIt1kDZaUqBL4HpmeYf-c1l,lifelogdoodles.com,lifelogdoodles.com
1163,2026-09-21T09:13:52+00:00,best-voice-journal,https://vertexaisearch.cloud.google.com/grounding-api-redirect/AUZIYQHJrcf8sXTitv8Cv2N19-we9rmjbEYcLwwuNtw2yQHfaSdf9KPn1HRSrc4S49cxMjO7AMaUq_js94fTIz7Ycp0AQSS4mWepTxsnLG8tDqxuXCGSVr9oMJl5cCKV4DB7xZrqeMAc3bGetcqjxm1c3wTvlVNX3JpakERMtaIFdajY8EE9mTbYyjIOi1iP1vEJYf-A-Q==,reddit.com,reddit.com
1176,2026-09-21T09:13:52+00:00,best-voice-journal,https://vertexaisearch.cloud.google.com/grounding-api-redirect/AUZIYQHZ5ANoD3QFw7uwxpf81xAXqKO6QTDz0BvwM5l6BquiDHdL7CIkV9rq16yJxFH9Mctwo0GraLCUS78ANNlWchVAHDSV_L_HI1L8zNfLXic8hxuoyliACEIxAYzFS8Rb-5uIMNVSm91XYVxCWDXRF6cNr5qHwf0g,lifelogdoodles.com,lifelogdoodles.com
1164,2026-09-21T09:13:52+00:00,best-voice-journal,https://vertexaisearch.cloud.google.com/grounding-api-redirect/AUZIYQHftzPVuAdT639dcjM_qARTfOZzYsPMErZmJVreCxeMDv_ZdilPtOK_Esw9FFWGr_AC6o22H-7C2ja-A-t3T8_8GPI-dNBJZt1V9CXtCLogwWrZDg_CIkgCrzezSKlCSw2b,youtube.com,youtube.com
1171,2026-09-21T09:13:52+00:00,best-voice-journal,https://vertexaisearch.cloud.google.com/grounding-api-redirect/AUZIYQHh536gTrqERZGulbpiVFwxzfWs0AVFXb_iWu1FFIA8hyI3CZugkx4xAH-x051PoZGbamRV9MAJCqOhEQQmfYpiArCYBo_LHKuqm74wNrQBiHy4K6xXswvz0PBFloLwpHnEBT9-7jbvg_vRSWUUSzDaZgbEMJ0=,apple.com,apple.com
1166,2026-09-21T09:13:52+00:00,best-voice-journal,https://vertexaisearch.cloud.google.com/grounding-api-redirect/AUZIYQHlcDXoon83zx3kZP11G2qx1iUrdc33obIZntncG9euBpooszyv1BdQtuauUdYjwy5qfXdRNrHUizp9Y0wE1cB25bfNrj2Nqgp0E4pok4Ca9yliCvxt3d-zMMB2B87yOjSZ,youtube.com,youtube.com
1169,2026-09-21T09:13:52+00:00,best-voice-journal,https://vertexaisearch.cloud.google.com/grounding-api-redirect/AUZIYQHtnBSubjY9A6Yj51QdRSh-AhYvu6nPmtvSbYEO_ATyDhQttU2nHPPU5tQqc9oovYMTxPT43EhSqw7T4rkk0TsLNu2pJ5KoYWDk0mWFlQyEr4pE3jlEZkSHeOpV6L3q5_5XC43Cpb-jvgdHceo5MWw=,vowise.com,vowise.com
1270,2026-09-21T09:13:52+00:00,digital-twin,https://vertexaisearch.cloud.google.com/grounding-api-redirect/AUZIYQE0ej-w5xVMLCu4ABLWAb_-k0gcrFDmYtnkLVv6teYdhjzM8B7WQoL1Wxr8Ix_rDHM_i5ZnW2r-QB0I7ciQhnY38_xY5ZVrADSlRhuNliY=,mindbank.ai,mindbank.ai
1269,2026-09-21T09:13:52+00:00,digital-twin,https://vertexaisearch.cloud.google.com/grounding-api-redirect/AUZIYQE3BQyFJAiJ8Ryh3X8jk-NXuNieoYq8g4PDRM3mte25sI3J28HD7Pnm-fQU6g2FjbMzaFkl8TB1KXVPoTHWd4I7ffCkg4KAuqF6Okz2y7FdeVD5I-8KN8Xwyej0hy1wIIsh,youtube.com,youtube.com
1281,2026-09-21T09:13:52+00:00,digital-twin,https://vertexaisearch.cloud.google.com/grounding-api-redirect/AUZIYQEGnUo9CwX1W6B2kruDtOZvPD_cL6Bpc4e6BZ5btJZGy0Y5iP4F2eoOVou6SM5bxr0v7XpYbUc36Lw-jOfVOTZ76zncgFMM7mnCWNKJcIw=,mindbank.ai,mindbank.ai
1275,2026-09-21T09:13:52+00:00,digital-twin,https://vertexaisearch.cloud.google.com/grounding-api-redirect/AUZIYQEMWP6of48LCMdokLXJPgOhxMkEMWCSAveIQCEP3froIQZ4Ll5Ht7w74JhutfeeMUSlXN-ED_saocyeC6f1ecZkvFMBeVThLcYgw_7iOgkZtfadMLJypaXxgwBDvZbz7T53xTmwKYt1V4RQNLUW,mylifenote.ai,mylifenote.ai
1263,2026-09-21T09:13:52+00:00,digital-twin,https://vertexaisearch.cloud.google.com/grounding-api-redirect/AUZIYQEQP8Cq1rAfj1LN49KKYvZlscmKZF-xyHm9JzZZbTVRp76Snr7MAHZq8YHOwKx1c4p_3JSKNmtSy5OWgu_b5WxH8u1vWTH0KBQingcSpijcAEvVs1n16CUS05THBIBHJIQE0T5tSjal3RSWtClNWMOqiQ==,reflection.app,reflection.app
1273,2026-09-21T09:13:52+00:00,digital-twin,https://vertexaisearch.cloud.google.com/grounding-api-redirect/AUZIYQEvqQXrekLy-Cd0tv3O6jhm1pn0FLcfJK_3rinfWxwd6gURyDckxkcB9o3WO-t1Pn133-JK1lyGkOCCm-6vxJzBDPaT8BZSpaKagQyZH6w2W-hydcWKQoK4dvrAHZ6DTA==,getdailyvox.com,getdailyvox.com
1284,2026-09-21T09:13:52+00:00,digital-twin,https://vertexaisearch.cloud.google.com/grounding-api-redirect/AUZIYQFEA0AOkZoBwXSI1rtAPg6k_ItR28eo_G17UixXuMlNfNY4P1_-_3YphG27S73FSz_OFQ7h6aqHGAQ53CAG_iw9UuyR3CcmJNIXeppsE6yiqly0ZLesW8HCVE0xoNNyMn52cg9jveylR-yQELvT0fOkgG_8sX5J0oBjKQ==,personal.ai,personal.ai
1259,2026-09-21T09:13:52+00:00,digital-twin,https://vertexaisearch.cloud.google.com/grounding-api-redirect/AUZIYQFEDeWHte1S5E1OJhwQINhQP_UXI43kjxwKQ5X6ifjQw7P57MupjVEbKIYm4A49b7cMSsQicHjJ8QlaejKNr2Ilj4U5LxRzvsiy3_fLpXN6HT9Dc5JvInovklhGyEp7C0mQoGE=,timeless.ai,timeless.ai
1271,2026-09-21T09:13:52+00:00,digital-twin,https://vertexaisearch.cloud.google.com/grounding-api-redirect/AUZIYQFJM6PR_k6cawPUcKlilownNDqnF5biE57mFIJoC4r2aQjWkLJz6JCtCEPmeWaKkrV_lXaYG0aw2PZU6Op0FfTwo91r5Bg-E0YgpfzdQ_aRLxWFZZ18l_QZkvx6dANlPkwXir5v07J9THjz4UCSHbxSfd9HdJgWERMuUrDZpeRQ1ikeHCrlyglPaojVyw7Ez952uOOTChPG97A0UomjrEaV1wdLFLHJEA5gh07cquK7AQTdjcSqA02DfJ6pyAajjI85ZRKsmjdri-rf8HeF,refreshmiami.com,refreshmiami.com
1261,2026-09-21T09:13:52+00:00,digital-twin,https://vertexaisearch.cloud.google.com/grounding-api-redirect/AUZIYQFMF-NRlYjln0Mcg_vXijbF0M_14SUjlGywo69z0RZ1_pbW1cLpsd2WjyZo1XULvTuhk2IMlP9D7gDT2sOu2KLFltEnZsU-MT5Z-22dLobi_CVACWx49CXSgDOsoLl3vym9c28YJWQmcVgMHpNVfU2AjLaoRP_VbtIgYJdc6tgjJwQlmCWrsGtO8DXIipiB3zjoqTrIoeZy5fm8F701fclsLsvqygFHM9r5o96f-JnGhjo=,cnet.com,cnet.com
1267,2026-09-21T09:13:52+00:00,digital-twin,https://vertexaisearch.cloud.google.com/grounding-api-redirect/AUZIYQFSqkYcUWbCtfppa1wvpOfuC-xh4qdnzievp2_Y0QcB7__xQZvA8mL25_MiGTj7cglVKZFPBVpCy1a8YAc2UfHTsPr5EeVxzALrA1dkk29s2YpW3cZo98Yr8e9m0ObhOq_ij5hIzAdD,youtube.com,youtube.com
1268,2026-09-21T09:13:52+00:00,digital-twin,https://vertexaisearch.cloud.google.com/grounding-api-redirect/AUZIYQFWSbMaKl2gJTdBQaRIWZAJwHMH77rAXX9_LwI9yK0seBkFhY7bwL4hySftWovjrM6KLaHLSOQ-ck2UJwXYP9ZO8JViH2kdQPh_69mOLXr5b6RYFXgFS81O1p9jcIS-ot2OdprwwFrMjl1gak-CqI49cmE5zRe6o5Fwo0B1AYsK1KB0bRQSr6fCcTgERQ==,mindbank.ai,mindbank.ai
1262,2026-09-21T09:13:52+00:00,digital-twin,https://vertexaisearch.cloud.google.com/grounding-api-redirect/AUZIYQFZnCHVqZqgJG0lrR5iini3eYbuDpOHRR8jToPBC0SIch_t9mc3b5xK87gfXK8M5HvgVRDjbkUW4hIZRpPrrdDYX7909drSX_h9lBU7qfhE0HlTcwD7R3iJwZAkCw3S5k22Wx3G46bAv1p3U6VvSTITIi9LF_2XGdDC_z0YwOKrFA==,rosebud.app,rosebud.app
1258,2026-09-21T09:13:52+00:00,digital-twin,https://vertexaisearch.cloud.google.com/grounding-api-redirect/AUZIYQFpdQgaNbvwDep5D0IMKFXE_QbLa1ksyK8T6DSiUh1cuLmAi9An5fBI8bpK85QzkKSUTHS4RV290UPnVhYswbb-92S0DpRGFlk80U4hKHlbWDN3rRtmt6BHYel8YN12X5tKPzpxjzkchhiquli8-snl1QYC1vYfi4M8tA==,personal.ai,personal.ai
1264,2026-09-21T09:13:52+00:00,digital-twin,https://vertexaisearch.cloud.google.com/grounding-api-redirect/AUZIYQG3PlUmvGsGGzCcbvjcrJ2PIcWYRClI9HyH2teuwAA1E4xxMiWLF_1Qq1yXnDKV-YzRZBsGPEM6Hifv2-BBBmj72jvKGQsDmn6or-5NmaDu9Eb2yzliAucLxXaFSWuP-w9Lx0DtVksbmfK8onY=,apple.com,apple.com
1279,2026-09-21T09:13:52+00:00,digital-twin,https://vertexaisearch.cloud.google.com/grounding-api-redirect/AUZIYQGAbVaNh0L51-H9xaJqOhcbzzW9W91Jj0ni0CFaGH3c_DjPvhvVJfvme3J0w7Wb_j3KnLAVJD3SDDEgjNx0DKgAWek9QJ9DY9e9CUHk200L5cioTTehu7yNFhXZtrA9UNBVU38YNL4ceSeGURcGqqPnA1F_L3Vp3pdiiN-SwKccH4yL,apple.com,apple.com
1260,2026-09-21T09:13:52+00:00,digital-twin,https://vertexaisearch.cloud.google.com/grounding-api-redirect/AUZIYQGVrmV-KX3H9fw09HrGIZL_ErrYliclV329rnt3k2xS93hS-Q49PMRruvMayW9aotUGOJOCPsWmEx_CaCdZsoAdqOPx8qfHudEcIN1Rejva4b6v2Zir55HVYSOsLXUoRZom6lNX,afterlife.ai,afterlife.ai
1282,2026-09-21T09:13:52+00:00,digital-twin,https://vertexaisearch.cloud.google.com/grounding-api-redirect/AUZIYQGblNHb-IpQpyxT5TMhMEeo6VoCyJIAS_dimR4Vm8gj-Ax5S8q-vvRYKN6bUkQN62cAUvFOdxB1B5STfF1x8yL1f5BifRb_Rl53ZsLnMQ9NzBl2zbovfEA4wRZ3Wv9vQO2lXDmASNRVPWx5zhmKc49PVEwFmvm7E9KHul85meTAEak9rk4vM88bukk1X8A8V-1dwD5t5PnnoD_iGcEBWNWjDyFlNC1b,mindbank.ai,mindbank.ai
1276,2026-09-21T09:13:52+00:00,digital-twin,https://vertexaisearch.cloud.google.com/grounding-api-redirect/AUZIYQGboXVm0AQ47SuD2w6_VBV8jePu4xpJeFkhr3spSzWx7XOVtQSfY4Olk5o0k_9wmLqRWGEhrV1eriuAIunKz3w8aPExR76oo3SVHTV4tpAk-3qG6-kCU0b6Br3dSPNzx1WM,youtube.com,youtube.com
1280,2026-09-21T09:13:52+00:00,digital-twin,https://vertexaisearch.cloud.google.com/grounding-api-redirect/AUZIYQGcKuZ64YL1XBi6C5VWZKV0-pYuQYiqWLiVBvFAGpTIQCzfmbkKlokSGEdlDfGh1OxLzxAPSgFsk3jGBsp2NVaoHr_Um5G8JXcMySeFN38aPcv17J3Qi11npnY_Lg08dihAuUHoeEU=,getdailyvox.com,getdailyvox.com
1283,2026-09-21T09:13:52+00:00,digital-twin,https://vertexaisearch.cloud.google.com/grounding-api-redirect/AUZIYQH2UXpwva8T3isdHxPkOItxXau9Ql8olcBYQE1eiWTsKKApEsrCEtQvroAuCfMNs44s7mTQXjdM2wMO8qLUc8NFNUrKck2Se1iat2_mgZ-AwWCJY53IoWHUKjnfLCnO7_xPVgrbdiBDgZwHYjuCTO4MmpTpn5fyotEJOLyJdNnrS0mJlEu4ZR4TrGSrJHIgI-zsb_Y=,personal.ai,personal.ai
1272,2026-09-21T09:13:52+00:00,digital-twin,https://vertexaisearch.cloud.google.com/grounding-api-redirect/AUZIYQH5rE4-SfTqFxenycX4jXLf7xcznIqjvgrirHAsD_SeAXKtdpsOP1JjjPCP_8LEXmH5vDVHWFcDmjF8A2nhvqejap42ypL72rlheDBBqnv7vstJbGJbStza1VSSNi9j02ZlVXQ=,getdailyvox.com,getdailyvox.com
1285,2026-09-21T09:13:52+00:00,digital-twin,https://vertexaisearch.cloud.google.com/grounding-api-redirect/AUZIYQH7oFjIpjWj8qzV14GZ6VRlHwD6pE6CDvyjSheQO-aHZD5u5dyBJ0NnyOhw_x-hwDug0hYtBI25E_2Sgf5LFid2qIKx5dxMWEp8ji7SVip9BsoXYFFVFWXFviYLH5AqreW-cbNNztbojKnWqluNw0fG6MJtwQkHT2O0AJRSuONU4nYIiumA534h,businessinsider.com,businessinsider.com
1266,2026-09-21T09:13:52+00:00,digital-twin,https://vertexaisearch.cloud.google.com/grounding-api-redirect/AUZIYQHD0uD_YYmbZdqaaEctjStdxPW62xGT0vuRnbsUJPmo3LgdbkE_OKEpJcTBbgCHr0-n90zjXE6sB_3Axes9i2H-VW6pqxp3X5oAioJgw42oiLc-ptUQYpoqLJGX1XTvJCb_-oyHNHRaC_VU80fdNSbC-v0t6FpJYVkUrc3kAiM=,quasa.io,quasa.io
1257,2026-09-21T09:13:52+00:00,digital-twin,https://vertexaisearch.cloud.google.com/grounding-api-redirect/AUZIYQHOJUTM27Lt6OVHFvos1-S9hSyplVTcB5K8NoNu2UkGAhrTra53jkAyzZQeowKUXe-pi46Ly361M_TsON7afD0J3UHPv3E0aq0W1Ro46vAvrDOjYrmdd0EJECHssVSyR-LN6to=,getdailyvox.com,getdailyvox.com
1265,2026-09-21T09:13:52+00:00,digital-twin,https://vertexaisearch.cloud.google.com/grounding-api-redirect/AUZIYQHQFzlRY-4yxzXjJcUmZ9jEZcb8TwfCfWxGmkOYjJlBFIMBjnDsFpdvKFu2MQsPGDH9Ni2EdoG-gvXXx9zvmV2wwcc1O0L308kb2T82UAo9Wva1Muw6DOrkB7-TU03iGwg1VMS8ZBZS257NU06V0QmCjVM3zt7H8j8a,personal.ai,personal.ai
1278,2026-09-21T09:13:52+00:00,digital-twin,https://vertexaisearch.cloud.google.com/grounding-api-redirect/AUZIYQHbiZEbJiEIOVVbQEh8rImJ2ZVnDn0Ia_k9BT0_WZrk-Z5MLj8DyRvTiKOVUuQCdMnfx6xIK_-pGuQ5OXfR1hMVmyFHRaKyDS-rnXRBr6qgvMxJuhvz0Icyklgf79viac9n7A==,passioncomm.com,passioncomm.com
1277,2026-09-21T09:13:52+00:00,digital-twin,https://vertexaisearch.cloud.google.com/grounding-api-redirect/AUZIYQHcEGDQjRtpLiJau5uYmN8XpEtXlEnyU0XUUXiDIdPoLb8HRKbFt8p06dn-J_G94I5aM0RzpEXLJ1xaH_sw3TG_uOaw-i2gK7ydl5BoQ3WMIkFCQL4JaUFZ2jO9bCuBug==,getdailyvox.com,getdailyvox.com
1274,2026-09-21T09:13:52+00:00,digital-twin,https://vertexaisearch.cloud.google.com/grounding-api-redirect/AUZIYQHdMczWohxLJjq9zq_mNnipPD9rVHActqod24gzh-3ERyFAnPKoihciV_4E9-T6l1s8qyjHsn4r-rkZlv7VPi2BTn40K1sxjDlFgDhEWscBhfN5-wl278iPfIXnqr6P-T75854mvvs=,getdailyvox.com,getdailyvox.com
1286,2026-09-21T09:13:52+00:00,digital-twin,https://vertexaisearch.cloud.google.com/grounding-api-redirect/AUZIYQHvTPWCxLGCz763AcIagGciRqeqdia2raqSf0FGydAwbNISUQaJIg_5hh1txtAtcQZnPSeY5gafCQgWf6pY7NIZ0zuIh-l2P-Os-HDx3mbsGZqpR6bDZ4rdW2f625ZIuK3nmTo1W-mlo7cVNK_bjXnwrP2_d_If2FLvYEAfRgofo2Wz5mMI8Y55Pr9Z372NaWm66yb02zxZRJO2dWdD6urX9Q==,reddit.com,reddit.com
1251,2026-09-21T09:13:52+00:00,on-device-ai-journal,https://vertexaisearch.cloud.google.com/grounding-api-redirect/AUZIYQE6bgW-8hnYZ3Izsad_84lW4XP3qYkTEyVkF-wIsz4tdQThZ2iuLf4QcaP--_CgnxqBF3xPqrtbGxJSbFGvslfMC6t77HIBROIScDkfcnIyQUCtMc2kqlZNG-G2_89gpSV8fz8nVtoN6r6-QEEtohPl8Q==,google.com,google.com
1255,2026-09-21T09:13:52+00:00,on-device-ai-journal,https://vertexaisearch.cloud.google.com/grounding-api-redirect/AUZIYQEDlRglBygZ71qV6pMlyIA7eb7CkMSLDy4boliVvN1rO4z-HihiV4F0cAt9lDi2Zx8emNBUgmVuuPZKmdx33u1A9X759KOSaLeGMPG-axFU4LBRmZq-6Z5dOADQpP5iLLGPP0wpw1oURaOemWsw,pensio.app,pensio.app
1225,2026-09-21T09:13:52+00:00,on-device-ai-journal,https://vertexaisearch.cloud.google.com/grounding-api-redirect/AUZIYQEEGpg_A0ouWXEi-a2SW_R2Dh0hL9z6PYBnxPgmspp9nSQ8Gkx5licoqYdaGVdUDqvVQ3VQP0DsYoLbKoTMO5ojrGafK7UM5UFjNL6dEzHk2PDieaYOLNdDo5zoKyi5-sa0,youtube.com,youtube.com
1232,2026-09-21T09:13:52+00:00,on-device-ai-journal,https://vertexaisearch.cloud.google.com/grounding-api-redirect/AUZIYQEQIeg4oknoOSpJ2t5F8Gk0fedu0eVf6XOyxQwQV9_C-f0MFvX7WcDel0Ob4I_t6QfBOH3SRaOhN8ZCe1plT_uQ2gcXiJz5AfdAGz4WGGbZmCo7Arb2AOo079Mfq8bJC0uiJcS_qRD7Eatl_pbG4HRm05iFDa_e6hXaTTzFFWOOQGixS0RQN9EWd24DqxL_Ujn3jrTsyQb89P-nQZmmYonqytm2OezzNc6rNg==,medium.com,medium.com
1254,2026-09-21T09:13:52+00:00,on-device-ai-journal,https://vertexaisearch.cloud.google.com/grounding-api-redirect/AUZIYQEQoTbidvhPHOqILWGNSwgBK5eI4zcAn-sbVF6zT4aWB6g6M8wFfFWDDTDptx0dAowUDCVoZPMtcNL-OEgXiVMzN7da7z-gvVY0tnbypk4f-x6Nhm8R8NVRcK4KtBBD,lockeep.app,lockeep.app
1249,2026-09-21T09:13:52+00:00,on-device-ai-journal,https://vertexaisearch.cloud.google.com/grounding-api-redirect/AUZIYQEgLdbB6jcUtfIkdIl1cH9JrQGjhqh4SkuxUkgetPqW7SjQV731Med7auHAyj7RBVJrbYcLFE23orRGEiWAOQMLvQ4YJxQYQY4IpYzNfR8mhwsJ6wFBVawwmy55q8xbFIBH5ECLKu7Uj8i259yLeA==,lound.ai,lound.ai
1233,2026-09-21T09:13:52+00:00,on-device-ai-journal,https://vertexaisearch.cloud.google.com/grounding-api-redirect/AUZIYQF4dOW6aTjvlCvzsdRoJT-LZqXG9VBgjJy2PQFux7tnPrTH_zzJg3P4rUs8HQNlFXBbb6-82blfMYxfWuuLz_115o2UaWol2BxMCJXGOr3x-Hwtdg8TboiabmZqkJW98vgpkiC0oQ5fjYZ2z-I=,pensio.app,pensio.app
1226,2026-09-21T09:13:52+00:00,on-device-ai-journal,https://vertexaisearch.cloud.google.com/grounding-api-redirect/AUZIYQF9-FuhIZhX8twMzD5vRifwPZNliQYEpNnN2r1c7TBS8iSqHMRt4ktjXrV3WFzjs9Hll2B9qS_5xGn-V1b2KhMJ-IA0JG6urG64sRqJvUIsAQ3aQF8zZX10OCfDTg==,github.com,github.com
1230,2026-09-21T09:13:52+00:00,on-device-ai-journal,https://vertexaisearch.cloud.google.com/grounding-api-redirect/AUZIYQFRnfJ8f9Jger7wvjPWZAbqu3yr_a9zsv2TAWK7Xck-gK-VbX-dq18JTV8ndf5kVisiMCvAfCeamF4SUPHkbGZZx3GHnxx6HJc8T00Q3qoR9YkvCUotxG25ZENj07LyLynxnKIO0z9dy2I=,memexlab.ai,memexlab.ai
1221,2026-09-21T09:13:52+00:00,on-device-ai-journal,https://vertexaisearch.cloud.google.com/grounding-api-redirect/AUZIYQFgCJPqMAewcj46ingWpEK3jgxdJl2spsuy372Q_mTo781m4asz69bQbmjUk_-H5p9cSyRK7ueb0ZjZEXfRF8cykgvK5fPbCCClR7qwav53IyE60lmhZ7T3nubFtp4kOXCEWOLqK-4=,memexlab.ai,memexlab.ai
1242,2026-09-21T09:13:52+00:00,on-device-ai-journal,https://vertexaisearch.cloud.google.com/grounding-api-redirect/AUZIYQFp2-mW8poEdkrB2wRIuvrvo359JckdNb7gB0nX-blMR5XDXKi1fz5nH0Wj0WiLEOKNu1QHyPlKsRyl2GqnHIqo53rMiK6Kn9b0tUIzC_r7N9id0XGBwtfZpzr2Vg==,memexlab.ai,memexlab.ai
1223,2026-09-21T09:13:52+00:00,on-device-ai-journal,https://vertexaisearch.cloud.google.com/grounding-api-redirect/AUZIYQFqkDo0TTp8D0oGOswTuXyQ5UUXXmdCuLd4u_DQ3w88YufTqJIf88IGqIIedIn44mojKYoF8jrhAT1BIJlhg80J2LrDkBrnW84aLBg=,journallm.app,journallm.app
1228,2026-09-21T09:13:52+00:00,on-device-ai-journal,https://vertexaisearch.cloud.google.com/grounding-api-redirect/AUZIYQFu4AH2RIy4D8YqatBdWBnbEq9XJrm_CCUv2_-RKbNEofZLPFlP2WMs3s69173Vp_S3y8FBm4del5_y0PvLss0jiLNRcjrWqYLURfgL13um25f2EwGTIpzZhzXk3OuaqPS5_4tQsZI6-Ad5rJyBo6_3IY9lO9q_rlSFklivsmDSdQqKnmZat6DRep91n1lwVlEVrCFxVwLL,medium.com,medium.com
1252,2026-09-21T09:13:52+00:00,on-device-ai-journal,https://vertexaisearch.cloud.google.com/grounding-api-redirect/AUZIYQFuj3LmLSti7N8lXW-k91eRes27mJSCBOt2DRunQ8BN3QFsTBeuRc2JeDHeqfK6XFyeT8lkUMUjIwGkUfHZXUDyVeYrfywVYnPmA0B4,journallm.app,journallm.app
1224,2026-09-21T09:13:52+00:00,on-device-ai-journal,https://vertexaisearch.cloud.google.com/grounding-api-redirect/AUZIYQFwKH31MGJeENIUMI7Gy2tQ-6Z53stZ26W9SS_lG9-VJ_PivGTsz_j2OOYfite0Trhal_4Y0y18tDsyrJoEFq071clWyl7BzpafNj9Kjz6uBB4Hsg==,journallm.app,journallm.app
1241,2026-09-21T09:13:52+00:00,on-device-ai-journal,https://vertexaisearch.cloud.google.com/grounding-api-redirect/AUZIYQFzpidWQtCCuIhVDYRKMGZSQP_tw9TbMy-LSFbC05RubZ9aZypm8Y68wBlSpasoHhmNSgC9aISEl3oPlMehRYgwIYV2Lx8-MNaJuP3iR6Zx6ovILpRvk65S5NJd2Ak2QQG-M0Bfpy85,memexlab.ai,memexlab.ai
1244,2026-09-21T09:13:52+00:00,on-device-ai-journal,https://vertexaisearch.cloud.google.com/grounding-api-redirect/AUZIYQFzpidWQtCCuIhVDYRKMGZSQP_tw9TbMy-LSFbC05RubZ9aZypm8Y68wBlSpasoHhmNSgC9aISEl3oPlMehRYgwIYV2Lx8-MNaJuP3iR6Zx6ovILpRvk65S5NJd2Ak2QQG-M0Bfpy85,memexlab.ai,memexlab.ai
1246,2026-09-21T09:13:52+00:00,on-device-ai-journal,https://vertexaisearch.cloud.google.com/grounding-api-redirect/AUZIYQG02qpQh4MWawDrKWEBk2t3qP5wUjDKmlPywv6RUCCHQ_W0mpsJY1_LYOTa104uANWhfrPg-wqujPQRpldd8ezng2Kh4nAnoC2A_SIa8_T0mDVx75HJ6et5kO6jOrZVw97O7Ndyo94radbza_RT01o6H9DMcmudp2Hs31oFugiOTKq1JF0Kid57bQzGyh8f67tVhECi1zQcI9-S0oUsEw==,virtualizationreview.com,virtualizationreview.com
1243,2026-09-21T09:13:52+00:00,on-device-ai-journal,https://vertexaisearch.cloud.google.com/grounding-api-redirect/AUZIYQGAeKnHev8wy8WInDZHP-Zhw9ZBjPyBLahUzNlCPVy87No5HHPJfqV9BTa_U3-BZYzcu_vc7V3ALcwC1fxwsF9mytXpWinuZP_QshrM61rAdgPAkn1Eb0CtNZzF_OVClGCWKW4Uj3Ud-mvyVcRoW3vyszSsojTkoA==,deepjournal.app,deepjournal.app
1245,2026-09-21T09:13:52+00:00,on-device-ai-journal,https://vertexaisearch.cloud.google.com/grounding-api-redirect/AUZIYQGBeTYlw6-rZymlJnaaQ63DCBD9gtQDei6ff_gnHVJd2fw5PmFoG8qaFdedTgO1-xNf4A-ld-lJS1ilqz33v4A2NAlGgHkYvaxbCrUB42MwNdME5ERH_nHi9b9Qz_FscZV0L3h5b6UZDiayA2xR,dgross.ca,dgross.ca
1250,2026-09-21T09:13:52+00:00,on-device-ai-journal,https://vertexaisearch.cloud.google.com/grounding-api-redirect/AUZIYQGLUyc7JH0hqwbx8S6yKkCie1R-Vy2w-V7c7jlNL18sVmDnmw0lxKYW2cs4R4NQMy2Jk7vWCWYt65uStYUSxFBR1WfMpPIBPymqPP8ghlS-XgbSBFAl5t3KofZc1jx-wLwD6rM9yugX6AvVTvHCpzmgjuq5i6gm4ziusK30b1bqbNVeGhO_hBtzl8DUUswk,reddit.com,reddit.com
1253,2026-09-21T09:13:52+00:00,on-device-ai-journal,https://vertexaisearch.cloud.google.com/grounding-api-redirect/AUZIYQGOFj1lwRZBhiS_dkH8mMfW4tJGdjqde3Trke7lyB74dCQUXqVwt32CDKQEOfJBttjUQnhVk_247cE7TUKM9viSD43Wt3KDWs5fsWNZfXasyI_e4teHoEvKQj0QhQ==,memexlab.ai,memexlab.ai
1227,2026-09-21T09:13:52+00:00,on-device-ai-journal,https://vertexaisearch.cloud.google.com/grounding-api-redirect/AUZIYQGTu78my6cVZbWxWfyWtQjbgxwaL5ymHUED8kJECE0zqF4onwiyMUFRwhQVgsMIVMl89XtWmu5n15GYObi2SILZz_dlyhrEw-s-uVZlHoVAzmETKGy5WF0buFtm-uBxmMGhIY5zLnkxFjr5M6C1,ariv.one,ariv.one
1222,2026-09-21T09:13:52+00:00,on-device-ai-journal,https://vertexaisearch.cloud.google.com/grounding-api-redirect/AUZIYQGX4G3EEy23ppvA3Yj-zV3U6KOVZE4SAL66KTKR24XiRH5N6dNUV1b3we0OnoA7IEOBqCF9kTYUubSzBnVdAmqAa546fiNmmSkLPSgnfzwAyQg_LbIxcwHGxdeSQTkf,dayora.ai,dayora.ai
1247,2026-09-21T09:13:52+00:00,on-device-ai-journal,https://vertexaisearch.cloud.google.com/grounding-api-redirect/AUZIYQG_LsGfeQQAcmFZBl5hw03T7uSxIA0g0dxBem62DJ4C-zHmFI75uD24EE2a8BFCd6JYwR1smC_VVKN6bGnMsEPMhSijPBcOyfjhAk3dOEWjKf0AT_6XMvjTj5Pja80YUCH8bGl4LOcN,memexlab.ai,memexlab.ai
1248,2026-09-21T09:13:52+00:00,on-device-ai-journal,https://vertexaisearch.cloud.google.com/grounding-api-redirect/AUZIYQGgwpdf4NSOaAEUxzvpGteG154p2d-denPHHNf8YSrZnoUdhDCpB-vycJtIaUNjx6OYhRiqUCnovpcPvo1t1kA90nM2opwQKLsh7bb-Mh50hcPYVbHbbMs4lnlHl2AxM3Eu7awWsyb2rxeP0TVMaQ1pgA==,reflection.app,reflection.app
1237,2026-09-21T09:13:52+00:00,on-device-ai-journal,https://vertexaisearch.cloud.google.com/grounding-api-redirect/AUZIYQH2W5_m4hpofO7B0nM-Dn9dcATf6ERdB3xt9IpHHrPLufZUfdgao_uVOaEAqAQu4SusA1H2REhc3zqD1VhOumoP6DrVmhm33yc9FMA66_kTPOCnAGWb6ZZi9PceNA4pbPfRZ2L7ziJVa1HEP1-GSoCdqBg249s3VT09-JbyGBtIw-c674LStyAuie42snK9IhtHOWEWZo6NpeGmi3_k67R0geciERnTlExCbfc=,medium.com,medium.com
1256,2026-09-21T09:13:52+00:00,on-device-ai-journal,https://vertexaisearch.cloud.google.com/grounding-api-redirect/AUZIYQH34vNEPYUBTrAK4pxlbMrPB7gPX0zi55nB-VYstQd_lKKmMO5iJZ4mEknzQoLEzixQdmPaWErA9Iq3X3GumAP1AXBlFNl-Op6Z6UVf2ssNT8iOeMIT18yre6rlt1ymxCDxGoY6dOTq-eYZbF80XzNB6VpRUfOQLBMBPXZElMIuNMQJJbpkhEblRgMYcjQxudMfsdjZ3IMwq3ib1PbrPnH5EtmEC-uzg94eNaXrvbH2y0Kc,towardsai.net,towardsai.net
1238,2026-09-21T09:13:52+00:00,on-device-ai-journal,https://vertexaisearch.cloud.google.com/grounding-api-redirect/AUZIYQH5plhd6QqBxd8cwD9i5-la69RgEoDCzo4iHBcAqKq2EOwFVRYih5TDUrOuF5q8oA6Tbn0ZZqP41Xwaa7YV0CTx4-js0VwNjZ77VlmozMDbxCr_udZiqEp61XAzq69B9XbIId2UEGsdoVQSb_qHQN70XqYU,dayoneapp.com,dayoneapp.com
1235,2026-09-21T09:13:52+00:00,on-device-ai-journal,https://vertexaisearch.cloud.google.com/grounding-api-redirect/AUZIYQHQi3ZntVn_QZQ0n5QlMKnvIbgXvtLkw7Fp5ji1Ehh_9azYgFfGy2C1dOJ0CbUnaYoRMbfaVsY3IBcycgBa-TT6rkW1AbvXEUtKCfJq,journallm.app,journallm.app
1239,2026-09-21T09:13:52+00:00,on-device-ai-journal,https://vertexaisearch.cloud.google.com/grounding-api-redirect/AUZIYQHQi3ZntVn_QZQ0n5QlMKnvIbgXvtLkw7Fp5ji1Ehh_9azYgFfGy2C1dOJ0CbUnaYoRMbfaVsY3IBcycgBa-TT6rkW1AbvXEUtKCfJq,journallm.app,journallm.app
1240,2026-09-21T09:13:52+00:00,on-device-ai-journal,https://vertexaisearch.cloud.google.com/grounding-api-redirect/AUZIYQHQi3ZntVn_QZQ0n5QlMKnvIbgXvtLkw7Fp5ji1Ehh_9azYgFfGy2C1dOJ0CbUnaYoRMbfaVsY3IBcycgBa-TT6rkW1AbvXEUtKCfJq,journallm.app,journallm.app
1236,2026-09-21T09:13:52+00:00,on-device-ai-journal,https://vertexaisearch.cloud.google.com/grounding-api-redirect/AUZIYQHRsgO-4ZWtnhSZbJFM5HIxk2t1HZ0KLPSCCRAHtkpSOtJ93_q6biSbepsrGYc8L3I8REeGAIMZSsNycdxkNch8VUEjJdPA2cr3dw-PH7t6x4rSfIrVCo6tieBE_wQwYqZKshD7enZE2H4=,journalpersonaldiary.com,journalpersonaldiary.com
1234,2026-09-21T09:13:52+00:00,on-device-ai-journal,https://vertexaisearch.cloud.google.com/grounding-api-redirect/AUZIYQHSKwMvkWFWucnRWY6rPmo5GldEqFPIrxKfiXVg38guwPBTFew5vQY3FiD9uX5LEtoAsWCjWU4wN1o-4Yv6_WaXQwirrIb40TlC_Xf-YiQYFIGPd9kyut9NKT83NsWhpyc-B-RD8ZH4elLAbJW1YQ0qUNOmDcVpPX2hYJ2gpGw=,cosmicuniversaldesign.nl,cosmicuniversaldesign.nl
1231,2026-09-21T09:13:52+00:00,on-device-ai-journal,https://vertexaisearch.cloud.google.com/grounding-api-redirect/AUZIYQHZfA7bk6QB1FzYleGwUMQkJ8Hgp6v3HJgKDiESa_-UOVtPuJR72xOGuJ1TTVCw9NtfwoRO0hq6YUsLIEmCGKnO0XElHuuEg4fBb2g-M447PjkUPg8IkWLxT7hba9M6oT3mdu2OCg6O,memexlab.ai,memexlab.ai
1229,2026-09-21T09:13:52+00:00,on-device-ai-journal,https://vertexaisearch.cloud.google.com/grounding-api-redirect/AUZIYQHy3Cd8JrcaJy1P9l_sM7BiRctR7a_WZImoN-3CTeXO_ulTM9q-J8etAcnHr369PiVLy9oQ9ulzbV4E8chr7cFjueHpGuJjW1NZ35E01j91d9ZVBuYfZSz3p7-xIS8-Pkh-sajS3PDte92BOatYDQ==,ariv.one,ariv.one
1191,2026-09-21T09:13:52+00:00,voice-diary-app,https://vertexaisearch.cloud.google.com/grounding-api-redirect/AUZIYQE-Udq7P8UVTov6YOPVesRPSSswwBJMCdw8cICwJMu19Gdn5_WeMBCD9KJq0wnDdp6iwWAB9Jqz_n2PnbQXFuEAvOHjQAaKItXGTuwg6PmVCbEWX6Vx9COJIm3YRYX5zg3xkD1k9czJkpOBAChNvGttitRW3jt3kuckgKMx9NRIICPtGQD8VIyCVSSERBzn3x7N5ZtLlgPWIWKxuCkyF4D-8WI=,medium.com,medium.com
1206,2026-09-21T09:13:52+00:00,voice-diary-app,https://vertexaisearch.cloud.google.com/grounding-api-redirect/AUZIYQEBBnNFORa1vDvP3u_aZDRr6ZOS8gdWwWbgzgdmJMI2sEzV0q1gM-fB80lFBRtfVV-xGMcEt7XFSs3Q7x4McSicUc5wEqE3kd5zY7BSG61uQoUeonwKcLr3CZe5d30jHg1k1nE=,zapier.com,zapier.com
1201,2026-09-21T09:13:52+00:00,voice-diary-app,https://vertexaisearch.cloud.google.com/grounding-api-redirect/AUZIYQEE6t8mF34Na_0Y0eu0mIfUYYciWEoYm15Py9d64ajtyKLT1hi8jtEtFQE76swen5DSgNltCgN7-dXOOHVOPYFsk5k9Xi8lbao8pNqRy-8eYQLd9H39WBmOgIHe7z-e0LV494THrf4Jxd7U3SLkFfXAa-iAINo7LeXDemdOodQVGbw80GPd,google.com,google.com
1208,2026-09-21T09:13:52+00:00,voice-diary-app,https://vertexaisearch.cloud.google.com/grounding-api-redirect/AUZIYQEIDOUIYR-oAMxSX7tPE2VdzGUilcNNjXhnLf5o-SgHFDTpEre_17CJkaO8OizDshfQ3C3YFMTMUZemmsZFW_mRB6FrIiMfP9UpLH_GObyitWVsEdDY9ytimp1cNnzMgHWRCOl7ui1QOe5bEirfyQZHGQQJdg==,knowyourethos.com,knowyourethos.com
1197,2026-09-21T09:13:52+00:00,voice-diary-app,https://vertexaisearch.cloud.google.com/grounding-api-redirect/AUZIYQEIYVKlgIucD8cuOG_T4chG6oYx5LE7KtgCSty7Xp6hfY7K6GazFcqIV9HmYxHmkv2bomDxlLfpRkQQmu3W6cA9XRYHgra9IF33HNJ3mbilAwCMI4JB-qXfMtJ1VIYNVar4KNEdWq6ZyB6Ftc91gSx7QXOgrmlsl85HoxmWtH_KX5lO41BOEfZXcoXUFnbQXrKw,reddit.com,reddit.com
1193,2026-09-21T09:13:52+00:00,voice-diary-app,https://vertexaisearch.cloud.google.com/grounding-api-redirect/AUZIYQEZ55buRPmksDPMy05SX--UochvO-Gz0pSMMoPcys6r0_1xpj2B-PEfXYKIxsIqn2HvblpAYWi03Azds4cCHAOodD63HKYiPK6Xk8Wxghz4apMju-BhxPWioCxxnkrPuE_fF9a95yAcK5zMLYx2Ito7_NoDyrxBPqFBeZ_UuT5JxE_Q8Os=,google.com,google.com
1189,2026-09-21T09:13:52+00:00,voice-diary-app,https://vertexaisearch.cloud.google.com/grounding-api-redirect/AUZIYQEf3f8goV5iB_3KhmPJRvzKLosbduySf6brDlJPrxp_irZGr6ISl6pfv0sCXNinqEd-bx6YWMKAy_VSTP4rLXxaPftnph-07iaVC6GP2Q_D2EtF-jUUj82YrfdFa_mm-nNLpUWS6L8Ubcn1YEk=,lound.ai,lound.ai
1205,2026-09-21T09:13:52+00:00,voice-diary-app,https://vertexaisearch.cloud.google.com/grounding-api-redirect/AUZIYQFE8NGlTMD9zvy2mu9kl33HaSahYL-iwdVGpEzrfmS0tVWXN2CpgHDjac9EKh9pIZeHzlCApin58EvdkULcblUJo0e4qnJz_AvwRBpojI5a7jQzMcHIyzW0a5_Z-BlcwiuALQQRQlcLiWWF7YrQV0o=,journalinghabit.com,journalinghabit.com
1195,2026-09-21T09:13:52+00:00,voice-diary-app,https://vertexaisearch.cloud.google.com/grounding-api-redirect/AUZIYQFGBbUH9WZenRQPIo6bX9pYQIwu7rZGtGAh6ZFa9ShoRJQtg1RYF0EbHEVrstg0pOH6iXNrdaAKdo8aenY9ING3sZR-ypRKbAP4qz5FOLN1ONGLhj3-1oAn0Px4mTnHj4ZBm7UvTLw1yEHOBDZGgR31TiD3,knowyourethos.com,knowyourethos.com
1202,2026-09-21T09:13:52+00:00,voice-diary-app,https://vertexaisearch.cloud.google.com/grounding-api-redirect/AUZIYQFHfRIhEI2acs7-V-xIZVU02a4cd7ldOD3js41NbsBJh-TwjvaSdA2smww-o6j5zh6ogjvdQdC2ac1fZRBC0ipiz53L5_6uTuEc7_ZALLkZALL5ArGXKInKy5SoSDgXN-q08nulILNUE8kWthVK,speakwiseapp.com,speakwiseapp.com
1187,2026-09-21T09:13:52+00:00,voice-diary-app,https://vertexaisearch.cloud.google.com/grounding-api-redirect/AUZIYQFPEagkjim-V2ZviulhHPRY8yNAaQboco_8RFn6WrxOMryBtF7jLDfKut1qTyNVVnSvUV_hZE4E49iqInIXis4bzt-Hpzjm_27AQmVgtAikS3IkUwzuXZ_L0bDucupMasdxij8eoBT-hCX_d8mhG41kwW-87Bnpnorte55cDdGYBzcHWep7,google.com,google.com
1188,2026-09-21T09:13:52+00:00,voice-diary-app,https://vertexaisearch.cloud.google.com/grounding-api-redirect/AUZIYQG2gUhlv9ABAiHuyoMuBzUbibOsVJsvAVRjMhUSnyqqvMIInGa-FWQjPfqk-9ASwRPtsIrjCQmbtud9-zn8NtZ7ZCs32GG0c1R2BuHSrIeERQfxDhX3aIYYExP8SWg6KdxJR0rdGfzOVorkxzkHE2Bx4Zk9wYAfHROq8OGLMiuwl4DzJdB7TF6dh9Mmt27zp6hN-A==,reddit.com,reddit.com
1204,2026-09-21T09:13:52+00:00,voice-diary-app,https://vertexaisearch.cloud.google.com/grounding-api-redirect/AUZIYQGeTxQ-b7EZDbrOW2LfWDuJNwmVTKROaejYOyV66_gkzWUbiavbHRUj19Bu6s4UxjKEdNaGwZnf2n_1Dyi-u2MYEUVA4J5WP3Ke7LGpZpQxigFDKXUMtFTmkVzrbCt1IlhEhlXd5MoW57nFMNM=,lound.ai,lound.ai
1207,2026-09-21T09:13:52+00:00,voice-diary-app,https://vertexaisearch.cloud.google.com/grounding-api-redirect/AUZIYQGeTxQ-b7EZDbrOW2LfWDuJNwmVTKROaejYOyV66_gkzWUbiavbHRUj19Bu6s4UxjKEdNaGwZnf2n_1Dyi-u2MYEUVA4J5WP3Ke7LGpZpQxigFDKXUMtFTmkVzrbCt1IlhEhlXd5MoW57nFMNM=,lound.ai,lound.ai
1192,2026-09-21T09:13:52+00:00,voice-diary-app,https://vertexaisearch.cloud.google.com/grounding-api-redirect/AUZIYQGmKm_BJ_l1mHmQqKiODtp0Cjv_T3hhw7qJURqvU2UMvqzsuDS9M7vLW65ynU6o8MDOdrqb575e2YW4UaDBAzcaT4pJ4Mk6NoxtIaXlvRShRZWTjQ8DEY-tDrajPwnAp4GF0jB0Yw-LrigqWoOu,speakwiseapp.com,speakwiseapp.com
1194,2026-09-21T09:13:52+00:00,voice-diary-app,https://vertexaisearch.cloud.google.com/grounding-api-redirect/AUZIYQH4kzqaSGxnJM__r8OE3XdgOsKlUNh6F7eO-QcnPgfouZc_bFjCErTFdQ0qx6oOntIv27I-S26XAUJhcFcyOL7xjdUoZYC94mA0EyAo-bc8mopaw2wZ1PFqn9X_5-15-lO2JDRGoBijcIX-gBA=,speakwiseapp.com,speakwiseapp.com
1200,2026-09-21T09:13:52+00:00,voice-diary-app,https://vertexaisearch.cloud.google.com/grounding-api-redirect/AUZIYQHO6DvVdabvGloWERvOk7ySS0KXFKwc_7UCvZtGMdavMyN1kulPv7tTxFzR2PTyrgcAHo1vW8VQY8PhXe1Po7G7TJvab_Y9kl4jsx5fHhVd66iT-SyWmehIZAx4NrnXJGgiFNcI2xjKTjDAo415kX4=,vowise.com,vowise.com
1203,2026-09-21T09:13:52+00:00,voice-diary-app,https://vertexaisearch.cloud.google.com/grounding-api-redirect/AUZIYQHOvntZixWFAtChm87s7rMfUmomq38f9hB11IjIO3xBkrFcZuQoaYp-0akUmHRRj_t9rnfENpaOpCUZZJQkz3WobrdqkJJvJ9GHXz0i9tjowQjjpRCZYSi3EdWC2U7Y6DXSz14PpN7clmJhrArbNScsIFHe7pWeIWQTqUiXDxGRJNpRRf-UTYtktC7lzWiahbH-oQ==,reddit.com,reddit.com
1198,2026-09-21T09:13:52+00:00,voice-diary-app,https://vertexaisearch.cloud.google.com/grounding-api-redirect/AUZIYQHQqH3dRnczkvm7tCkvj5_HD-xaWpa22Tdr9JQ0rLOA11SxaynQQBP_36apJiwbzmC0-seFTfir_vYT8bJqE-sQlKSLtiuFv6ZJI7z4KK22lKyTQWBBa5P9Zk3VH7ldaAYgNJurvZMMoPIkR-HySYNc3cpR0m6foIqbXGW0jea7njn-_9fRpiFV6aT429UMphmCr-ovSTmULFT2-_OT8t_aYA==,medium.com,medium.com
1199,2026-09-21T09:13:52+00:00,voice-diary-app,https://vertexaisearch.cloud.google.com/grounding-api-redirect/AUZIYQHW8QLlqJOfbtad3SZJQNXcxydDhPCFaEfqYIrqQ-G2XTapwPdq5iQDQkUWrynlrYGYOVR6j6FzIpWpfqeCIX0ORo7Je1xPPBS4wv5w7c-RV4pRLlKYv3LCMzlQIYKYwY-G6HZQK432PWT6o54fULux,dayora.ai,dayora.ai
1190,2026-09-21T09:13:52+00:00,voice-diary-app,https://vertexaisearch.cloud.google.com/grounding-api-redirect/AUZIYQHoLcKI6Qbv33VziJbZfFfMrcu-VuS2h6fGXBELcKtoBc1Kcz2ID6ziKBnhAT1Y2BvciWFf03ns3DdnfzFTpsnNq61nB-fxgPnjQrmJ_KiRuve6leDxI0sMJW7ncTd7Fg7yqONrAWsfg7Uj1-YeXvNxFYCVKJbCU6d8,journalinghabit.com,journalinghabit.com
1196,2026-09-21T09:13:52+00:00,voice-diary-app,https://vertexaisearch.cloud.google.com/grounding-api-redirect/AUZIYQHrSxgrDehTvZnhPHzMLU-yw8qAl5T6rLBC_FIH71luc3qpcdA893i8PQp9e4GBmXFALtDbSIU5UdbqeeqozelyAxrcG0JDrhcMyCRlWtODOy1nrwBOIQSZrKnRaIfQp9gdk7NzuJXzgV0MD3W9Tw==,journalinghabit.com,journalinghabit.com
