date,page,clicks,impressions,ctr,position
2026-03-15,https://getdailyvox.com/,1.0,1.0,1.0,1.0
2026-03-16,https://getdailyvox.com/,0.0,3.0,0.0,1.0
2026-03-18,https://getdailyvox.com/,0.0,1.0,0.0,11.0
2026-03-18,https://getdailyvox.com/blog/what-is-a-digital-twin,0.0,1.0,0.0,76.0
2026-03-18,https://getdailyvox.com/blog/why-your-journal-app-shouldnt-need-internet,0.0,3.0,0.0,6.666666666666667
2026-03-19,https://getdailyvox.com/,0.0,10.0,0.0,1.7
2026-03-19,https://getdailyvox.com/blog,0.0,9.0,0.0,3.7777777777777777
2026-03-19,https://getdailyvox.com/blog/dailyvox-vs-apple-journal,0.0,4.0,0.0,3.25
2026-03-19,https://getdailyvox.com/blog/how-to-journal-for-sleep,0.0,2.0,0.0,4.5
2026-03-19,https://getdailyvox.com/blog/voice-journal-for-dyslexia,0.0,2.0,0.0,3.5
2026-03-19,https://getdailyvox.com/blog/voice-journal-for-runners,0.0,1.0,0.0,4.0
2026-03-19,https://getdailyvox.com/blog/what-is-a-digital-twin,0.0,3.0,0.0,9.0
2026-03-19,https://getdailyvox.com/blog/why-your-journal-app-shouldnt-need-internet,0.0,8.0,0.0,5.625
2026-03-20,https://getdailyvox.com/,0.0,1.0,0.0,3.0
2026-03-20,https://getdailyvox.com/blog/how-to-journal-for-sleep,0.0,2.0,0.0,40.0
2026-03-20,https://getdailyvox.com/blog/what-is-a-digital-twin,0.0,6.0,0.0,4.166666666666666
2026-03-20,https://getdailyvox.com/blog/why-your-journal-app-shouldnt-need-internet,0.0,1.0,0.0,2.0
2026-03-21,https://getdailyvox.com/blog,0.0,2.0,0.0,3.0
2026-03-21,https://getdailyvox.com/blog/dailyvox-vs-apple-journal,0.0,1.0,0.0,3.0
2026-03-21,https://getdailyvox.com/blog/voice-journal-for-runners,0.0,1.0,0.0,2.0
2026-03-21,https://getdailyvox.com/blog/what-is-a-digital-twin,0.0,2.0,0.0,9.0
2026-03-21,https://getdailyvox.com/blog/why-your-journal-app-shouldnt-need-internet,0.0,5.0,0.0,6.6
2026-03-22,https://getdailyvox.com/blog,0.0,1.0,0.0,5.0
2026-03-22,https://getdailyvox.com/blog/what-is-a-digital-twin,0.0,5.0,0.0,8.2
2026-03-22,https://getdailyvox.com/blog/why-your-journal-app-shouldnt-need-internet,0.0,4.0,0.0,9.0
2026-03-23,https://getdailyvox.com/,0.0,4.0,0.0,6.75
2026-03-23,https://getdailyvox.com/blog,0.0,3.0,0.0,10.666666666666666
2026-03-23,https://getdailyvox.com/blog/what-is-a-digital-twin,0.0,2.0,0.0,5.0
2026-03-23,https://getdailyvox.com/blog/why-your-journal-app-shouldnt-need-internet,0.0,1.0,0.0,8.0
2026-03-24,https://getdailyvox.com/,0.0,5.0,0.0,1.0
2026-03-24,https://getdailyvox.com/blog,0.0,3.0,0.0,4.333333333333334
2026-03-24,https://getdailyvox.com/blog/dailyvox-vs-apple-journal,0.0,2.0,0.0,4.5
2026-03-24,https://getdailyvox.com/blog/voice-journal-for-dyslexia,0.0,2.0,0.0,4.0
2026-03-24,https://getdailyvox.com/blog/voice-journal-for-runners,0.0,2.0,0.0,5.5
2026-03-24,https://getdailyvox.com/blog/what-is-a-digital-twin,0.0,3.0,0.0,4.666666666666666
2026-03-24,https://getdailyvox.com/blog/why-your-journal-app-shouldnt-need-internet,0.0,8.0,0.0,4.625
2026-03-25,https://getdailyvox.com/,0.0,12.0,0.0,1.75
2026-03-25,https://getdailyvox.com/blog,0.0,4.0,0.0,2.5
2026-03-25,https://getdailyvox.com/blog/dailyvox-vs-apple-journal,0.0,3.0,0.0,4.0
2026-03-25,https://getdailyvox.com/blog/journal-app-privacy-comparison,0.0,1.0,0.0,7.0
2026-03-25,https://getdailyvox.com/blog/what-is-a-digital-twin,0.0,4.0,0.0,7.0
2026-03-25,https://getdailyvox.com/blog/why-your-journal-app-shouldnt-need-internet,0.0,9.0,0.0,7.0
2026-03-26,https://getdailyvox.com/,0.0,8.0,0.0,1.0
2026-03-26,https://getdailyvox.com/blog,0.0,8.0,0.0,4.5
2026-03-26,https://getdailyvox.com/blog/dailyvox-vs-apple-journal,0.0,7.0,0.0,9.142857142857142
2026-03-26,https://getdailyvox.com/blog/how-to-journal-for-sleep,0.0,1.0,0.0,16.0
2026-03-26,https://getdailyvox.com/blog/journal-app-privacy-comparison,0.0,5.0,0.0,10.6
2026-03-26,https://getdailyvox.com/blog/voice-journal-for-dyslexia,0.0,1.0,0.0,20.0
2026-03-26,https://getdailyvox.com/blog/voice-journal-for-runners,0.0,1.0,0.0,18.0
2026-03-26,https://getdailyvox.com/blog/what-is-a-digital-twin,0.0,7.0,0.0,6.714285714285714
2026-03-26,https://getdailyvox.com/blog/why-your-journal-app-shouldnt-need-internet,0.0,3.0,0.0,9.0
2026-03-27,https://getdailyvox.com/,0.0,4.0,0.0,1.0
2026-03-27,https://getdailyvox.com/blog,0.0,5.0,0.0,11.6
2026-03-27,https://getdailyvox.com/blog/dailyvox-vs-apple-journal,0.0,4.0,0.0,9.0
2026-03-27,https://getdailyvox.com/blog/how-to-journal-for-sleep,0.0,3.0,0.0,8.666666666666668
2026-03-27,https://getdailyvox.com/blog/journal-app-privacy-comparison,0.0,12.0,0.0,5.666666666666667
2026-03-27,https://getdailyvox.com/blog/voice-journal-for-dyslexia,0.0,1.0,0.0,19.0
2026-03-27,https://getdailyvox.com/blog/voice-journal-for-runners,0.0,1.0,0.0,17.0
2026-03-27,https://getdailyvox.com/blog/what-is-a-digital-twin,0.0,5.0,0.0,5.4
2026-03-27,https://getdailyvox.com/blog/why-your-journal-app-shouldnt-need-internet,0.0,2.0,0.0,11.5
2026-03-28,https://getdailyvox.com/,1.0,9.0,0.1111111111111111,1.6666666666666665
2026-03-28,https://getdailyvox.com/blog,0.0,9.0,0.0,3.4444444444444446
2026-03-28,https://getdailyvox.com/blog/dailyvox-vs-apple-journal,0.0,7.0,0.0,9.0
2026-03-28,https://getdailyvox.com/blog/how-to-journal-for-sleep,0.0,1.0,0.0,1.0
2026-03-28,https://getdailyvox.com/blog/journal-app-privacy-comparison,0.0,8.0,0.0,5.875
2026-03-28,https://getdailyvox.com/blog/what-is-a-digital-twin,0.0,8.0,0.0,5.625
2026-03-28,https://getdailyvox.com/blog/why-your-journal-app-shouldnt-need-internet,0.0,2.0,0.0,3.5
2026-03-29,https://getdailyvox.com/,0.0,9.0,0.0,1.8888888888888888
2026-03-29,https://getdailyvox.com/blog,0.0,9.0,0.0,4.666666666666666
2026-03-29,https://getdailyvox.com/blog/dailyvox-vs-apple-journal,0.0,8.0,0.0,8.25
2026-03-29,https://getdailyvox.com/blog/how-to-journal-for-sleep,0.0,1.0,0.0,13.0
2026-03-29,https://getdailyvox.com/blog/journal-app-privacy-comparison,0.0,2.0,0.0,13.5
2026-03-29,https://getdailyvox.com/blog/voice-journal-for-dyslexia,0.0,1.0,0.0,15.0
2026-03-29,https://getdailyvox.com/blog/voice-journal-for-runners,0.0,1.0,0.0,14.0
2026-03-29,https://getdailyvox.com/blog/what-is-a-digital-twin,0.0,9.0,0.0,5.111111111111111
2026-03-29,https://getdailyvox.com/blog/why-your-journal-app-shouldnt-need-internet,0.0,1.0,0.0,9.0
2026-03-30,https://getdailyvox.com/,1.0,12.0,0.08333333333333333,1.75
2026-03-30,https://getdailyvox.com/blog,0.0,9.0,0.0,4.222222222222222
2026-03-30,https://getdailyvox.com/blog/dailyvox-vs-apple-journal,0.0,9.0,0.0,9.11111111111111
2026-03-30,https://getdailyvox.com/blog/how-to-journal-for-sleep,0.0,2.0,0.0,6.0
2026-03-30,https://getdailyvox.com/blog/journal-app-privacy-comparison,0.0,5.0,0.0,10.0
2026-03-30,https://getdailyvox.com/blog/voice-journal-for-dyslexia,0.0,1.0,0.0,16.0
2026-03-30,https://getdailyvox.com/blog/voice-journal-for-runners,0.0,1.0,0.0,15.0
2026-03-30,https://getdailyvox.com/blog/what-is-a-digital-twin,0.0,9.0,0.0,5.111111111111111
2026-03-31,https://getdailyvox.com/,0.0,3.0,0.0,4.666666666666666
2026-03-31,https://getdailyvox.com/blog,0.0,3.0,0.0,3.0
2026-03-31,https://getdailyvox.com/blog/dailyvox-vs-apple-journal,0.0,2.0,0.0,9.0
2026-03-31,https://getdailyvox.com/blog/how-to-journal-for-sleep,0.0,5.0,0.0,2.2
2026-03-31,https://getdailyvox.com/blog/journal-app-privacy-comparison,0.0,4.0,0.0,7.75
2026-03-31,https://getdailyvox.com/blog/what-is-a-digital-twin,0.0,2.0,0.0,6.5
2026-04-01,https://getdailyvox.com/,0.0,5.0,0.0,5.2
2026-04-01,https://getdailyvox.com/blog,0.0,1.0,0.0,3.0
2026-04-01,https://getdailyvox.com/blog/dailyvox-vs-apple-journal,0.0,1.0,0.0,9.0
2026-04-01,https://getdailyvox.com/blog/journal-app-privacy-comparison,0.0,5.0,0.0,5.8
2026-04-01,https://getdailyvox.com/blog/what-is-a-digital-twin,0.0,2.0,0.0,4.0
2026-04-02,https://getdailyvox.com/,0.0,4.0,0.0,1.0
2026-04-02,https://getdailyvox.com/blog,0.0,4.0,0.0,3.0
2026-04-02,https://getdailyvox.com/blog/dailyvox-vs-apple-journal,0.0,4.0,0.0,10.25
2026-04-02,https://getdailyvox.com/blog/journal-app-privacy-comparison,0.0,3.0,0.0,10.0
2026-04-02,https://getdailyvox.com/blog/what-is-a-digital-twin,0.0,7.0,0.0,5.857142857142857
2026-04-03,https://getdailyvox.com/,1.0,6.0,0.16666666666666666,1.0
2026-04-03,https://getdailyvox.com/blog,0.0,4.0,0.0,4.5
2026-04-03,https://getdailyvox.com/blog/dailyvox-vs-apple-journal,0.0,4.0,0.0,8.25
2026-04-03,https://getdailyvox.com/blog/journal-app-privacy-comparison,0.0,5.0,0.0,4.2
2026-04-03,https://getdailyvox.com/blog/what-is-a-digital-twin,0.0,3.0,0.0,6.333333333333333
2026-04-03,https://getdailyvox.com/blog/why-your-journal-app-shouldnt-need-internet,0.0,1.0,0.0,10.0
2026-04-04,https://getdailyvox.com/,1.0,8.0,0.125,2.5
2026-04-04,https://getdailyvox.com/blog,0.0,4.0,0.0,2.0
2026-04-04,https://getdailyvox.com/blog/dailyvox-vs-apple-journal,0.0,5.0,0.0,8.4
2026-04-04,https://getdailyvox.com/blog/how-to-journal-for-sleep,0.0,1.0,0.0,1.0
2026-04-04,https://getdailyvox.com/blog/journal-app-privacy-comparison,0.0,3.0,0.0,7.0
2026-04-04,https://getdailyvox.com/blog/voice-journal-for-dyslexia,0.0,1.0,0.0,10.0
2026-04-04,https://getdailyvox.com/blog/what-is-a-digital-twin,0.0,9.0,0.0,5.222222222222222
2026-04-05,https://getdailyvox.com/,0.0,11.0,0.0,1.0
2026-04-05,https://getdailyvox.com/blog,0.0,11.0,0.0,5.454545454545454
2026-04-05,https://getdailyvox.com/blog/dailyvox-vs-apple-journal,0.0,11.0,0.0,9.0
2026-04-05,https://getdailyvox.com/blog/how-to-journal-for-sleep,0.0,3.0,0.0,7.333333333333333
2026-04-05,https://getdailyvox.com/blog/journal-app-privacy-comparison,0.0,6.0,0.0,5.0
2026-04-05,https://getdailyvox.com/blog/voice-journal-for-dyslexia,0.0,1.0,0.0,2.0
2026-04-05,https://getdailyvox.com/blog/what-is-a-digital-twin,0.0,10.0,0.0,3.4
2026-04-06,https://getdailyvox.com/,0.0,13.0,0.0,2.4615384615384617
2026-04-06,https://getdailyvox.com/blog,0.0,7.0,0.0,2.428571428571429
2026-04-06,https://getdailyvox.com/blog/ai-mood-prediction-vs-tracking,0.0,1.0,0.0,2.0
2026-04-06,https://getdailyvox.com/blog/dailyvox-vs-apple-journal,0.0,6.0,0.0,6.666666666666667
2026-04-06,https://getdailyvox.com/blog/how-to-journal-for-sleep,0.0,1.0,0.0,14.0
2026-04-06,https://getdailyvox.com/blog/journal-app-privacy-comparison,0.0,2.0,0.0,11.5
2026-04-06,https://getdailyvox.com/blog/voice-journal-for-dyslexia,0.0,2.0,0.0,10.0
2026-04-06,https://getdailyvox.com/blog/what-is-a-digital-twin,0.0,2.0,0.0,4.0
2026-04-07,https://getdailyvox.com/,0.0,4.0,0.0,1.0
2026-04-07,https://getdailyvox.com/blog,0.0,3.0,0.0,4.333333333333334
2026-04-07,https://getdailyvox.com/blog/ai-mood-prediction-vs-tracking,0.0,1.0,0.0,6.0
2026-04-07,https://getdailyvox.com/blog/how-to-journal-for-sleep,0.0,3.0,0.0,8.666666666666668
2026-04-07,https://getdailyvox.com/blog/journal-app-privacy-comparison,0.0,5.0,0.0,9.2
2026-04-07,https://getdailyvox.com/blog/talk-to-your-past-self-digital-twin,0.0,2.0,0.0,9.0
2026-04-07,https://getdailyvox.com/blog/voice-journal-for-dyslexia,0.0,2.0,0.0,9.0
2026-04-07,https://getdailyvox.com/blog/what-is-a-digital-twin,0.0,6.0,0.0,3.8333333333333335
2026-04-07,https://getdailyvox.com/blog/why-your-journal-app-shouldnt-need-internet,0.0,1.0,0.0,6.0
2026-04-08,https://getdailyvox.com/,0.0,11.0,0.0,1.1818181818181819
2026-04-08,https://getdailyvox.com/blog,0.0,6.0,0.0,5.5
2026-04-08,https://getdailyvox.com/blog/ai-mood-prediction-vs-tracking,0.0,2.0,0.0,6.5
2026-04-08,https://getdailyvox.com/blog/journal-app-privacy-comparison,0.0,4.0,0.0,7.75
2026-04-08,https://getdailyvox.com/blog/voice-journal-for-dyslexia,0.0,3.0,0.0,10.0
2026-04-08,https://getdailyvox.com/blog/what-is-a-digital-twin,0.0,4.0,0.0,2.75
2026-04-08,https://getdailyvox.com/compare,0.0,3.0,0.0,9.0
2026-04-09,https://getdailyvox.com/,0.0,3.0,0.0,1.0
2026-04-09,https://getdailyvox.com/blog,0.0,2.0,0.0,9.0
2026-04-09,https://getdailyvox.com/blog/ai-mood-prediction-vs-tracking,0.0,5.0,0.0,8.8
2026-04-09,https://getdailyvox.com/blog/journal-app-privacy-comparison,0.0,4.0,0.0,3.5
2026-04-09,https://getdailyvox.com/blog/voice-journal-for-dyslexia,0.0,1.0,0.0,10.0
2026-04-09,https://getdailyvox.com/blog/what-is-a-digital-twin,0.0,3.0,0.0,5.666666666666667
2026-04-09,https://getdailyvox.com/faq,0.0,3.0,0.0,4.666666666666666
2026-04-09,https://getdailyvox.com/journal-app-comparison,0.0,4.0,0.0,9.75
2026-04-10,https://getdailyvox.com/,0.0,4.0,0.0,1.0
2026-04-10,https://getdailyvox.com/blog,0.0,4.0,0.0,7.5
2026-04-10,https://getdailyvox.com/blog/ai-mood-prediction-vs-tracking,0.0,3.0,0.0,12.333333333333334
2026-04-10,https://getdailyvox.com/blog/dailyvox-vs-apple-journal,0.0,1.0,0.0,20.0
2026-04-10,https://getdailyvox.com/blog/dailyvox-vs-stoic,0.0,1.0,0.0,18.0
2026-04-10,https://getdailyvox.com/blog/journal-app-privacy-comparison,0.0,1.0,0.0,23.0
2026-04-10,https://getdailyvox.com/blog/voice-journal-for-dyslexia,0.0,3.0,0.0,10.666666666666666
2026-04-10,https://getdailyvox.com/blog/voice-journal-for-runners,0.0,1.0,0.0,16.0
2026-04-10,https://getdailyvox.com/blog/what-is-a-digital-twin,0.0,4.0,0.0,2.75
2026-04-10,https://getdailyvox.com/blog/why-your-journal-app-shouldnt-need-internet,0.0,2.0,0.0,5.0
2026-04-10,https://getdailyvox.com/compare,0.0,1.0,0.0,17.0
2026-04-10,https://getdailyvox.com/faq,0.0,4.0,0.0,5.0
2026-04-10,https://getdailyvox.com/for/therapists,0.0,1.0,0.0,19.0
2026-04-10,https://getdailyvox.com/glossary,0.0,1.0,0.0,21.0
2026-04-10,https://getdailyvox.com/journal-app-comparison,0.0,9.0,0.0,22.0
2026-04-11,https://getdailyvox.com/,0.0,1.0,0.0,1.0
2026-04-11,https://getdailyvox.com/blog,0.0,1.0,0.0,9.0
2026-04-11,https://getdailyvox.com/blog/ai-mood-prediction-vs-tracking,0.0,2.0,0.0,8.5
2026-04-11,https://getdailyvox.com/blog/journal-app-privacy-comparison,0.0,1.0,0.0,11.0
2026-04-11,https://getdailyvox.com/blog/what-is-a-digital-twin,0.0,1.0,0.0,2.0
2026-04-11,https://getdailyvox.com/faq,0.0,1.0,0.0,6.0
2026-04-11,https://getdailyvox.com/journal-app-comparison,0.0,2.0,0.0,41.5
2026-04-12,https://getdailyvox.com/,0.0,10.0,0.0,1.5
2026-04-12,https://getdailyvox.com/blog,0.0,5.0,0.0,8.6
2026-04-12,https://getdailyvox.com/blog/dailyvox-vs-stoic,0.0,1.0,0.0,9.0
2026-04-12,https://getdailyvox.com/blog/journal-app-privacy-comparison,0.0,4.0,0.0,6.75
2026-04-12,https://getdailyvox.com/blog/voice-journal-for-dyslexia,0.0,2.0,0.0,10.0
2026-04-12,https://getdailyvox.com/blog/what-is-a-digital-twin,0.0,7.0,0.0,3.857142857142857
2026-04-12,https://getdailyvox.com/blog/why-your-journal-app-shouldnt-need-internet,0.0,1.0,0.0,8.0
2026-04-12,https://getdailyvox.com/faq,0.0,9.0,0.0,9.88888888888889
2026-04-12,https://getdailyvox.com/for/phd-students-anger-management,0.0,1.0,0.0,2.0
2026-04-12,https://getdailyvox.com/for/phd-students-health-diagnosis,0.0,1.0,0.0,2.0
2026-04-12,https://getdailyvox.com/for/truck-drivers-goal-setting,0.0,1.0,0.0,10.0
2026-04-12,https://getdailyvox.com/journal-app-comparison,0.0,4.0,0.0,44.5
2026-04-13,https://getdailyvox.com/,0.0,5.0,0.0,1.2
2026-04-13,https://getdailyvox.com/blog,0.0,4.0,0.0,5.0
2026-04-13,https://getdailyvox.com/blog/ai-mood-prediction-vs-tracking,0.0,1.0,0.0,35.0
2026-04-13,https://getdailyvox.com/blog/dailyvox-vs-apple-journal,0.0,1.0,0.0,20.0
2026-04-13,https://getdailyvox.com/blog/dailyvox-vs-stoic,0.0,2.0,0.0,13.5
2026-04-13,https://getdailyvox.com/blog/journal-app-privacy-comparison,0.0,3.0,0.0,21.0
2026-04-13,https://getdailyvox.com/blog/voice-journal-for-dyslexia,0.0,4.0,0.0,10.25
2026-04-13,https://getdailyvox.com/blog/voice-journal-for-runners,0.0,1.0,0.0,43.0
2026-04-13,https://getdailyvox.com/blog/what-is-a-digital-twin,0.0,2.0,0.0,18.0
2026-04-13,https://getdailyvox.com/blog/why-your-journal-app-shouldnt-need-internet,0.0,2.0,0.0,7.0
2026-04-13,https://getdailyvox.com/compare,0.0,1.0,0.0,12.0
2026-04-13,https://getdailyvox.com/faq,1.0,5.0,0.2,1.6
2026-04-13,https://getdailyvox.com/for/accountants-after-therapy,0.0,1.0,0.0,37.0
2026-04-13,https://getdailyvox.com/for/ceos-before-bed,0.0,1.0,0.0,27.0
2026-04-13,https://getdailyvox.com/for/coaches-anger-management,0.0,1.0,0.0,28.0
2026-04-13,https://getdailyvox.com/for/coaches-gratitude-practice,0.0,1.0,0.0,31.0
2026-04-13,https://getdailyvox.com/for/coaches-morning-routine,0.0,1.0,0.0,24.0
2026-04-13,https://getdailyvox.com/for/designers-anger-management,0.0,1.0,0.0,40.0
2026-04-13,https://getdailyvox.com/for/designers-sobriety-journal,0.0,1.0,0.0,19.0
2026-04-13,https://getdailyvox.com/for/developers-goal-setting,0.0,3.0,0.0,6.0
2026-04-13,https://getdailyvox.com/for/firefighters-before-bed,0.0,1.0,0.0,32.0
2026-04-13,https://getdailyvox.com/for/high-school-students-goal-setting,0.0,1.0,0.0,39.0
2026-04-13,https://getdailyvox.com/for/phd-students-anger-management,0.0,1.0,0.0,36.0
2026-04-13,https://getdailyvox.com/for/phd-students-health-diagnosis,0.0,1.0,0.0,34.0
2026-04-13,https://getdailyvox.com/for/psychologists-morning-routine,0.0,1.0,0.0,33.0
2026-04-13,https://getdailyvox.com/for/real-estate-agents-before-bed,0.0,1.0,0.0,38.0
2026-04-13,https://getdailyvox.com/for/restaurant-workers-after-therapy,0.0,1.0,0.0,30.0
2026-04-13,https://getdailyvox.com/for/seniors-creative-block,0.0,1.0,0.0,21.0
2026-04-13,https://getdailyvox.com/for/single-parents-health-diagnosis,0.0,1.0,0.0,42.0
2026-04-13,https://getdailyvox.com/for/therapists,0.0,1.0,0.0,4.0
2026-04-13,https://getdailyvox.com/for/therapists-meditation-alternative,0.0,1.0,0.0,41.0
2026-04-13,https://getdailyvox.com/for/truck-drivers-during-commute,0.0,1.0,0.0,25.0
2026-04-13,https://getdailyvox.com/glossary,0.0,2.0,0.0,8.0
2026-04-13,https://getdailyvox.com/in/ranchi,0.0,1.0,0.0,23.0
2026-04-13,https://getdailyvox.com/in/sioux-falls,0.0,1.0,0.0,22.0
2026-04-13,https://getdailyvox.com/journal-app-comparison,0.0,7.0,0.0,28.0
2026-04-14,https://getdailyvox.com/,1.0,8.0,0.125,1.0
2026-04-14,https://getdailyvox.com/blog,0.0,4.0,0.0,8.75
2026-04-14,https://getdailyvox.com/blog/dailyvox-vs-stoic,0.0,4.0,0.0,11.25
2026-04-14,https://getdailyvox.com/blog/journal-app-privacy-comparison,0.0,1.0,0.0,6.0
2026-04-14,https://getdailyvox.com/blog/voice-journal-for-dyslexia,0.0,2.0,0.0,5.0
2026-04-14,https://getdailyvox.com/blog/what-is-a-digital-twin,0.0,7.0,0.0,4.428571428571429
2026-04-14,https://getdailyvox.com/blog/why-your-journal-app-shouldnt-need-internet,0.0,1.0,0.0,12.0
2026-04-14,https://getdailyvox.com/faq,0.0,7.0,0.0,5.428571428571429
2026-04-14,https://getdailyvox.com/for/phd-students-health-diagnosis,0.0,1.0,0.0,2.0
2026-04-14,https://getdailyvox.com/glossary,0.0,2.0,0.0,11.0
2026-04-14,https://getdailyvox.com/in/ranchi,0.0,1.0,0.0,5.0
2026-04-14,https://getdailyvox.com/journal-app-comparison,0.0,3.0,0.0,52.333333333333336
2026-04-15,https://getdailyvox.com/,1.0,4.0,0.25,3.0
2026-04-15,https://getdailyvox.com/blog,0.0,3.0,0.0,26.0
2026-04-15,https://getdailyvox.com/blog/journal-app-privacy-comparison,0.0,3.0,0.0,7.0
2026-04-15,https://getdailyvox.com/blog/voice-journal-for-dyslexia,0.0,1.0,0.0,5.0
2026-04-15,https://getdailyvox.com/blog/what-is-a-digital-twin,0.0,2.0,0.0,3.5
2026-04-15,https://getdailyvox.com/faq,0.0,2.0,0.0,5.0
2026-04-15,https://getdailyvox.com/for/truck-drivers-goal-setting,0.0,1.0,0.0,3.0
2026-04-15,https://getdailyvox.com/journal-app-comparison,0.0,9.0,0.0,22.11111111111111
2026-04-16,https://getdailyvox.com/,0.0,8.0,0.0,1.25
2026-04-16,https://getdailyvox.com/alternative/bearable,0.0,2.0,0.0,10.0
2026-04-16,https://getdailyvox.com/blog,0.0,7.0,0.0,7.571428571428571
2026-04-16,https://getdailyvox.com/blog/dailyvox-vs-apple-journal,0.0,1.0,0.0,24.0
2026-04-16,https://getdailyvox.com/blog/dailyvox-vs-stoic,0.0,1.0,0.0,31.0
2026-04-16,https://getdailyvox.com/blog/journal-app-privacy-comparison,0.0,3.0,0.0,14.666666666666666
2026-04-16,https://getdailyvox.com/blog/voice-journal-for-dyslexia,0.0,1.0,0.0,16.0
2026-04-16,https://getdailyvox.com/blog/voice-journal-for-runners,0.0,1.0,0.0,27.0
2026-04-16,https://getdailyvox.com/blog/what-is-a-digital-twin,0.0,5.0,0.0,3.2
2026-04-16,https://getdailyvox.com/compare,0.0,4.0,0.0,28.25
2026-04-16,https://getdailyvox.com/faq,0.0,10.0,0.0,4.4
2026-04-16,https://getdailyvox.com/for/accountants-grief-processing,0.0,1.0,0.0,33.0
2026-04-16,https://getdailyvox.com/for/ceos-before-bed,0.0,1.0,0.0,26.0
2026-04-16,https://getdailyvox.com/for/coaches-gratitude-practice,0.0,1.0,0.0,38.0
2026-04-16,https://getdailyvox.com/for/coaches-meditation-alternative,0.0,1.0,0.0,35.0
2026-04-16,https://getdailyvox.com/for/dentists-burnout-recovery,0.0,1.0,0.0,22.0
2026-04-16,https://getdailyvox.com/for/designers-sobriety-journal,0.0,1.0,0.0,21.0
2026-04-16,https://getdailyvox.com/for/developers-goal-setting,0.0,1.0,0.0,18.0
2026-04-16,https://getdailyvox.com/for/phd-students-health-diagnosis,0.0,1.0,0.0,23.0
2026-04-16,https://getdailyvox.com/for/restaurant-workers-after-therapy,0.0,1.0,0.0,30.0
2026-04-16,https://getdailyvox.com/for/shift-workers-before-bed,0.0,1.0,0.0,29.0
2026-04-16,https://getdailyvox.com/for/single-parents-health-diagnosis,0.0,1.0,0.0,37.0
2026-04-16,https://getdailyvox.com/for/therapists,0.0,2.0,0.0,17.5
2026-04-16,https://getdailyvox.com/for/veterinarians-goal-setting,0.0,1.0,0.0,36.0
2026-04-16,https://getdailyvox.com/glossary,0.0,1.0,0.0,32.0
2026-04-16,https://getdailyvox.com/in/guangzhou,0.0,2.0,0.0,15.5
2026-04-16,https://getdailyvox.com/journal-app-comparison,0.0,10.0,0.0,22.5
2026-04-17,https://getdailyvox.com/,1.0,6.0,0.16666666666666666,1.1666666666666667
2026-04-17,https://getdailyvox.com/alternative/bearable,0.0,2.0,0.0,9.0
2026-04-17,https://getdailyvox.com/blog,0.0,3.0,0.0,6.333333333333333
2026-04-17,https://getdailyvox.com/blog/journal-app-privacy-comparison,0.0,1.0,0.0,8.0
2026-04-17,https://getdailyvox.com/blog/voice-journal-for-dyslexia,0.0,2.0,0.0,8.0
2026-04-17,https://getdailyvox.com/blog/what-is-a-digital-twin,0.0,3.0,0.0,6.0
2026-04-17,https://getdailyvox.com/compare,0.0,3.0,0.0,8.333333333333332
2026-04-17,https://getdailyvox.com/faq,1.0,3.0,0.3333333333333333,4.0
2026-04-17,https://getdailyvox.com/journal-app-comparison,0.0,4.0,0.0,44.0
2026-04-18,https://getdailyvox.com/,1.0,4.0,0.25,1.75
2026-04-18,https://getdailyvox.com/blog,0.0,2.0,0.0,7.0
2026-04-18,https://getdailyvox.com/blog/what-is-a-digital-twin,0.0,2.0,0.0,11.0
2026-04-18,https://getdailyvox.com/compare,0.0,1.0,0.0,5.0
2026-04-18,https://getdailyvox.com/faq,0.0,3.0,0.0,3.0
2026-04-18,https://getdailyvox.com/for/college-students-after-therapy,0.0,1.0,0.0,7.0
2026-04-18,https://getdailyvox.com/for/therapists,0.0,1.0,0.0,20.0
2026-04-18,https://getdailyvox.com/journal-app-comparison,0.0,7.0,0.0,36.57142857142857
2026-04-19,https://getdailyvox.com/,0.0,2.0,0.0,6.5
2026-04-19,https://getdailyvox.com/blog/dailyvox-vs-stoic,0.0,1.0,0.0,9.0
2026-04-19,https://getdailyvox.com/blog/journal-app-privacy-comparison,0.0,2.0,0.0,11.0
2026-04-19,https://getdailyvox.com/journal-app-comparison,0.0,8.0,0.0,33.875
2026-04-20,https://getdailyvox.com/,0.0,2.0,0.0,2.0
2026-04-20,https://getdailyvox.com/alternative/bearable,0.0,2.0,0.0,12.5
2026-04-20,https://getdailyvox.com/blog,0.0,2.0,0.0,11.0
2026-04-20,https://getdailyvox.com/blog/dailyvox-vs-stoic,0.0,1.0,0.0,7.0
2026-04-20,https://getdailyvox.com/blog/voice-journal-for-dyslexia,0.0,1.0,0.0,16.0
2026-04-20,https://getdailyvox.com/blog/what-is-a-digital-twin,0.0,2.0,0.0,5.5
2026-04-20,https://getdailyvox.com/blog/why-your-journal-app-shouldnt-need-internet,0.0,1.0,0.0,6.0
2026-04-20,https://getdailyvox.com/compare,0.0,3.0,0.0,13.0
2026-04-20,https://getdailyvox.com/faq,0.0,2.0,0.0,8.5
2026-04-20,https://getdailyvox.com/for/developers-goal-setting,0.0,1.0,0.0,22.0
2026-04-20,https://getdailyvox.com/journal-app-comparison,0.0,8.0,0.0,22.0
2026-04-21,https://getdailyvox.com/,0.0,4.0,0.0,2.75
2026-04-21,https://getdailyvox.com/alternative/bearable,0.0,2.0,0.0,9.0
2026-04-21,https://getdailyvox.com/blog,0.0,1.0,0.0,2.0
2026-04-21,https://getdailyvox.com/blog/journal-app-privacy-comparison,0.0,1.0,0.0,3.0
2026-04-21,https://getdailyvox.com/blog/what-is-a-digital-twin,0.0,1.0,0.0,7.0
2026-04-21,https://getdailyvox.com/compare,0.0,3.0,0.0,8.666666666666668
2026-04-21,https://getdailyvox.com/faq,0.0,2.0,0.0,6.0
2026-04-21,https://getdailyvox.com/for/therapists,0.0,1.0,0.0,6.0
2026-04-21,https://getdailyvox.com/glossary,0.0,1.0,0.0,4.0
2026-04-21,https://getdailyvox.com/in/guangzhou,0.0,1.0,0.0,8.0
2026-04-21,https://getdailyvox.com/in/ranchi,0.0,1.0,0.0,7.0
2026-04-21,https://getdailyvox.com/journal-app-comparison,0.0,14.0,0.0,11.785714285714286
2026-04-22,https://getdailyvox.com/,1.0,2.0,0.5,2.5
2026-04-22,https://getdailyvox.com/alternative/bearable,0.0,1.0,0.0,12.0
2026-04-22,https://getdailyvox.com/blog/dailyvox-vs-stoic,0.0,1.0,0.0,12.0
2026-04-22,https://getdailyvox.com/blog/how-to-journal-for-sleep,0.0,1.0,0.0,38.0
2026-04-22,https://getdailyvox.com/blog/journal-app-privacy-comparison,0.0,1.0,0.0,8.0
2026-04-22,https://getdailyvox.com/blog/what-is-a-digital-twin,0.0,3.0,0.0,4.333333333333334
2026-04-22,https://getdailyvox.com/faq,0.0,1.0,0.0,6.0
2026-04-22,https://getdailyvox.com/for/coaches-morning-routine,0.0,1.0,0.0,6.0
2026-04-22,https://getdailyvox.com/in/ranchi,0.0,1.0,0.0,8.0
2026-04-22,https://getdailyvox.com/journal-app-comparison,0.0,8.0,0.0,51.75
2026-04-23,https://getdailyvox.com/,0.0,1.0,0.0,1.0
2026-04-23,https://getdailyvox.com/alternative/bearable,0.0,1.0,0.0,11.0
2026-04-23,https://getdailyvox.com/blog/dailyvox-vs-apple-journal,0.0,1.0,0.0,5.0
2026-04-23,https://getdailyvox.com/blog/dailyvox-vs-stoic,0.0,5.0,0.0,5.8
2026-04-23,https://getdailyvox.com/blog/journal-app-privacy-comparison,0.0,2.0,0.0,5.5
2026-04-23,https://getdailyvox.com/blog/what-is-a-digital-twin,0.0,1.0,0.0,6.0
2026-04-23,https://getdailyvox.com/compare,0.0,1.0,0.0,7.0
2026-04-23,https://getdailyvox.com/faq,0.0,1.0,0.0,2.0
2026-04-23,https://getdailyvox.com/journal-app-comparison,0.0,6.0,0.0,30.0
2026-04-24,https://getdailyvox.com/blog/ai-mood-prediction-vs-tracking,0.0,1.0,0.0,4.0
2026-04-24,https://getdailyvox.com/blog/how-to-journal-for-sleep,0.0,1.0,0.0,11.0
2026-04-24,https://getdailyvox.com/blog/journal-app-privacy-comparison,0.0,1.0,0.0,8.0
2026-04-24,https://getdailyvox.com/blog/what-is-a-digital-twin,0.0,1.0,0.0,6.0
2026-04-24,https://getdailyvox.com/blog/why-your-journal-app-shouldnt-need-internet,0.0,2.0,0.0,9.5
2026-04-24,https://getdailyvox.com/journal-app-comparison,0.0,4.0,0.0,73.0
2026-04-25,https://getdailyvox.com/,0.0,1.0,0.0,1.0
2026-04-25,https://getdailyvox.com/blog/what-is-a-digital-twin,0.0,1.0,0.0,5.0
2026-04-25,https://getdailyvox.com/blog/why-your-journal-app-shouldnt-need-internet,0.0,2.0,0.0,4.5
2026-04-25,https://getdailyvox.com/compare,0.0,1.0,0.0,9.0
2026-04-25,https://getdailyvox.com/for/truck-drivers-during-commute,0.0,1.0,0.0,10.0
2026-04-25,https://getdailyvox.com/journal-app-comparison,0.0,10.0,0.0,32.9
2026-04-26,https://getdailyvox.com/,0.0,16.0,0.0,3.3125
2026-04-26,https://getdailyvox.com/blog,0.0,9.0,0.0,7.222222222222222
2026-04-26,https://getdailyvox.com/blog/ai-mood-prediction-vs-tracking,0.0,1.0,0.0,9.0
2026-04-26,https://getdailyvox.com/blog/dailyvox-vs-stoic,0.0,1.0,0.0,9.0
2026-04-26,https://getdailyvox.com/blog/journal-app-privacy-comparison,0.0,2.0,0.0,6.5
2026-04-26,https://getdailyvox.com/blog/talk-to-your-past-self-digital-twin,0.0,14.0,0.0,3.4285714285714284
2026-04-26,https://getdailyvox.com/blog/what-is-a-digital-twin,0.0,22.0,0.0,1.8181818181818183
2026-04-26,https://getdailyvox.com/blog/why-your-journal-app-shouldnt-need-internet,0.0,2.0,0.0,8.5
2026-04-26,https://getdailyvox.com/faq,0.0,11.0,0.0,5.909090909090909
2026-04-26,https://getdailyvox.com/for/accountants-after-therapy,0.0,1.0,0.0,10.0
2026-04-26,https://getdailyvox.com/for/ceos-before-bed,0.0,1.0,0.0,8.0
2026-04-26,https://getdailyvox.com/for/coaches-meditation-alternative,0.0,1.0,0.0,10.0
2026-04-26,https://getdailyvox.com/for/phd-students-during-commute,0.0,3.0,0.0,8.333333333333332
2026-04-26,https://getdailyvox.com/for/psychologists-before-bed,0.0,3.0,0.0,7.0
2026-04-26,https://getdailyvox.com/for/psychologists-morning-routine,0.0,2.0,0.0,9.0
2026-04-26,https://getdailyvox.com/for/shift-workers-before-bed,0.0,1.0,0.0,9.0
2026-04-26,https://getdailyvox.com/glossary,0.0,10.0,0.0,6.8
2026-04-26,https://getdailyvox.com/journal-app-comparison,0.0,10.0,0.0,34.7
2026-04-27,https://getdailyvox.com/,0.0,1.0,0.0,9.0
2026-04-27,https://getdailyvox.com/blog/dailyvox-vs-stoic,0.0,1.0,0.0,8.0
2026-04-27,https://getdailyvox.com/blog/how-to-journal-for-sleep,0.0,1.0,0.0,7.0
2026-04-27,https://getdailyvox.com/blog/journal-app-privacy-comparison,0.0,1.0,0.0,5.0
2026-04-27,https://getdailyvox.com/blog/what-is-a-digital-twin,0.0,2.0,0.0,11.0
2026-04-27,https://getdailyvox.com/blog/why-your-journal-app-shouldnt-need-internet,0.0,1.0,0.0,8.0
2026-04-27,https://getdailyvox.com/compare,0.0,2.0,0.0,90.0
2026-04-27,https://getdailyvox.com/for/actors-goal-setting,0.0,3.0,0.0,1.6666666666666665
2026-04-27,https://getdailyvox.com/for/seniors-creative-block,0.0,1.0,0.0,12.0
2026-04-27,https://getdailyvox.com/journal-app-comparison,0.0,11.0,0.0,37.81818181818182
2026-04-28,https://getdailyvox.com/,0.0,2.0,0.0,1.0
2026-04-28,https://getdailyvox.com/alternative/bearable,0.0,1.0,0.0,8.0
2026-04-28,https://getdailyvox.com/blog,0.0,1.0,0.0,6.0
2026-04-28,https://getdailyvox.com/blog/journal-app-privacy-comparison,0.0,6.0,0.0,7.5
2026-04-28,https://getdailyvox.com/blog/voice-journal-for-runners,0.0,2.0,0.0,19.0
2026-04-28,https://getdailyvox.com/compare,0.0,1.0,0.0,12.0
2026-04-28,https://getdailyvox.com/faq,0.0,2.0,0.0,3.0
2026-04-28,https://getdailyvox.com/for/accountants-grief-processing,0.0,1.0,0.0,2.0
2026-04-28,https://getdailyvox.com/for/shift-workers-before-bed,0.0,1.0,0.0,31.0
2026-04-28,https://getdailyvox.com/for/teachers-burnout-recovery,0.0,1.0,0.0,33.0
2026-04-28,https://getdailyvox.com/for/therapists,0.0,2.0,0.0,12.5
2026-04-28,https://getdailyvox.com/for/truck-drivers-goal-setting,0.0,1.0,0.0,20.0
2026-04-28,https://getdailyvox.com/for/veterinarians-goal-setting,0.0,1.0,0.0,32.0
2026-04-28,https://getdailyvox.com/glossary,0.0,1.0,0.0,2.0
2026-04-28,https://getdailyvox.com/in/guangzhou,0.0,1.0,0.0,2.0
2026-04-28,https://getdailyvox.com/journal-app-comparison,0.0,8.0,0.0,32.625
2026-04-29,https://getdailyvox.com/,1.0,3.0,0.3333333333333333,1.6666666666666665
2026-04-29,https://getdailyvox.com/blog/ai-mood-prediction-vs-tracking,0.0,1.0,0.0,38.0
2026-04-29,https://getdailyvox.com/blog/how-to-journal-for-sleep,0.0,1.0,0.0,10.0
2026-04-29,https://getdailyvox.com/blog/journal-app-privacy-comparison,0.0,2.0,0.0,8.5
2026-04-29,https://getdailyvox.com/blog/what-is-a-digital-twin,0.0,3.0,0.0,9.333333333333334
2026-04-29,https://getdailyvox.com/blog/why-your-journal-app-shouldnt-need-internet,0.0,1.0,0.0,12.0
2026-04-29,https://getdailyvox.com/faq,0.0,1.0,0.0,6.0
2026-04-29,https://getdailyvox.com/for/seniors-creative-block,0.0,1.0,0.0,6.0
2026-04-29,https://getdailyvox.com/journal-app-comparison,0.0,5.0,0.0,23.2
2026-04-30,https://getdailyvox.com/,1.0,5.0,0.2,1.4
2026-04-30,https://getdailyvox.com/blog/journal-app-privacy-comparison,0.0,8.0,0.0,7.25
2026-04-30,https://getdailyvox.com/faq,0.0,1.0,0.0,2.0
2026-04-30,https://getdailyvox.com/for/doctors-before-bed,0.0,1.0,0.0,6.0
2026-04-30,https://getdailyvox.com/journal-app-comparison,0.0,12.0,0.0,23.166666666666668
2026-05-01,https://getdailyvox.com/,0.0,51.0,0.0,2.235294117647059
2026-05-01,https://getdailyvox.com/alternative/bearable,0.0,17.0,0.0,4.470588235294118
2026-05-01,https://getdailyvox.com/blog,0.0,28.0,0.0,8.035714285714285
2026-05-01,https://getdailyvox.com/blog/dailyvox-vs-apple-journal,0.0,28.0,0.0,5.75
2026-05-01,https://getdailyvox.com/blog/dailyvox-vs-stoic,0.0,3.0,0.0,1.6666666666666665
2026-05-01,https://getdailyvox.com/blog/journal-app-privacy-comparison,0.0,9.0,0.0,9.88888888888889
2026-05-01,https://getdailyvox.com/blog/talk-to-your-past-self-digital-twin,0.0,1.0,0.0,6.0
2026-05-01,https://getdailyvox.com/blog/what-is-a-digital-twin,0.0,1.0,0.0,7.0
2026-05-01,https://getdailyvox.com/blog/why-your-journal-app-shouldnt-need-internet,0.0,2.0,0.0,8.0
2026-05-01,https://getdailyvox.com/compare,0.0,10.0,0.0,6.6
2026-05-01,https://getdailyvox.com/faq,0.0,54.0,0.0,5.2592592592592595
2026-05-01,https://getdailyvox.com/for/firefighters-before-bed,0.0,1.0,0.0,9.0
2026-05-01,https://getdailyvox.com/for/researchers-burnout-recovery,0.0,1.0,0.0,8.0
2026-05-01,https://getdailyvox.com/for/therapists,0.0,2.0,0.0,8.0
2026-05-01,https://getdailyvox.com/for/therapists-meditation-alternative,0.0,3.0,0.0,8.666666666666668
2026-05-01,https://getdailyvox.com/in/dallas,0.0,6.0,0.0,9.166666666666666
2026-05-01,https://getdailyvox.com/journal-app-comparison,0.0,26.0,0.0,12.192307692307692
2026-05-02,https://getdailyvox.com/,4.0,17.0,0.23529411764705882,1.7058823529411766
2026-05-02,https://getdailyvox.com/about,0.0,1.0,0.0,1.0
2026-05-02,https://getdailyvox.com/alternative/bearable,0.0,3.0,0.0,7.666666666666667
2026-05-02,https://getdailyvox.com/blog,0.0,4.0,0.0,5.75
2026-05-02,https://getdailyvox.com/blog/ai-mood-prediction-vs-tracking,0.0,5.0,0.0,15.0
2026-05-02,https://getdailyvox.com/blog/dailyvox-vs-apple-journal,0.0,3.0,0.0,7.0
2026-05-02,https://getdailyvox.com/blog/dailyvox-vs-stoic,0.0,4.0,0.0,5.5
2026-05-02,https://getdailyvox.com/blog/how-to-journal-for-sleep,0.0,1.0,0.0,7.0
2026-05-02,https://getdailyvox.com/blog/journal-app-privacy-comparison,0.0,3.0,0.0,10.0
2026-05-02,https://getdailyvox.com/blog/voice-journal-for-runners,0.0,1.0,0.0,5.0
2026-05-02,https://getdailyvox.com/compare,0.0,6.0,0.0,6.333333333333333
2026-05-02,https://getdailyvox.com/faq,0.0,10.0,0.0,4.2
2026-05-02,https://getdailyvox.com/for/therapists,0.0,1.0,0.0,6.0
2026-05-02,https://getdailyvox.com/glossary,0.0,1.0,0.0,6.0
2026-05-02,https://getdailyvox.com/in/dallas,0.0,1.0,0.0,9.0
2026-05-02,https://getdailyvox.com/journal-app-comparison,0.0,11.0,0.0,19.818181818181817
2026-05-02,https://getdailyvox.com/technology,0.0,1.0,0.0,1.0
2026-05-03,https://getdailyvox.com/,0.0,13.0,0.0,1.6153846153846154
2026-05-03,https://getdailyvox.com/alternative/bearable,0.0,3.0,0.0,7.333333333333333
2026-05-03,https://getdailyvox.com/blog,0.0,1.0,0.0,8.0
2026-05-03,https://getdailyvox.com/blog/ai-mood-prediction-vs-tracking,0.0,5.0,0.0,7.0
2026-05-03,https://getdailyvox.com/blog/dailyvox-vs-apple-journal,0.0,3.0,0.0,4.666666666666666
2026-05-03,https://getdailyvox.com/blog/dailyvox-vs-stoic,0.0,4.0,0.0,9.25
2026-05-03,https://getdailyvox.com/blog/journal-app-privacy-comparison,0.0,4.0,0.0,12.5
2026-05-03,https://getdailyvox.com/blog/talk-to-your-past-self-digital-twin,0.0,6.0,0.0,4.333333333333334
2026-05-03,https://getdailyvox.com/blog/what-is-a-digital-twin,0.0,3.0,0.0,3.0
2026-05-03,https://getdailyvox.com/blog/why-your-journal-app-shouldnt-need-internet,0.0,1.0,0.0,11.0
2026-05-03,https://getdailyvox.com/compare,0.0,2.0,0.0,3.5
2026-05-03,https://getdailyvox.com/faq,0.0,22.0,0.0,7.954545454545454
2026-05-03,https://getdailyvox.com/for/coaches-morning-routine,0.0,1.0,0.0,9.0
2026-05-03,https://getdailyvox.com/for/seniors-creative-block,0.0,1.0,0.0,2.0
2026-05-03,https://getdailyvox.com/glossary,0.0,8.0,0.0,5.0
2026-05-03,https://getdailyvox.com/journal-app-comparison,0.0,6.0,0.0,18.0
2026-05-04,https://getdailyvox.com/,0.0,6.0,0.0,1.5
2026-05-04,https://getdailyvox.com/alternative/bearable,0.0,3.0,0.0,7.666666666666667
2026-05-04,https://getdailyvox.com/blog,0.0,4.0,0.0,8.25
2026-05-04,https://getdailyvox.com/blog/journal-app-privacy-comparison,0.0,4.0,0.0,10.25
2026-05-04,https://getdailyvox.com/compare,0.0,4.0,0.0,9.25
2026-05-04,https://getdailyvox.com/faq,0.0,7.0,0.0,5.571428571428571
2026-05-04,https://getdailyvox.com/journal-app-comparison,0.0,10.0,0.0,27.5
2026-05-05,https://getdailyvox.com/,0.0,2.0,0.0,1.0
2026-05-05,https://getdailyvox.com/blog/journal-app-privacy-comparison,0.0,2.0,0.0,8.5
2026-05-05,https://getdailyvox.com/compare,0.0,2.0,0.0,9.5
2026-05-05,https://getdailyvox.com/faq,0.0,4.0,0.0,1.5
2026-05-05,https://getdailyvox.com/journal-app-comparison,0.0,2.0,0.0,73.0
2026-05-06,https://getdailyvox.com/,1.0,4.0,0.25,2.75
2026-05-06,https://getdailyvox.com/alternative/bearable,0.0,1.0,0.0,8.0
2026-05-06,https://getdailyvox.com/blog,0.0,1.0,0.0,10.0
2026-05-06,https://getdailyvox.com/blog/ai-mood-prediction-vs-tracking,0.0,1.0,0.0,6.0
2026-05-06,https://getdailyvox.com/blog/dailyvox-vs-apple-journal,0.0,1.0,0.0,12.0
2026-05-06,https://getdailyvox.com/blog/journal-app-privacy-comparison,0.0,7.0,0.0,9.857142857142858
2026-05-06,https://getdailyvox.com/faq,0.0,1.0,0.0,4.0
2026-05-06,https://getdailyvox.com/glossary,0.0,2.0,0.0,19.5
2026-05-06,https://getdailyvox.com/journal-app-comparison,0.0,4.0,0.0,18.25
2026-05-07,https://getdailyvox.com/,0.0,2.0,0.0,1.5
2026-05-07,https://getdailyvox.com/blog,0.0,1.0,0.0,8.0
2026-05-07,https://getdailyvox.com/blog/journal-app-privacy-comparison,0.0,1.0,0.0,34.0
2026-05-07,https://getdailyvox.com/blog/talk-to-your-past-self-digital-twin,0.0,2.0,0.0,5.5
2026-05-07,https://getdailyvox.com/compare,0.0,1.0,0.0,5.0
2026-05-07,https://getdailyvox.com/faq,0.0,4.0,0.0,6.25
2026-05-07,https://getdailyvox.com/for/coaches-morning-routine,0.0,1.0,0.0,9.0
2026-05-07,https://getdailyvox.com/for/firefighters-before-bed,0.0,4.0,0.0,7.25
2026-05-07,https://getdailyvox.com/for/psychologists-morning-routine,0.0,3.0,0.0,5.666666666666667
2026-05-07,https://getdailyvox.com/for/therapists-meditation-alternative,0.0,1.0,0.0,8.0
2026-05-07,https://getdailyvox.com/for/truck-drivers-during-commute,0.0,4.0,0.0,9.0
2026-05-07,https://getdailyvox.com/in/dallas,0.0,1.0,0.0,5.0
2026-05-07,https://getdailyvox.com/journal-app-comparison,0.0,2.0,0.0,45.0
2026-05-08,https://getdailyvox.com/,0.0,2.0,0.0,4.0
2026-05-08,https://getdailyvox.com/blog/dailyvox-vs-stoic,0.0,1.0,0.0,8.0
2026-05-08,https://getdailyvox.com/blog/journal-app-privacy-comparison,0.0,3.0,0.0,5.666666666666667
2026-05-08,https://getdailyvox.com/blog/what-is-a-digital-twin,0.0,1.0,0.0,8.0
2026-05-08,https://getdailyvox.com/journal-app-comparison,0.0,8.0,0.0,24.375
2026-05-09,https://getdailyvox.com/,2.0,5.0,0.4,1.2
2026-05-09,https://getdailyvox.com/alternative/bearable,0.0,1.0,0.0,7.0
2026-05-09,https://getdailyvox.com/blog,0.0,3.0,0.0,5.666666666666667
2026-05-09,https://getdailyvox.com/blog/journal-app-privacy-comparison,0.0,1.0,0.0,10.0
2026-05-09,https://getdailyvox.com/blog/talk-to-your-past-self-digital-twin,0.0,1.0,0.0,7.0
2026-05-09,https://getdailyvox.com/blog/what-is-a-digital-twin,0.0,1.0,0.0,9.0
2026-05-09,https://getdailyvox.com/compare,0.0,1.0,0.0,6.0
2026-05-09,https://getdailyvox.com/faq,0.0,3.0,0.0,5.0
2026-05-09,https://getdailyvox.com/for/truck-drivers-during-commute,0.0,1.0,0.0,9.0
2026-05-09,https://getdailyvox.com/glossary,0.0,1.0,0.0,3.0
2026-05-09,https://getdailyvox.com/in/ljubljana,0.0,1.0,0.0,8.0
2026-05-09,https://getdailyvox.com/journal-app-comparison,0.0,6.0,0.0,9.5
2026-05-09,https://getdailyvox.com/privacy,0.0,1.0,0.0,4.0
2026-05-10,https://getdailyvox.com/,0.0,3.0,0.0,1.0
2026-05-10,https://getdailyvox.com/alternative/bearable,0.0,1.0,0.0,10.0
2026-05-10,https://getdailyvox.com/blog/ai-mood-prediction-vs-tracking,0.0,2.0,0.0,7.0
2026-05-10,https://getdailyvox.com/blog/journal-app-privacy-comparison,0.0,3.0,0.0,10.0
2026-05-10,https://getdailyvox.com/blog/talk-to-your-past-self-digital-twin,0.0,2.0,0.0,2.5
2026-05-10,https://getdailyvox.com/faq,0.0,2.0,0.0,4.5
2026-05-10,https://getdailyvox.com/journal-app-comparison,0.0,6.0,0.0,21.333333333333332
2026-05-11,https://getdailyvox.com/,0.0,1.0,0.0,8.0
2026-05-11,https://getdailyvox.com/alternative/bearable,0.0,2.0,0.0,8.5
2026-05-11,https://getdailyvox.com/blog/dailyvox-vs-stoic,0.0,2.0,0.0,8.0
2026-05-11,https://getdailyvox.com/blog/journal-app-privacy-comparison,0.0,1.0,0.0,10.0
2026-05-11,https://getdailyvox.com/blog/talk-to-your-past-self-digital-twin,0.0,1.0,0.0,7.0
2026-05-11,https://getdailyvox.com/for/high-school-students-goal-setting,0.0,1.0,0.0,3.0
2026-05-11,https://getdailyvox.com/journal-app-comparison,0.0,2.0,0.0,9.5
2026-05-12,https://getdailyvox.com/,0.0,1.0,0.0,5.0
2026-05-12,https://getdailyvox.com/blog,0.0,3.0,0.0,16.333333333333336
2026-05-12,https://getdailyvox.com/blog/journal-app-privacy-comparison,0.0,3.0,0.0,6.0
2026-05-12,https://getdailyvox.com/faq,0.0,1.0,0.0,7.0
2026-05-12,https://getdailyvox.com/journal-app-comparison,0.0,5.0,0.0,54.6
2026-05-13,https://getdailyvox.com/,2.0,4.0,0.5,1.5
2026-05-13,https://getdailyvox.com/alternative/bearable,0.0,1.0,0.0,10.0
2026-05-13,https://getdailyvox.com/blog,0.0,1.0,0.0,14.0
2026-05-13,https://getdailyvox.com/blog/journal-app-privacy-comparison,0.0,1.0,0.0,8.0
2026-05-13,https://getdailyvox.com/compare,1.0,2.0,0.5,3.0
2026-05-13,https://getdailyvox.com/faq,0.0,4.0,0.0,5.5
2026-05-13,https://getdailyvox.com/journal-app-comparison,0.0,5.0,0.0,23.2
2026-05-13,https://getdailyvox.com/support,0.0,1.0,0.0,9.0
2026-05-14,https://getdailyvox.com/,0.0,3.0,0.0,6.0
2026-05-14,https://getdailyvox.com/alternative/bearable,0.0,1.0,0.0,8.0
2026-05-14,https://getdailyvox.com/blog,0.0,1.0,0.0,5.0
2026-05-14,https://getdailyvox.com/blog/ai-mood-prediction-vs-tracking,0.0,1.0,0.0,1.0
2026-05-14,https://getdailyvox.com/blog/journal-app-privacy-comparison,0.0,2.0,0.0,5.0
2026-05-14,https://getdailyvox.com/compare,0.0,2.0,0.0,6.5
2026-05-14,https://getdailyvox.com/faq,0.0,4.0,0.0,4.75
2026-05-14,https://getdailyvox.com/glossary,0.0,1.0,0.0,3.0
2026-05-14,https://getdailyvox.com/in/ljubljana,0.0,1.0,0.0,9.0
2026-05-14,https://getdailyvox.com/journal-app-comparison,0.0,15.0,0.0,12.533333333333333
2026-05-14,https://getdailyvox.com/privacy,0.0,1.0,0.0,4.0
2026-05-14,https://getdailyvox.com/support,0.0,4.0,0.0,9.25
2026-05-15,https://getdailyvox.com/,0.0,5.0,0.0,3.2
2026-05-15,https://getdailyvox.com/blog/journal-app-privacy-comparison,0.0,2.0,0.0,8.5
2026-05-15,https://getdailyvox.com/glossary,0.0,2.0,0.0,16.5
2026-05-15,https://getdailyvox.com/journal-app-comparison,0.0,15.0,0.0,32.93333333333334
2026-05-15,https://getdailyvox.com/support,0.0,1.0,0.0,9.0
2026-05-16,https://getdailyvox.com/alternative/bearable,0.0,1.0,0.0,11.0
2026-05-16,https://getdailyvox.com/blog/dailyvox-vs-apple-journal,0.0,2.0,0.0,9.0
2026-05-16,https://getdailyvox.com/blog/dailyvox-vs-stoic,0.0,1.0,0.0,11.0
2026-05-16,https://getdailyvox.com/blog/journal-app-privacy-comparison,0.0,2.0,0.0,8.5
2026-05-16,https://getdailyvox.com/blog/talk-to-your-past-self-digital-twin,0.0,2.0,0.0,6.5
2026-05-16,https://getdailyvox.com/compare,1.0,1.0,1.0,3.0
2026-05-16,https://getdailyvox.com/for/therapists,0.0,1.0,0.0,11.0
2026-05-16,https://getdailyvox.com/journal-app-comparison,0.0,10.0,0.0,7.6
2026-05-17,https://getdailyvox.com/,0.0,1.0,0.0,4.0
2026-05-17,https://getdailyvox.com/alternative/bearable,0.0,1.0,0.0,10.0
2026-05-17,https://getdailyvox.com/blog/ai-mood-prediction-vs-tracking,0.0,1.0,0.0,6.0
2026-05-17,https://getdailyvox.com/blog/journal-app-privacy-comparison,0.0,4.0,0.0,24.25
2026-05-17,https://getdailyvox.com/faq,0.0,1.0,0.0,8.0
2026-05-17,https://getdailyvox.com/for/high-school-students-goal-setting,0.0,1.0,0.0,10.0
2026-05-17,https://getdailyvox.com/journal-app-comparison,0.0,10.0,0.0,48.0
2026-05-17,https://getdailyvox.com/support,0.0,1.0,0.0,10.0
2026-05-18,https://getdailyvox.com/,1.0,6.0,0.16666666666666666,3.6666666666666665
2026-05-18,https://getdailyvox.com/blog/journal-app-privacy-comparison,0.0,2.0,0.0,47.5
2026-05-18,https://getdailyvox.com/compare,0.0,1.0,0.0,5.0
2026-05-18,https://getdailyvox.com/faq,0.0,2.0,0.0,4.5
2026-05-18,https://getdailyvox.com/journal-app-comparison,0.0,8.0,0.0,22.875
2026-05-18,https://getdailyvox.com/privacy,0.0,1.0,0.0,19.0
2026-05-19,https://getdailyvox.com/,0.0,3.0,0.0,1.3333333333333333
2026-05-19,https://getdailyvox.com/blog/dailyvox-vs-stoic,0.0,1.0,0.0,10.0
2026-05-19,https://getdailyvox.com/blog/journal-app-privacy-comparison,0.0,3.0,0.0,5.333333333333333
2026-05-19,https://getdailyvox.com/faq,0.0,9.0,0.0,6.888888888888889
2026-05-19,https://getdailyvox.com/journal-app-comparison,0.0,7.0,0.0,60.0
2026-05-19,https://getdailyvox.com/support,0.0,1.0,0.0,2.0
2026-05-20,https://getdailyvox.com/,0.0,2.0,0.0,1.5
2026-05-20,https://getdailyvox.com/alternative/bearable,0.0,3.0,0.0,9.0
2026-05-20,https://getdailyvox.com/blog/ai-mood-prediction-vs-tracking,0.0,1.0,0.0,51.0
2026-05-20,https://getdailyvox.com/blog/journal-app-privacy-comparison,0.0,1.0,0.0,6.0
2026-05-20,https://getdailyvox.com/faq,0.0,2.0,0.0,9.0
2026-05-20,https://getdailyvox.com/journal-app-comparison,0.0,5.0,0.0,65.8
2026-05-21,https://getdailyvox.com/,1.0,2.0,0.5,2.0
2026-05-21,https://getdailyvox.com/blog/dailyvox-vs-stoic,0.0,1.0,0.0,11.0
2026-05-21,https://getdailyvox.com/blog/journal-app-privacy-comparison,0.0,1.0,0.0,12.0
2026-05-21,https://getdailyvox.com/faq,0.0,1.0,0.0,6.0
2026-05-21,https://getdailyvox.com/journal-app-comparison,0.0,5.0,0.0,38.2
2026-05-22,https://getdailyvox.com/,0.0,12.0,0.0,4.416666666666666
2026-05-22,https://getdailyvox.com/alternative/bearable,0.0,3.0,0.0,3.0
2026-05-22,https://getdailyvox.com/blog,0.0,3.0,0.0,4.333333333333334
2026-05-22,https://getdailyvox.com/blog/ai-journal-that-works-offline,0.0,2.0,0.0,6.0
2026-05-22,https://getdailyvox.com/blog/dailyvox-vs-stoic,0.0,4.0,0.0,5.0
2026-05-22,https://getdailyvox.com/blog/journal-app-privacy-comparison,0.0,1.0,0.0,7.0
2026-05-22,https://getdailyvox.com/blog/voice-recorder-diary-app,0.0,2.0,0.0,9.5
2026-05-22,https://getdailyvox.com/faq,0.0,18.0,0.0,5.222222222222222
2026-05-22,https://getdailyvox.com/for/therapists,0.0,2.0,0.0,3.5
2026-05-22,https://getdailyvox.com/glossary,0.0,4.0,0.0,3.25
2026-05-22,https://getdailyvox.com/journal-app-comparison,0.0,6.0,0.0,47.166666666666664
2026-05-22,https://getdailyvox.com/privacy,0.0,5.0,0.0,4.0
2026-05-22,https://getdailyvox.com/support,0.0,1.0,0.0,7.0
2026-05-23,https://getdailyvox.com/,0.0,24.0,0.0,2.5
2026-05-23,https://getdailyvox.com/blog/ai-journal-that-works-offline,0.0,5.0,0.0,4.0
2026-05-23,https://getdailyvox.com/blog/dailyvox-vs-apple-journal,0.0,6.0,0.0,7.666666666666667
2026-05-23,https://getdailyvox.com/blog/journal-app-privacy-comparison,0.0,3.0,0.0,18.666666666666668
2026-05-23,https://getdailyvox.com/blog/page/3,0.0,1.0,0.0,4.0
2026-05-23,https://getdailyvox.com/blog/talk-to-your-past-self-digital-twin,0.0,3.0,0.0,1.3333333333333333
2026-05-23,https://getdailyvox.com/blog/voice-recorder-diary-app,0.0,10.0,0.0,28.4
2026-05-23,https://getdailyvox.com/blog/what-is-a-digital-twin,0.0,6.0,0.0,6.833333333333333
2026-05-23,https://getdailyvox.com/compare,0.0,6.0,0.0,7.666666666666667
2026-05-23,https://getdailyvox.com/faq,0.0,24.0,0.0,5.708333333333333
2026-05-23,https://getdailyvox.com/glossary,0.0,7.0,0.0,3.7142857142857144
2026-05-23,https://getdailyvox.com/journal-app-comparison,0.0,4.0,0.0,64.25
2026-05-23,https://getdailyvox.com/privacy,0.0,6.0,0.0,8.333333333333332
2026-05-23,https://getdailyvox.com/support,0.0,4.0,0.0,7.25
2026-05-24,https://getdailyvox.com/,1.0,2.0,0.5,4.5
2026-05-24,https://getdailyvox.com/about,0.0,1.0,0.0,5.0
2026-05-24,https://getdailyvox.com/alternative/finch,0.0,1.0,0.0,96.0
2026-05-24,https://getdailyvox.com/blog/ai-journal-that-works-offline,0.0,4.0,0.0,41.75
2026-05-24,https://getdailyvox.com/blog/dailyvox-vs-stoic,0.0,2.0,0.0,12.5
2026-05-24,https://getdailyvox.com/blog/voice-recorder-diary-app,0.0,5.0,0.0,40.6
2026-05-24,https://getdailyvox.com/journal-app-comparison,0.0,3.0,0.0,83.0
2026-05-25,https://getdailyvox.com/,1.0,2.0,0.5,2.0
2026-05-25,https://getdailyvox.com/about,0.0,9.0,0.0,5.555555555555555
2026-05-25,https://getdailyvox.com/blog/ai-journal-that-works-offline,0.0,5.0,0.0,6.4
2026-05-25,https://getdailyvox.com/blog/best-free-journal-app-2026,0.0,5.0,0.0,62.2
2026-05-25,https://getdailyvox.com/blog/best-journal-app-for-seniors,0.0,1.0,0.0,9.0
2026-05-25,https://getdailyvox.com/blog/best-voice-journal-app,0.0,5.0,0.0,7.4
2026-05-25,https://getdailyvox.com/blog/journal-app-privacy-comparison,0.0,1.0,0.0,12.0
2026-05-25,https://getdailyvox.com/blog/talk-to-your-past-self-digital-twin,0.0,1.0,0.0,12.0
2026-05-25,https://getdailyvox.com/blog/voice-recorder-diary-app,0.0,3.0,0.0,33.666666666666664
2026-05-25,https://getdailyvox.com/faq,0.0,1.0,0.0,7.0
2026-05-25,https://getdailyvox.com/journal-app-comparison,0.0,4.0,0.0,63.75
2026-05-25,https://getdailyvox.com/use/interview-prep,0.0,1.0,0.0,64.0
2026-05-26,https://getdailyvox.com/,0.0,5.0,0.0,4.6
2026-05-26,https://getdailyvox.com/about,0.0,23.0,0.0,8.043478260869566
2026-05-26,https://getdailyvox.com/blog/apple-journal-vs-dailyvox,0.0,3.0,0.0,10.333333333333334
2026-05-26,https://getdailyvox.com/blog/best-free-journal-app-2026,0.0,13.0,0.0,48.84615384615385
2026-05-26,https://getdailyvox.com/blog/best-journal-app-for-seniors,0.0,1.0,0.0,9.0
2026-05-26,https://getdailyvox.com/blog/best-voice-journal-app,0.0,56.0,0.0,8.75
2026-05-26,https://getdailyvox.com/blog/journal-app-privacy-comparison,0.0,7.0,0.0,10.571428571428571
2026-05-26,https://getdailyvox.com/blog/journal-app-privacy-labels-explained,0.0,8.0,0.0,11.75
2026-05-26,https://getdailyvox.com/blog/on-device-ai-vs-cloud-ai-journaling,0.0,3.0,0.0,3.6666666666666665
2026-05-26,https://getdailyvox.com/blog/page/3,0.0,2.0,0.0,11.0
2026-05-26,https://getdailyvox.com/blog/voice-journaling-for-therapy,0.0,6.0,0.0,29.166666666666668
2026-05-26,https://getdailyvox.com/blog/voice-journaling-while-walking,0.0,3.0,0.0,83.33333333333333
2026-05-26,https://getdailyvox.com/blog/voice-recorder-diary-app,0.0,13.0,0.0,17.153846153846153
2026-05-26,https://getdailyvox.com/faq,0.0,6.0,0.0,5.333333333333333
2026-05-26,https://getdailyvox.com/journal-app-comparison,0.0,6.0,0.0,67.66666666666667
2026-05-26,https://getdailyvox.com/support,0.0,1.0,0.0,8.0
2026-05-26,https://getdailyvox.com/use/interview-prep,0.0,4.0,0.0,72.75
2026-05-27,https://getdailyvox.com/,0.0,6.0,0.0,2.833333333333333
2026-05-27,https://getdailyvox.com/about,0.0,9.0,0.0,6.444444444444445
2026-05-27,https://getdailyvox.com/alternative/samsung-notes,0.0,1.0,0.0,10.0
2026-05-27,https://getdailyvox.com/blog/42-second-journal,0.0,1.0,0.0,27.0
2026-05-27,https://getdailyvox.com/blog/ai-journal-that-works-offline,0.0,2.0,0.0,8.5
2026-05-27,https://getdailyvox.com/blog/apple-journal-vs-dailyvox,0.0,2.0,0.0,7.5
2026-05-27,https://getdailyvox.com/blog/best-free-journal-app-2026,0.0,11.0,0.0,52.36363636363637
2026-05-27,https://getdailyvox.com/blog/best-voice-journal-app,0.0,73.0,0.0,7.876712328767123
2026-05-27,https://getdailyvox.com/blog/dailyvox-vs-stoic,0.0,1.0,0.0,12.0
2026-05-27,https://getdailyvox.com/blog/digital-clone-personal-use,0.0,1.0,0.0,5.0
2026-05-27,https://getdailyvox.com/blog/journal-app-privacy-comparison,0.0,18.0,0.0,9.11111111111111
2026-05-27,https://getdailyvox.com/blog/journal-app-privacy-labels-explained,0.0,5.0,0.0,9.0
2026-05-27,https://getdailyvox.com/blog/journal-every-day-90-days,0.0,1.0,0.0,9.0
2026-05-27,https://getdailyvox.com/blog/on-device-ai-vs-cloud-ai-journaling,0.0,3.0,0.0,7.0
2026-05-27,https://getdailyvox.com/blog/page/3,0.0,18.0,0.0,8.944444444444445
2026-05-27,https://getdailyvox.com/blog/voice-journal-for-runners,0.0,1.0,0.0,11.0
2026-05-27,https://getdailyvox.com/blog/voice-journaling-for-therapy,0.0,1.0,0.0,12.0
2026-05-27,https://getdailyvox.com/blog/voice-journaling-while-walking,0.0,2.0,0.0,4.0
2026-05-27,https://getdailyvox.com/blog/voice-recorder-diary-app,0.0,15.0,0.0,5.4
2026-05-27,https://getdailyvox.com/compare,0.0,7.0,0.0,5.571428571428571
2026-05-27,https://getdailyvox.com/faq,0.0,9.0,0.0,3.7777777777777777
2026-05-27,https://getdailyvox.com/glossary,0.0,2.0,0.0,10.5
2026-05-27,https://getdailyvox.com/journal-app-comparison,0.0,20.0,0.0,14.8
2026-05-27,https://getdailyvox.com/support,0.0,3.0,0.0,5.666666666666667
2026-05-27,https://getdailyvox.com/use/interview-prep,0.0,1.0,0.0,63.0
2026-05-28,https://getdailyvox.com/,1.0,2.0,0.5,1.0
2026-05-28,https://getdailyvox.com/about,0.0,5.0,0.0,7.0
2026-05-28,https://getdailyvox.com/alternative/bear,0.0,3.0,0.0,4.0
2026-05-28,https://getdailyvox.com/alternative/five-minute-journal,0.0,2.0,0.0,11.0
2026-05-28,https://getdailyvox.com/alternative/samsung-notes,0.0,3.0,0.0,8.666666666666668
2026-05-28,https://getdailyvox.com/blog,0.0,13.0,0.0,6.384615384615385
2026-05-28,https://getdailyvox.com/blog/best-free-journal-app-2026,1.0,11.0,0.09090909090909091,34.63636363636363
2026-05-28,https://getdailyvox.com/blog/best-journal-app-for-seniors,0.0,1.0,0.0,4.0
2026-05-28,https://getdailyvox.com/blog/best-voice-journal-app,0.0,37.0,0.0,13.72972972972973
2026-05-28,https://getdailyvox.com/blog/dailyvox-vs-apple-journal,0.0,3.0,0.0,6.666666666666667
2026-05-28,https://getdailyvox.com/blog/how-digital-twin-learns-personality,0.0,1.0,0.0,2.0
2026-05-28,https://getdailyvox.com/blog/journal-app-privacy-comparison,0.0,6.0,0.0,4.166666666666666
2026-05-28,https://getdailyvox.com/blog/journal-app-privacy-labels-explained,0.0,1.0,0.0,10.0
2026-05-28,https://getdailyvox.com/blog/journal-every-day-90-days,0.0,3.0,0.0,6.0
2026-05-28,https://getdailyvox.com/blog/page/3,0.0,10.0,0.0,5.8
2026-05-28,https://getdailyvox.com/blog/voice-journaling-for-therapy,0.0,2.0,0.0,70.0
2026-05-28,https://getdailyvox.com/blog/voice-recorder-diary-app,0.0,18.0,0.0,12.833333333333334
2026-05-28,https://getdailyvox.com/compare,0.0,1.0,0.0,11.0
2026-05-28,https://getdailyvox.com/faq,0.0,14.0,0.0,5.214285714285714
2026-05-28,https://getdailyvox.com/for/college-students-after-therapy,0.0,1.0,0.0,5.0
2026-05-28,https://getdailyvox.com/glossary,0.0,1.0,0.0,9.0
2026-05-28,https://getdailyvox.com/journal-app-comparison,0.0,9.0,0.0,35.111111111111114
2026-05-28,https://getdailyvox.com/research,0.0,1.0,0.0,1.0
2026-05-28,https://getdailyvox.com/support,0.0,3.0,0.0,5.333333333333333
2026-05-28,https://getdailyvox.com/use/interview-prep,0.0,2.0,0.0,79.0
2026-05-28,https://getdailyvox.com/voice-journaling-statistics,0.0,1.0,0.0,6.0
2026-05-29,https://getdailyvox.com/,1.0,12.0,0.08333333333333333,2.083333333333333
2026-05-29,https://getdailyvox.com/about,0.0,24.0,0.0,7.083333333333333
2026-05-29,https://getdailyvox.com/alternative/five-minute-journal,0.0,8.0,0.0,3.25
2026-05-29,https://getdailyvox.com/blog,0.0,12.0,0.0,5.75
2026-05-29,https://getdailyvox.com/blog/ai-journal-that-works-offline,0.0,4.0,0.0,8.0
2026-05-29,https://getdailyvox.com/blog/ai-mood-prediction-vs-tracking,0.0,1.0,0.0,10.0
2026-05-29,https://getdailyvox.com/blog/apple-journal-vs-dailyvox,0.0,18.0,0.0,7.944444444444445
2026-05-29,https://getdailyvox.com/blog/best-free-journal-app-2026,0.0,7.0,0.0,22.714285714285715
2026-05-29,https://getdailyvox.com/blog/best-journal-app-for-seniors,0.0,18.0,0.0,2.9444444444444446
2026-05-29,https://getdailyvox.com/blog/best-voice-journal-app,0.0,192.0,0.0,6.036458333333333
2026-05-29,https://getdailyvox.com/blog/dailyvox-vs-apple-journal,0.0,5.0,0.0,7.0
2026-05-29,https://getdailyvox.com/blog/dailyvox-vs-obsidian,0.0,3.0,0.0,5.666666666666667
2026-05-29,https://getdailyvox.com/blog/dailyvox-vs-stoic,0.0,3.0,0.0,3.6666666666666665
2026-05-29,https://getdailyvox.com/blog/how-digital-twin-learns-personality,0.0,5.0,0.0,5.2
2026-05-29,https://getdailyvox.com/blog/journal-app-privacy-comparison,0.0,7.0,0.0,6.857142857142857
2026-05-29,https://getdailyvox.com/blog/journal-every-day-90-days,0.0,1.0,0.0,7.0
2026-05-29,https://getdailyvox.com/blog/on-device-ai-maturity-model,0.0,2.0,0.0,4.0
2026-05-29,https://getdailyvox.com/blog/on-device-ai-vs-cloud-ai-journaling,0.0,4.0,0.0,8.25
2026-05-29,https://getdailyvox.com/blog/page/3,0.0,9.0,0.0,5.333333333333333
2026-05-29,https://getdailyvox.com/blog/voice-journaling-for-therapy,0.0,9.0,0.0,22.666666666666668
2026-05-29,https://getdailyvox.com/blog/voice-recorder-diary-app,0.0,36.0,0.0,11.36111111111111
2026-05-29,https://getdailyvox.com/blog/what-is-a-digital-twin,0.0,3.0,0.0,2.333333333333333
2026-05-29,https://getdailyvox.com/changelog,0.0,8.0,0.0,2.375
2026-05-29,https://getdailyvox.com/compare,0.0,25.0,0.0,6.8
2026-05-29,https://getdailyvox.com/faq,0.0,19.0,0.0,4.157894736842105
2026-05-29,https://getdailyvox.com/journal-app-comparison,0.0,26.0,0.0,14.692307692307692
2026-05-29,https://getdailyvox.com/support,0.0,6.0,0.0,3.8333333333333335
2026-05-29,https://getdailyvox.com/use/breakup-recovery,0.0,2.0,0.0,11.5
2026-05-29,https://getdailyvox.com/use/interview-prep,0.0,2.0,0.0,36.5
2026-05-29,https://getdailyvox.com/use/year-in-review,0.0,6.0,0.0,9.333333333333334
2026-05-29,https://getdailyvox.com/voice-journaling-statistics,0.0,7.0,0.0,9.0
2026-05-30,https://getdailyvox.com/,0.0,3.0,0.0,2.666666666666667
2026-05-30,https://getdailyvox.com/about,0.0,3.0,0.0,6.0
2026-05-30,https://getdailyvox.com/alternative/finch,0.0,1.0,0.0,2.0
2026-05-30,https://getdailyvox.com/blog/best-free-journal-app-2026,0.0,12.0,0.0,37.0
2026-05-30,https://getdailyvox.com/blog/best-journal-app-for-seniors,0.0,3.0,0.0,10.0
2026-05-30,https://getdailyvox.com/blog/best-voice-journal-app,0.0,23.0,0.0,11.304347826086957
2026-05-30,https://getdailyvox.com/blog/digital-clone-personal-use,0.0,1.0,0.0,6.0
2026-05-30,https://getdailyvox.com/blog/how-digital-twin-learns-personality,0.0,1.0,0.0,2.0
2026-05-30,https://getdailyvox.com/blog/journal-app-privacy-comparison,0.0,11.0,0.0,13.545454545454545
2026-05-30,https://getdailyvox.com/blog/journal-app-privacy-labels-explained,0.0,1.0,0.0,4.0
2026-05-30,https://getdailyvox.com/blog/talk-to-your-past-self-digital-twin,0.0,3.0,0.0,9.0
2026-05-30,https://getdailyvox.com/blog/voice-journal-for-dyslexia,0.0,1.0,0.0,4.0
2026-05-30,https://getdailyvox.com/blog/voice-journaling-for-therapy,0.0,3.0,0.0,25.666666666666668
2026-05-30,https://getdailyvox.com/blog/voice-recorder-diary-app,0.0,3.0,0.0,15.666666666666666
2026-05-30,https://getdailyvox.com/changelog,0.0,1.0,0.0,9.0
2026-05-30,https://getdailyvox.com/faq,0.0,2.0,0.0,7.0
2026-05-30,https://getdailyvox.com/for/writers-creative-block,0.0,1.0,0.0,2.0
2026-05-30,https://getdailyvox.com/journal-app-comparison,0.0,10.0,0.0,28.6
2026-05-30,https://getdailyvox.com/privacy,0.0,1.0,0.0,2.0
2026-05-30,https://getdailyvox.com/research,0.0,3.0,0.0,8.333333333333332
2026-05-30,https://getdailyvox.com/support,0.0,2.0,0.0,6.0
2026-05-30,https://getdailyvox.com/use/interview-prep,0.0,1.0,0.0,80.0
2026-05-30,https://getdailyvox.com/use/study-abroad,0.0,1.0,0.0,2.0
2026-05-31,https://getdailyvox.com/,0.0,3.0,0.0,1.6666666666666665
2026-05-31,https://getdailyvox.com/about,0.0,15.0,0.0,6.666666666666667
2026-05-31,https://getdailyvox.com/alternative/bear,0.0,1.0,0.0,10.0
2026-05-31,https://getdailyvox.com/alternative/bearable,0.0,2.0,0.0,8.5
2026-05-31,https://getdailyvox.com/alternative/finch,0.0,1.0,0.0,7.0
2026-05-31,https://getdailyvox.com/alternative/five-minute-journal,0.0,1.0,0.0,11.0
2026-05-31,https://getdailyvox.com/blog,0.0,4.0,0.0,6.5
2026-05-31,https://getdailyvox.com/blog/42-second-journal,0.0,1.0,0.0,12.0
2026-05-31,https://getdailyvox.com/blog/ai-journal-that-works-offline,0.0,2.0,0.0,8.0
2026-05-31,https://getdailyvox.com/blog/apple-journal-vs-dailyvox,0.0,8.0,0.0,9.0
2026-05-31,https://getdailyvox.com/blog/best-free-journal-app-2026,0.0,7.0,0.0,15.0
2026-05-31,https://getdailyvox.com/blog/best-journal-app-for-seniors,0.0,2.0,0.0,3.5
2026-05-31,https://getdailyvox.com/blog/best-voice-journal-app,0.0,139.0,0.0,7.748201438848921
2026-05-31,https://getdailyvox.com/blog/dailyvox-vs-apple-journal,0.0,5.0,0.0,8.4
2026-05-31,https://getdailyvox.com/blog/dailyvox-vs-stoic,0.0,6.0,0.0,9.0
2026-05-31,https://getdailyvox.com/blog/digital-clone-personal-use,0.0,1.0,0.0,7.0
2026-05-31,https://getdailyvox.com/blog/how-digital-twin-learns-personality,0.0,3.0,0.0,7.666666666666667
2026-05-31,https://getdailyvox.com/blog/journal-app-privacy-comparison,0.0,23.0,0.0,5.304347826086956
2026-05-31,https://getdailyvox.com/blog/journal-app-privacy-labels-explained,0.0,1.0,0.0,3.0
2026-05-31,https://getdailyvox.com/blog/on-device-ai-maturity-model,0.0,3.0,0.0,4.0
2026-05-31,https://getdailyvox.com/blog/on-device-ai-vs-cloud-ai-journaling,0.0,5.0,0.0,5.8
2026-05-31,https://getdailyvox.com/blog/page/3,0.0,2.0,0.0,10.5
2026-05-31,https://getdailyvox.com/blog/talk-to-your-past-self-digital-twin,0.0,1.0,0.0,7.0
2026-05-31,https://getdailyvox.com/blog/voice-journaling-for-therapy,0.0,1.0,0.0,67.0
2026-05-31,https://getdailyvox.com/blog/voice-recorder-diary-app,0.0,21.0,0.0,21.523809523809526
2026-05-31,https://getdailyvox.com/blog/what-is-a-digital-twin,0.0,2.0,0.0,11.0
2026-05-31,https://getdailyvox.com/changelog,0.0,1.0,0.0,10.0
2026-05-31,https://getdailyvox.com/compare,0.0,20.0,0.0,4.95
2026-05-31,https://getdailyvox.com/faq,0.0,17.0,0.0,6.9411764705882355
2026-05-31,https://getdailyvox.com/for/designers,0.0,3.0,0.0,8.666666666666668
2026-05-31,https://getdailyvox.com/for/pilots-creative-block,0.0,5.0,0.0,6.4
2026-05-31,https://getdailyvox.com/for/therapists,0.0,1.0,0.0,7.0
2026-05-31,https://getdailyvox.com/in/dallas,0.0,2.0,0.0,11.0
2026-05-31,https://getdailyvox.com/journal-app-comparison,0.0,34.0,0.0,9.911764705882353
2026-05-31,https://getdailyvox.com/privacy,0.0,6.0,0.0,1.8333333333333335
2026-05-31,https://getdailyvox.com/support,0.0,2.0,0.0,2.0
2026-05-31,https://getdailyvox.com/use/interview-prep,0.0,1.0,0.0,78.0
2026-05-31,https://getdailyvox.com/use/starting-college,0.0,1.0,0.0,11.0
2026-05-31,https://getdailyvox.com/voice-journaling-statistics,0.0,13.0,0.0,3.3846153846153846
2026-06-01,https://getdailyvox.com/,0.0,2.0,0.0,2.5
2026-06-01,https://getdailyvox.com/about,0.0,2.0,0.0,9.0
2026-06-01,https://getdailyvox.com/blog,0.0,1.0,0.0,37.0
2026-06-01,https://getdailyvox.com/blog/42-second-journal,0.0,5.0,0.0,10.2
2026-06-01,https://getdailyvox.com/blog/ai-journal-that-works-offline,0.0,4.0,0.0,8.0
2026-06-01,https://getdailyvox.com/blog/ai-mood-prediction-vs-tracking,0.0,1.0,0.0,4.0
2026-06-01,https://getdailyvox.com/blog/best-free-journal-app-2026,0.0,2.0,0.0,38.5
2026-06-01,https://getdailyvox.com/blog/best-journal-app-for-seniors,0.0,2.0,0.0,4.0
2026-06-01,https://getdailyvox.com/blog/best-voice-journal-app,0.0,20.0,0.0,15.3
2026-06-01,https://getdailyvox.com/blog/dailyvox-vs-obsidian,0.0,1.0,0.0,8.0
2026-06-01,https://getdailyvox.com/blog/journal-app-privacy-comparison,0.0,5.0,0.0,10.8
2026-06-01,https://getdailyvox.com/blog/journal-app-privacy-labels-explained,0.0,1.0,0.0,3.0
2026-06-01,https://getdailyvox.com/blog/voice-journaling-for-therapy,0.0,3.0,0.0,46.666666666666664
2026-06-01,https://getdailyvox.com/blog/voice-recorder-diary-app,0.0,3.0,0.0,50.333333333333336
2026-06-01,https://getdailyvox.com/blog/why-your-ai-journal-shouldnt-send-data-to-cloud,0.0,1.0,0.0,10.0
2026-06-01,https://getdailyvox.com/changelog,0.0,1.0,0.0,7.0
2026-06-01,https://getdailyvox.com/faq,0.0,1.0,0.0,4.0
2026-06-01,https://getdailyvox.com/glossary,0.0,4.0,0.0,43.0
2026-06-01,https://getdailyvox.com/journal-app-comparison,0.0,5.0,0.0,36.0
2026-06-01,https://getdailyvox.com/use/interview-prep,0.0,2.0,0.0,73.5
2026-06-02,https://getdailyvox.com/,1.0,4.0,0.25,1.0
2026-06-02,https://getdailyvox.com/about,0.0,13.0,0.0,7.230769230769231
2026-06-02,https://getdailyvox.com/blog/42-second-journal,0.0,2.0,0.0,8.5
2026-06-02,https://getdailyvox.com/blog/ai-journal-that-works-offline,0.0,3.0,0.0,9.333333333333334
2026-06-02,https://getdailyvox.com/blog/best-free-journal-app-2026,0.0,3.0,0.0,8.0
2026-06-02,https://getdailyvox.com/blog/best-journal-app-for-seniors,0.0,1.0,0.0,74.0
2026-06-02,https://getdailyvox.com/blog/best-voice-journal-app,0.0,7.0,0.0,29.571428571428573
2026-06-02,https://getdailyvox.com/blog/journal-app-privacy-comparison,0.0,4.0,0.0,24.75
2026-06-02,https://getdailyvox.com/blog/voice-recorder-diary-app,0.0,1.0,0.0,53.0
2026-06-02,https://getdailyvox.com/faq,0.0,4.0,0.0,4.0
2026-06-02,https://getdailyvox.com/for/truck-drivers-anger-management,0.0,1.0,0.0,71.0
2026-06-02,https://getdailyvox.com/for/veterans-health-diagnosis,0.0,1.0,0.0,72.0
2026-06-02,https://getdailyvox.com/glossary,0.0,2.0,0.0,44.0
2026-06-02,https://getdailyvox.com/in/bangalore,0.0,1.0,0.0,3.0
2026-06-02,https://getdailyvox.com/journal-app-comparison,0.0,3.0,0.0,28.666666666666668
2026-06-02,https://getdailyvox.com/privacy,0.0,1.0,0.0,2.0
2026-06-02,https://getdailyvox.com/research,1.0,1.0,1.0,7.0
2026-06-02,https://getdailyvox.com/use/during-commute,0.0,1.0,0.0,10.0
2026-06-02,https://getdailyvox.com/use/interview-prep,0.0,1.0,0.0,72.0
2026-06-02,https://getdailyvox.com/voice-journaling-statistics,0.0,2.0,0.0,4.5
2026-06-03,https://getdailyvox.com/,0.0,8.0,0.0,3.125
2026-06-03,https://getdailyvox.com/about,0.0,2.0,0.0,1.0
2026-06-03,https://getdailyvox.com/alternative/five-minute-journal,0.0,1.0,0.0,11.0
2026-06-03,https://getdailyvox.com/alternative/samsung-notes,0.0,1.0,0.0,12.0
2026-06-03,https://getdailyvox.com/blog,0.0,1.0,0.0,1.0
2026-06-03,https://getdailyvox.com/blog/42-second-journal,0.0,2.0,0.0,11.5
2026-06-03,https://getdailyvox.com/blog/best-free-journal-app-2026,0.0,9.0,0.0,28.77777777777778
2026-06-03,https://getdailyvox.com/blog/best-voice-journal-app,0.0,11.0,0.0,12.272727272727273
2026-06-03,https://getdailyvox.com/blog/journal-app-privacy-comparison,0.0,2.0,0.0,9.0
2026-06-03,https://getdailyvox.com/changelog,0.0,1.0,0.0,8.0
2026-06-03,https://getdailyvox.com/faq,0.0,5.0,0.0,3.8
2026-06-03,https://getdailyvox.com/technology,0.0,1.0,0.0,1.0
2026-06-03,https://getdailyvox.com/use/interview-prep,0.0,1.0,0.0,76.0
2026-06-03,https://getdailyvox.com/voice-journaling-statistics,0.0,3.0,0.0,8.333333333333332
2026-06-04,https://getdailyvox.com/,0.0,1.0,0.0,2.0
2026-06-04,https://getdailyvox.com/alternative/five-minute-journal,0.0,1.0,0.0,39.0
2026-06-04,https://getdailyvox.com/blog/ai-journal-that-works-offline,0.0,5.0,0.0,6.0
2026-06-04,https://getdailyvox.com/blog/best-free-journal-app-2026,0.0,1.0,0.0,77.0
2026-06-04,https://getdailyvox.com/blog/best-voice-journal-app,0.0,5.0,0.0,17.8
2026-06-04,https://getdailyvox.com/blog/dailyvox-vs-stoic,0.0,2.0,0.0,15.5
2026-06-04,https://getdailyvox.com/blog/journal-app-privacy-comparison,0.0,7.0,0.0,21.428571428571427
2026-06-04,https://getdailyvox.com/blog/never-leaves-guarantee,0.0,1.0,0.0,5.0
2026-06-04,https://getdailyvox.com/blog/on-device-ai-maturity-model,0.0,2.0,0.0,9.5
2026-06-04,https://getdailyvox.com/blog/why-your-journal-app-shouldnt-need-internet,0.0,2.0,0.0,5.0
2026-06-04,https://getdailyvox.com/journal-app-comparison,0.0,5.0,0.0,22.4
2026-06-04,https://getdailyvox.com/privacy,0.0,2.0,0.0,9.0
2026-06-04,https://getdailyvox.com/use/breakup-recovery,0.0,1.0,0.0,4.0
2026-06-04,https://getdailyvox.com/use/interview-prep,0.0,1.0,0.0,73.0
2026-06-05,https://getdailyvox.com/blog/adhd-voice-journaling-protocol,0.0,3.0,0.0,9.333333333333334
2026-06-05,https://getdailyvox.com/blog/ai-journal-that-works-offline,0.0,2.0,0.0,8.0
2026-06-05,https://getdailyvox.com/blog/best-voice-journal-app,0.0,3.0,0.0,16.0
2026-06-05,https://getdailyvox.com/blog/dailyvox-vs-obsidian,0.0,1.0,0.0,10.0
2026-06-05,https://getdailyvox.com/blog/dailyvox-vs-stoic,0.0,2.0,0.0,9.5
2026-06-05,https://getdailyvox.com/blog/journal-app-privacy-comparison,0.0,1.0,0.0,8.0
2026-06-05,https://getdailyvox.com/blog/voice-recorder-diary-app,0.0,2.0,0.0,50.5
2026-06-05,https://getdailyvox.com/blog/why-your-ai-journal-shouldnt-send-data-to-cloud,0.0,1.0,0.0,7.0
2026-06-05,https://getdailyvox.com/glossary,0.0,1.0,0.0,42.0
2026-06-05,https://getdailyvox.com/journal-app-comparison,0.0,2.0,0.0,44.5
2026-06-05,https://getdailyvox.com/use/interview-prep,0.0,1.0,0.0,63.0
2026-06-06,https://getdailyvox.com/,0.0,3.0,0.0,5.0
2026-06-06,https://getdailyvox.com/about,0.0,3.0,0.0,10.0
2026-06-06,https://getdailyvox.com/blog/ai-journal-that-works-offline,0.0,1.0,0.0,10.0
2026-06-06,https://getdailyvox.com/blog/best-free-journal-app-2026,0.0,2.0,0.0,70.0
2026-06-06,https://getdailyvox.com/blog/best-journal-app-for-seniors,0.0,1.0,0.0,4.0
2026-06-06,https://getdailyvox.com/blog/best-voice-journal-app,0.0,8.0,0.0,24.75
2026-06-06,https://getdailyvox.com/blog/dailyvox-vs-finch,0.0,1.0,0.0,14.0
2026-06-06,https://getdailyvox.com/blog/journal-app-privacy-comparison,0.0,1.0,0.0,6.0
2026-06-06,https://getdailyvox.com/blog/talk-to-your-past-self-digital-twin,0.0,2.0,0.0,9.0
2026-06-06,https://getdailyvox.com/blog/voice-recorder-diary-app,0.0,2.0,0.0,66.5
2026-06-06,https://getdailyvox.com/faq,0.0,1.0,0.0,2.0
2026-06-06,https://getdailyvox.com/journal-app-comparison,0.0,1.0,0.0,12.0
2026-06-06,https://getdailyvox.com/use/interview-prep,0.0,1.0,0.0,75.0
2026-06-07,https://getdailyvox.com/,0.0,44.0,0.0,3.522727272727273
2026-06-07,https://getdailyvox.com/about,0.0,29.0,0.0,6.620689655172414
2026-06-07,https://getdailyvox.com/alternative/finch,0.0,1.0,0.0,18.0
2026-06-07,https://getdailyvox.com/blog,0.0,7.0,0.0,6.0
2026-06-07,https://getdailyvox.com/blog/ai-journal-that-works-offline,0.0,15.0,0.0,6.0
2026-06-07,https://getdailyvox.com/blog/apple-journal-vs-dailyvox,0.0,11.0,0.0,6.909090909090909
2026-06-07,https://getdailyvox.com/blog/best-free-journal-app-2026,0.0,22.0,0.0,9.454545454545455
2026-06-07,https://getdailyvox.com/blog/best-journal-app-for-seniors,0.0,3.0,0.0,5.333333333333333
2026-06-07,https://getdailyvox.com/blog/best-voice-journal-app,0.0,53.0,0.0,13.226415094339623
2026-06-07,https://getdailyvox.com/blog/dailyvox-vs-stoic,0.0,1.0,0.0,11.0
2026-06-07,https://getdailyvox.com/blog/how-digital-twin-learns-personality,0.0,8.0,0.0,8.0
2026-06-07,https://getdailyvox.com/blog/journal-app-privacy-comparison,0.0,8.0,0.0,9.25
2026-06-07,https://getdailyvox.com/blog/journal-app-privacy-labels-explained,0.0,3.0,0.0,2.666666666666667
2026-06-07,https://getdailyvox.com/blog/never-leaves-guarantee,0.0,4.0,0.0,5.25
2026-06-07,https://getdailyvox.com/blog/on-device-ai-maturity-model,0.0,5.0,0.0,5.0
2026-06-07,https://getdailyvox.com/blog/on-device-ai-vs-cloud-ai-journaling,0.0,10.0,0.0,4.5
2026-06-07,https://getdailyvox.com/blog/page/3,0.0,9.0,0.0,7.333333333333333
2026-06-07,https://getdailyvox.com/blog/talk-to-your-past-self-digital-twin,0.0,3.0,0.0,4.666666666666666
2026-06-07,https://getdailyvox.com/blog/voice-journaling-for-therapy,0.0,3.0,0.0,6.666666666666667
2026-06-07,https://getdailyvox.com/blog/voice-recorder-diary-app,0.0,13.0,0.0,27.615384615384617
2026-06-07,https://getdailyvox.com/compare,0.0,53.0,0.0,4.60377358490566
2026-06-07,https://getdailyvox.com/faq,0.0,57.0,0.0,4.140350877192983
2026-06-07,https://getdailyvox.com/for/designers,0.0,2.0,0.0,3.5
2026-06-07,https://getdailyvox.com/glossary,0.0,7.0,0.0,6.857142857142857
2026-06-07,https://getdailyvox.com/in/phnom-penh,0.0,3.0,0.0,9.666666666666666
2026-06-07,https://getdailyvox.com/journal-app-comparison,0.0,13.0,0.0,5.230769230769231
2026-06-07,https://getdailyvox.com/privacy,0.0,12.0,0.0,4.583333333333334
2026-06-07,https://getdailyvox.com/technology,0.0,2.0,0.0,1.5
2026-06-07,https://getdailyvox.com/use/interview-prep,0.0,1.0,0.0,78.0
2026-06-08,https://getdailyvox.com/,0.0,4.0,0.0,3.75
2026-06-08,https://getdailyvox.com/about,0.0,11.0,0.0,4.818181818181818
2026-06-08,https://getdailyvox.com/alternative/audio-diary,0.0,1.0,0.0,9.0
2026-06-08,https://getdailyvox.com/blog/ai-journal-that-works-offline,0.0,1.0,0.0,9.0
2026-06-08,https://getdailyvox.com/blog/best-free-journal-app-2026,0.0,16.0,0.0,13.1875
2026-06-08,https://getdailyvox.com/blog/best-voice-journal-app,0.0,6.0,0.0,9.833333333333334
2026-06-08,https://getdailyvox.com/blog/dailyvox-vs-finch,0.0,1.0,0.0,6.0
2026-06-08,https://getdailyvox.com/blog/how-digital-twin-learns-personality,0.0,2.0,0.0,6.0
2026-06-08,https://getdailyvox.com/blog/journal-app-privacy-comparison,0.0,3.0,0.0,11.333333333333334
2026-06-08,https://getdailyvox.com/blog/voice-journaling-for-therapy,0.0,2.0,0.0,8.0
2026-06-08,https://getdailyvox.com/changelog,0.0,5.0,0.0,7.8
2026-06-08,https://getdailyvox.com/faq,0.0,3.0,0.0,6.666666666666667
2026-06-08,https://getdailyvox.com/for/veterinarians-health-diagnosis,0.0,1.0,0.0,8.0
2026-06-08,https://getdailyvox.com/in/bangalore,0.0,1.0,0.0,3.0
2026-06-08,https://getdailyvox.com/in/los-angeles,0.0,1.0,0.0,19.0
2026-06-08,https://getdailyvox.com/in/miami,0.0,2.0,0.0,6.0
2026-06-08,https://getdailyvox.com/journal-app-comparison,0.0,1.0,0.0,4.0
2026-06-08,https://getdailyvox.com/privacy,0.0,1.0,0.0,7.0
2026-06-08,https://getdailyvox.com/research,0.0,1.0,0.0,10.0
2026-06-08,https://getdailyvox.com/support,0.0,2.0,0.0,6.0
2026-06-08,https://getdailyvox.com/technology,0.0,5.0,0.0,5.6
2026-06-08,https://getdailyvox.com/use/interview-prep,0.0,1.0,0.0,64.0
2026-06-09,https://getdailyvox.com/,1.0,7.0,0.14285714285714285,7.428571428571429
2026-06-09,https://getdailyvox.com/about,0.0,6.0,0.0,6.333333333333333
2026-06-09,https://getdailyvox.com/alternative/bear,0.0,1.0,0.0,37.0
2026-06-09,https://getdailyvox.com/alternative/finch,0.0,1.0,0.0,11.0
2026-06-09,https://getdailyvox.com/blog/ai-journal-that-works-offline,0.0,3.0,0.0,7.333333333333333
2026-06-09,https://getdailyvox.com/blog/best-free-journal-app-2026,1.0,10.0,0.1,19.7
2026-06-09,https://getdailyvox.com/blog/best-journal-app-for-men,0.0,5.0,0.0,6.2
2026-06-09,https://getdailyvox.com/blog/best-voice-journal-app,0.0,7.0,0.0,24.857142857142858
2026-06-09,https://getdailyvox.com/blog/digital-clone-personal-use,0.0,1.0,0.0,17.0
2026-06-09,https://getdailyvox.com/blog/how-digital-twin-learns-personality,0.0,1.0,0.0,4.0
2026-06-09,https://getdailyvox.com/blog/journal-app-privacy-comparison,0.0,1.0,0.0,7.0
2026-06-09,https://getdailyvox.com/blog/journal-app-privacy-labels-explained,0.0,2.0,0.0,6.0
2026-06-09,https://getdailyvox.com/blog/on-device-ai-maturity-model,0.0,1.0,0.0,2.0
2026-06-09,https://getdailyvox.com/blog/voice-journaling-for-therapy,0.0,1.0,0.0,6.0
2026-06-09,https://getdailyvox.com/blog/voice-recorder-diary-app,0.0,2.0,0.0,50.0
2026-06-09,https://getdailyvox.com/changelog,0.0,1.0,0.0,10.0
2026-06-09,https://getdailyvox.com/faq,0.0,2.0,0.0,7.0
2026-06-09,https://getdailyvox.com/for/researchers-career-change,0.0,1.0,0.0,4.0
2026-06-09,https://getdailyvox.com/for/teachers,0.0,1.0,0.0,8.0
2026-06-09,https://getdailyvox.com/journal-app-comparison,0.0,2.0,0.0,42.0
2026-06-09,https://getdailyvox.com/technology,0.0,4.0,0.0,15.25
2026-06-09,https://getdailyvox.com/use/interview-prep,0.0,3.0,0.0,69.33333333333333
2026-06-09,https://getdailyvox.com/use/public-speaking,0.0,3.0,0.0,77.66666666666667
2026-06-10,https://getdailyvox.com/,0.0,5.0,0.0,8.0
2026-06-10,https://getdailyvox.com/about,0.0,2.0,0.0,3.5
2026-06-10,https://getdailyvox.com/blog,0.0,1.0,0.0,53.0
2026-06-10,https://getdailyvox.com/blog/ai-journal-that-works-offline,0.0,4.0,0.0,8.75
2026-06-10,https://getdailyvox.com/blog/best-free-journal-app-2026,0.0,18.0,0.0,18.944444444444443
2026-06-10,https://getdailyvox.com/blog/best-journal-app-for-men,0.0,4.0,0.0,7.75
2026-06-10,https://getdailyvox.com/blog/best-voice-journal-app,0.0,4.0,0.0,16.5
2026-06-10,https://getdailyvox.com/blog/dailyvox-vs-audio-diary,0.0,2.0,0.0,6.0
2026-06-10,https://getdailyvox.com/blog/dailyvox-vs-finch,0.0,1.0,0.0,11.0
2026-06-10,https://getdailyvox.com/blog/dailyvox-vs-stoic,0.0,2.0,0.0,26.0
2026-06-10,https://getdailyvox.com/blog/journal-app-privacy-comparison,0.0,4.0,0.0,31.5
2026-06-10,https://getdailyvox.com/blog/journal-app-privacy-labels-explained,0.0,1.0,0.0,10.0
2026-06-10,https://getdailyvox.com/blog/voice-journaling-for-therapy,0.0,1.0,0.0,14.0
2026-06-10,https://getdailyvox.com/blog/voice-journaling-while-walking,0.0,3.0,0.0,8.0
2026-06-10,https://getdailyvox.com/blog/voice-recorder-diary-app,0.0,1.0,0.0,34.0
2026-06-10,https://getdailyvox.com/changelog,0.0,2.0,0.0,8.0
2026-06-10,https://getdailyvox.com/for/teachers,0.0,4.0,0.0,11.0
2026-06-10,https://getdailyvox.com/in/montreal,0.0,1.0,0.0,5.0
2026-06-10,https://getdailyvox.com/journal-app-comparison,0.0,3.0,0.0,12.666666666666666
2026-06-10,https://getdailyvox.com/technology,0.0,2.0,0.0,80.0
2026-06-10,https://getdailyvox.com/use/interview-prep,0.0,1.0,0.0,65.0
2026-06-10,https://getdailyvox.com/use/public-speaking,0.0,1.0,0.0,73.0
2026-06-10,https://getdailyvox.com/voice-journaling-statistics,0.0,7.0,0.0,8.571428571428571
2026-06-11,https://getdailyvox.com/,1.0,2.0,0.5,1.0
2026-06-11,https://getdailyvox.com/about,0.0,4.0,0.0,6.5
2026-06-11,https://getdailyvox.com/blog/ai-journal-that-works-offline,0.0,1.0,0.0,5.0
2026-06-11,https://getdailyvox.com/blog/best-free-journal-app-2026,0.0,20.0,0.0,23.95
2026-06-11,https://getdailyvox.com/blog/best-journal-app-for-anxiety,0.0,2.0,0.0,34.5
2026-06-11,https://getdailyvox.com/blog/best-journal-app-for-men,0.0,3.0,0.0,8.333333333333332
2026-06-11,https://getdailyvox.com/blog/best-journal-app-for-seniors,0.0,1.0,0.0,8.0
2026-06-11,https://getdailyvox.com/blog/best-voice-journal-app,0.0,8.0,0.0,10.625
2026-06-11,https://getdailyvox.com/blog/dailyvox-vs-audio-diary,0.0,1.0,0.0,11.0
2026-06-11,https://getdailyvox.com/blog/dailyvox-vs-otter,0.0,1.0,0.0,11.0
2026-06-11,https://getdailyvox.com/blog/disaster-preparedness-journaling,0.0,1.0,0.0,17.0
2026-06-11,https://getdailyvox.com/blog/journal-app-privacy-comparison,0.0,3.0,0.0,16.0
2026-06-11,https://getdailyvox.com/blog/journal-app-privacy-labels-explained,0.0,1.0,0.0,10.0
2026-06-11,https://getdailyvox.com/blog/why-your-ai-journal-shouldnt-send-data-to-cloud,0.0,1.0,0.0,8.0
2026-06-11,https://getdailyvox.com/changelog,0.0,2.0,0.0,9.0
2026-06-11,https://getdailyvox.com/faq,0.0,2.0,0.0,7.5
2026-06-11,https://getdailyvox.com/for/writers,0.0,1.0,0.0,45.0
2026-06-11,https://getdailyvox.com/journal-app-comparison,0.0,2.0,0.0,15.5
2026-06-11,https://getdailyvox.com/technology,0.0,2.0,0.0,37.5
2026-06-11,https://getdailyvox.com/use/interview-prep,0.0,1.0,0.0,76.0
2026-06-11,https://getdailyvox.com/use/public-speaking,0.0,1.0,0.0,84.0
2026-06-11,https://getdailyvox.com/voice-journaling-statistics,0.0,7.0,0.0,8.714285714285715
2026-06-12,https://getdailyvox.com/,1.0,25.0,0.04,5.4
2026-06-12,https://getdailyvox.com/about,0.0,16.0,0.0,5.1875
2026-06-12,https://getdailyvox.com/alternative/audio-diary,0.0,6.0,0.0,7.166666666666667
2026-06-12,https://getdailyvox.com/alternative/bearable,0.0,2.0,0.0,9.0
2026-06-12,https://getdailyvox.com/blog,0.0,33.0,0.0,2.878787878787879
2026-06-12,https://getdailyvox.com/blog/ai-journal-that-works-offline,0.0,13.0,0.0,5.076923076923077
2026-06-12,https://getdailyvox.com/blog/apple-journal-vs-dailyvox,0.0,7.0,0.0,8.428571428571429
2026-06-12,https://getdailyvox.com/blog/best-free-journal-app-2026,0.0,49.0,0.0,8.020408163265305
2026-06-12,https://getdailyvox.com/blog/best-journal-app-for-anxiety,0.0,2.0,0.0,25.0
2026-06-12,https://getdailyvox.com/blog/best-journal-app-for-seniors,0.0,1.0,0.0,7.0
2026-06-12,https://getdailyvox.com/blog/best-voice-journal-app,0.0,55.0,0.0,7.6909090909090905
2026-06-12,https://getdailyvox.com/blog/dailyvox-vs-apple-journal,0.0,4.0,0.0,10.75
2026-06-12,https://getdailyvox.com/blog/dailyvox-vs-audio-diary,0.0,46.0,0.0,6.8478260869565215
2026-06-12,https://getdailyvox.com/blog/dailyvox-vs-finch,0.0,5.0,0.0,7.8
2026-06-12,https://getdailyvox.com/blog/dailyvox-vs-granola,0.0,3.0,0.0,7.0
2026-06-12,https://getdailyvox.com/blog/dailyvox-vs-stoic,0.0,2.0,0.0,10.0
2026-06-12,https://getdailyvox.com/blog/how-digital-twin-learns-personality,0.0,4.0,0.0,7.25
2026-06-12,https://getdailyvox.com/blog/journal-app-privacy-comparison,0.0,4.0,0.0,5.5
2026-06-12,https://getdailyvox.com/blog/journal-app-privacy-labels-explained,0.0,1.0,0.0,8.0
2026-06-12,https://getdailyvox.com/blog/journal-every-day-90-days,0.0,1.0,0.0,9.0
2026-06-12,https://getdailyvox.com/blog/never-leaves-guarantee,0.0,1.0,0.0,11.0
2026-06-12,https://getdailyvox.com/blog/on-device-ai-vs-cloud-ai-journaling,0.0,2.0,0.0,11.5
2026-06-12,https://getdailyvox.com/blog/page/3,0.0,8.0,0.0,8.875
2026-06-12,https://getdailyvox.com/blog/science-of-talking-to-yourself,0.0,1.0,0.0,10.0
2026-06-12,https://getdailyvox.com/blog/voice-journaling-for-therapy,0.0,3.0,0.0,10.333333333333334
2026-06-12,https://getdailyvox.com/blog/voice-recorder-diary-app,0.0,19.0,0.0,4.2631578947368425
2026-06-12,https://getdailyvox.com/compare,0.0,25.0,0.0,3.52
2026-06-12,https://getdailyvox.com/faq,0.0,34.0,0.0,3.5588235294117645
2026-06-12,https://getdailyvox.com/glossary,0.0,1.0,0.0,11.0
2026-06-12,https://getdailyvox.com/journal-app-comparison,0.0,6.0,0.0,5.666666666666667
2026-06-12,https://getdailyvox.com/privacy,0.0,10.0,0.0,3.5
2026-06-12,https://getdailyvox.com/support,0.0,3.0,0.0,9.0
2026-06-12,https://getdailyvox.com/technology,0.0,12.0,0.0,2.083333333333333
2026-06-12,https://getdailyvox.com/use/interview-prep,0.0,1.0,0.0,65.0
2026-06-12,https://getdailyvox.com/use/public-speaking,0.0,2.0,0.0,71.0
2026-06-12,https://getdailyvox.com/voice-journaling-statistics,0.0,3.0,0.0,6.666666666666667
2026-06-13,https://getdailyvox.com/,0.0,4.0,0.0,3.5
2026-06-13,https://getdailyvox.com/about,0.0,1.0,0.0,5.0
2026-06-13,https://getdailyvox.com/blog,0.0,1.0,0.0,11.0
2026-06-13,https://getdailyvox.com/blog/ai-journal-that-works-offline,0.0,2.0,0.0,14.0
2026-06-13,https://getdailyvox.com/blog/ai-mood-prediction-vs-tracking,0.0,1.0,0.0,4.0
2026-06-13,https://getdailyvox.com/blog/best-free-journal-app-2026,0.0,11.0,0.0,17.636363636363637
2026-06-13,https://getdailyvox.com/blog/best-journal-app-for-seniors,0.0,1.0,0.0,6.0
2026-06-13,https://getdailyvox.com/blog/best-voice-journal-app,0.0,7.0,0.0,15.857142857142858
2026-06-13,https://getdailyvox.com/blog/dailyvox-vs-audio-diary,0.0,4.0,0.0,4.75
2026-06-13,https://getdailyvox.com/blog/how-digital-twin-learns-personality,0.0,1.0,0.0,2.0
2026-06-13,https://getdailyvox.com/blog/journal-app-privacy-comparison,0.0,3.0,0.0,10.666666666666666
2026-06-13,https://getdailyvox.com/blog/science-of-talking-to-yourself,0.0,1.0,0.0,13.0
2026-06-13,https://getdailyvox.com/blog/voice-journaling-for-therapy,0.0,1.0,0.0,7.0
2026-06-13,https://getdailyvox.com/faq,0.0,3.0,0.0,4.666666666666666
2026-06-13,https://getdailyvox.com/journal-app-comparison,0.0,2.0,0.0,8.0
2026-06-13,https://getdailyvox.com/support,0.0,2.0,0.0,6.0
2026-06-13,https://getdailyvox.com/technology,0.0,4.0,0.0,5.25
2026-06-13,https://getdailyvox.com/use/public-speaking,0.0,1.0,0.0,74.0
2026-06-13,https://getdailyvox.com/voice-journaling-statistics,0.0,3.0,0.0,7.0
2026-06-14,https://getdailyvox.com/,1.0,7.0,0.14285714285714285,4.285714285714286
2026-06-14,https://getdailyvox.com/about,0.0,16.0,0.0,6.625
2026-06-14,https://getdailyvox.com/alternative/bearable,0.0,1.0,0.0,8.0
2026-06-14,https://getdailyvox.com/alternative/five-minute-journal,0.0,1.0,0.0,9.0
2026-06-14,https://getdailyvox.com/blog,0.0,6.0,0.0,27.833333333333332
2026-06-14,https://getdailyvox.com/blog/adhd-voice-journaling-protocol,0.0,1.0,0.0,8.0
2026-06-14,https://getdailyvox.com/blog/best-free-journal-app-2026,0.0,26.0,0.0,24.576923076923077
2026-06-14,https://getdailyvox.com/blog/best-journal-app-for-men,0.0,1.0,0.0,9.0
2026-06-14,https://getdailyvox.com/blog/best-voice-journal-app,0.0,20.0,0.0,19.4
2026-06-14,https://getdailyvox.com/blog/dailyvox-vs-audio-diary,0.0,1.0,0.0,8.0
2026-06-14,https://getdailyvox.com/blog/journal-app-privacy-comparison,0.0,10.0,0.0,14.1
2026-06-14,https://getdailyvox.com/blog/voice-recorder-diary-app,0.0,4.0,0.0,50.75
2026-06-14,https://getdailyvox.com/changelog,0.0,1.0,0.0,21.0
2026-06-14,https://getdailyvox.com/faq,0.0,2.0,0.0,3.5
2026-06-14,https://getdailyvox.com/for/executives-sobriety-journal,1.0,1.0,1.0,11.0
2026-06-14,https://getdailyvox.com/for/writers,0.0,1.0,0.0,50.0
2026-06-14,https://getdailyvox.com/glossary,0.0,2.0,0.0,6.0
2026-06-14,https://getdailyvox.com/in/los-angeles,0.0,1.0,0.0,17.0
2026-06-14,https://getdailyvox.com/privacy,0.0,3.0,0.0,9.666666666666666
2026-06-14,https://getdailyvox.com/research,0.0,1.0,0.0,13.0
2026-06-14,https://getdailyvox.com/support,0.0,1.0,0.0,6.0
2026-06-14,https://getdailyvox.com/technology,0.0,4.0,0.0,6.25
2026-06-14,https://getdailyvox.com/use/fitness-goals,0.0,1.0,0.0,8.0
2026-06-14,https://getdailyvox.com/use/public-speaking,0.0,2.0,0.0,70.0
2026-06-14,https://getdailyvox.com/voice-journaling-statistics,0.0,3.0,0.0,7.333333333333333
2026-06-15,https://getdailyvox.com/,0.0,13.0,0.0,5.3076923076923075
2026-06-15,https://getdailyvox.com/about,0.0,18.0,0.0,7.277777777777778
2026-06-15,https://getdailyvox.com/alternative/audio-diary,0.0,1.0,0.0,8.0
2026-06-15,https://getdailyvox.com/blog,0.0,3.0,0.0,5.0
2026-06-15,https://getdailyvox.com/blog/ai-journal-that-works-offline,0.0,4.0,0.0,9.75
2026-06-15,https://getdailyvox.com/blog/ai-mood-prediction-vs-tracking,0.0,2.0,0.0,7.0
2026-06-15,https://getdailyvox.com/blog/apple-journal-vs-dailyvox,0.0,2.0,0.0,5.0
2026-06-15,https://getdailyvox.com/blog/best-free-journal-app-2026,0.0,27.0,0.0,9.592592592592593
2026-06-15,https://getdailyvox.com/blog/best-journal-app-for-men,0.0,5.0,0.0,5.4
2026-06-15,https://getdailyvox.com/blog/best-journal-app-for-seniors,0.0,4.0,0.0,8.5
2026-06-15,https://getdailyvox.com/blog/best-voice-journal-app,0.0,14.0,0.0,20.857142857142858
2026-06-15,https://getdailyvox.com/blog/dailyvox-vs-apple-journal,0.0,4.0,0.0,11.0
2026-06-15,https://getdailyvox.com/blog/dailyvox-vs-audio-diary,0.0,4.0,0.0,8.75
2026-06-15,https://getdailyvox.com/blog/dailyvox-vs-finch,0.0,4.0,0.0,5.0
2026-06-15,https://getdailyvox.com/blog/dailyvox-vs-granola,0.0,13.0,0.0,7.615384615384615
2026-06-15,https://getdailyvox.com/blog/dailyvox-vs-otter,0.0,6.0,0.0,7.333333333333333
2026-06-15,https://getdailyvox.com/blog/journal-app-privacy-comparison,0.0,4.0,0.0,8.75
2026-06-15,https://getdailyvox.com/blog/journal-app-privacy-labels-explained,0.0,3.0,0.0,41.0
2026-06-15,https://getdailyvox.com/blog/on-device-ai-vs-cloud-ai-journaling,0.0,3.0,0.0,7.0
2026-06-15,https://getdailyvox.com/blog/page/3,0.0,5.0,0.0,13.6
2026-06-15,https://getdailyvox.com/blog/talk-to-your-past-self-digital-twin,0.0,2.0,0.0,4.0
2026-06-15,https://getdailyvox.com/blog/voice-journaling-for-therapy,0.0,3.0,0.0,5.333333333333333
2026-06-15,https://getdailyvox.com/blog/voice-recorder-diary-app,0.0,3.0,0.0,25.666666666666668
2026-06-15,https://getdailyvox.com/compare,0.0,9.0,0.0,3.888888888888889
2026-06-15,https://getdailyvox.com/faq,0.0,11.0,0.0,4.818181818181818
2026-06-15,https://getdailyvox.com/for/seniors,0.0,2.0,0.0,10.0
2026-06-15,https://getdailyvox.com/for/writers,0.0,2.0,0.0,7.0
2026-06-15,https://getdailyvox.com/glossary,0.0,4.0,0.0,6.5
2026-06-15,https://getdailyvox.com/in/los-angeles,0.0,6.0,0.0,6.833333333333333
2026-06-15,https://getdailyvox.com/in/ranchi,0.0,1.0,0.0,2.0
2026-06-15,https://getdailyvox.com/journal-app-comparison,0.0,17.0,0.0,43.1764705882353
2026-06-15,https://getdailyvox.com/privacy,0.0,6.0,0.0,5.333333333333333
2026-06-15,https://getdailyvox.com/support,0.0,4.0,0.0,1.25
2026-06-15,https://getdailyvox.com/technology,0.0,9.0,0.0,6.111111111111111
2026-06-15,https://getdailyvox.com/use/during-commute,0.0,2.0,0.0,1.0
2026-06-15,https://getdailyvox.com/use/public-speaking,0.0,3.0,0.0,24.333333333333332
2026-06-15,https://getdailyvox.com/voice-journaling-statistics,0.0,6.0,0.0,5.833333333333333
2026-06-16,https://getdailyvox.com/,1.0,24.0,0.041666666666666664,4.125
2026-06-16,https://getdailyvox.com/about,0.0,19.0,0.0,5.421052631578948
2026-06-16,https://getdailyvox.com/blog,0.0,32.0,0.0,6.1875
2026-06-16,https://getdailyvox.com/blog/ai-journal-that-works-offline,0.0,3.0,0.0,5.0
2026-06-16,https://getdailyvox.com/blog/apple-journal-vs-dailyvox,0.0,9.0,0.0,7.111111111111111
2026-06-16,https://getdailyvox.com/blog/best-free-journal-app-2026,0.0,32.0,0.0,10.78125
2026-06-16,https://getdailyvox.com/blog/best-journal-app-for-men,0.0,3.0,0.0,10.0
2026-06-16,https://getdailyvox.com/blog/best-journal-app-for-seniors,0.0,3.0,0.0,5.333333333333333
2026-06-16,https://getdailyvox.com/blog/best-voice-journal-app,0.0,61.0,0.0,8.114754098360656
2026-06-16,https://getdailyvox.com/blog/dailyvox-vs-apple-journal,0.0,1.0,0.0,4.0
2026-06-16,https://getdailyvox.com/blog/dailyvox-vs-audio-diary,0.0,16.0,0.0,5.5
2026-06-16,https://getdailyvox.com/blog/dailyvox-vs-otter,0.0,2.0,0.0,10.0
2026-06-16,https://getdailyvox.com/blog/dailyvox-vs-stoic,0.0,2.0,0.0,8.5
2026-06-16,https://getdailyvox.com/blog/how-digital-twin-learns-personality,0.0,2.0,0.0,7.0
2026-06-16,https://getdailyvox.com/blog/journal-app-privacy-comparison,0.0,5.0,0.0,17.4
2026-06-16,https://getdailyvox.com/blog/journal-app-privacy-labels-explained,0.0,4.0,0.0,4.75
2026-06-16,https://getdailyvox.com/blog/never-leaves-guarantee,0.0,4.0,0.0,3.75
2026-06-16,https://getdailyvox.com/blog/on-device-ai-vs-cloud-ai-journaling,0.0,5.0,0.0,3.6
2026-06-16,https://getdailyvox.com/blog/page/3,0.0,5.0,0.0,1.8
2026-06-16,https://getdailyvox.com/blog/voice-recorder-diary-app,0.0,30.0,0.0,6.333333333333333
2026-06-16,https://getdailyvox.com/compare,0.0,33.0,0.0,3.4242424242424243
2026-06-16,https://getdailyvox.com/faq,0.0,10.0,0.0,4.6
2026-06-16,https://getdailyvox.com/journal-app-comparison,0.0,7.0,0.0,6.285714285714286
2026-06-16,https://getdailyvox.com/privacy,0.0,1.0,0.0,9.0
2026-06-16,https://getdailyvox.com/support,0.0,1.0,0.0,1.0
2026-06-16,https://getdailyvox.com/technology,0.0,12.0,0.0,3.75
2026-06-16,https://getdailyvox.com/use/fitness-goals,0.0,1.0,0.0,5.0
2026-06-16,https://getdailyvox.com/use/public-speaking,0.0,2.0,0.0,65.0
2026-06-17,https://getdailyvox.com/,1.0,88.0,0.011363636363636364,5.386363636363637
2026-06-17,https://getdailyvox.com/about,0.0,75.0,0.0,6.386666666666667
2026-06-17,https://getdailyvox.com/alternative/audio-diary,0.0,9.0,0.0,7.555555555555555
2026-06-17,https://getdailyvox.com/alternative/bear,0.0,1.0,0.0,67.0
2026-06-17,https://getdailyvox.com/alternative/bearable,0.0,4.0,0.0,4.5
2026-06-17,https://getdailyvox.com/alternative/samsung-notes,0.0,2.0,0.0,36.0
2026-06-17,https://getdailyvox.com/blog,0.0,20.0,0.0,6.7
2026-06-17,https://getdailyvox.com/blog/adhd-voice-journaling-protocol,0.0,2.0,0.0,37.0
2026-06-17,https://getdailyvox.com/blog/ai-journal-that-works-offline,0.0,15.0,0.0,6.333333333333333
2026-06-17,https://getdailyvox.com/blog/apple-journal-vs-dailyvox,0.0,15.0,0.0,9.666666666666666
2026-06-17,https://getdailyvox.com/blog/best-free-journal-app-2026,0.0,64.0,0.0,9.109375
2026-06-17,https://getdailyvox.com/blog/best-journal-app-for-anxiety,0.0,1.0,0.0,35.0
2026-06-17,https://getdailyvox.com/blog/best-journal-app-for-men,0.0,8.0,0.0,9.25
2026-06-17,https://getdailyvox.com/blog/best-journal-app-for-seniors,0.0,4.0,0.0,21.0
2026-06-17,https://getdailyvox.com/blog/best-voice-journal-app,0.0,174.0,0.0,7.132183908045977
2026-06-17,https://getdailyvox.com/blog/dailyvox-vs-apple-journal,0.0,3.0,0.0,28.666666666666668
2026-06-17,https://getdailyvox.com/blog/dailyvox-vs-audio-diary,0.0,26.0,0.0,3.8076923076923075
2026-06-17,https://getdailyvox.com/blog/dailyvox-vs-finch,0.0,4.0,0.0,6.25
2026-06-17,https://getdailyvox.com/blog/dailyvox-vs-granola,0.0,1.0,0.0,6.0
2026-06-17,https://getdailyvox.com/blog/dailyvox-vs-obsidian,0.0,1.0,0.0,10.0
2026-06-17,https://getdailyvox.com/blog/dailyvox-vs-stoic,0.0,4.0,0.0,21.75
2026-06-17,https://getdailyvox.com/blog/digital-clone-personal-use,0.0,3.0,0.0,24.333333333333332
2026-06-17,https://getdailyvox.com/blog/how-digital-twin-learns-personality,1.0,26.0,0.038461538461538464,6.884615384615385
2026-06-17,https://getdailyvox.com/blog/journal-app-privacy-comparison,0.0,8.0,0.0,28.25
2026-06-17,https://getdailyvox.com/blog/journal-app-privacy-labels-explained,0.0,5.0,0.0,10.8
2026-06-17,https://getdailyvox.com/blog/journal-every-day-90-days,0.0,2.0,0.0,8.5
2026-06-17,https://getdailyvox.com/blog/never-leaves-guarantee,0.0,3.0,0.0,1.6666666666666665
2026-06-17,https://getdailyvox.com/blog/on-device-ai-maturity-model,0.0,3.0,0.0,4.666666666666666
2026-06-17,https://getdailyvox.com/blog/on-device-ai-vs-cloud-ai-journaling,0.0,16.0,0.0,13.25
2026-06-17,https://getdailyvox.com/blog/page/3,0.0,9.0,0.0,6.555555555555555
2026-06-17,https://getdailyvox.com/blog/voice-journaling-for-therapy,0.0,5.0,0.0,4.6
2026-06-17,https://getdailyvox.com/blog/voice-recorder-diary-app,0.0,33.0,0.0,6.878787878787879
2026-06-17,https://getdailyvox.com/blog/what-is-a-digital-twin,0.0,1.0,0.0,4.0
2026-06-17,https://getdailyvox.com/changelog,0.0,3.0,0.0,10.0
2026-06-17,https://getdailyvox.com/compare,0.0,48.0,0.0,4.958333333333334
2026-06-17,https://getdailyvox.com/faq,0.0,35.0,0.0,5.514285714285714
2026-06-17,https://getdailyvox.com/glossary,0.0,5.0,0.0,6.0
2026-06-17,https://getdailyvox.com/in/dallas,0.0,3.0,0.0,7.333333333333333
2026-06-17,https://getdailyvox.com/in/los-angeles,0.0,3.0,0.0,12.0
2026-06-17,https://getdailyvox.com/journal-app-comparison,0.0,8.0,0.0,8.5
2026-06-17,https://getdailyvox.com/privacy,0.0,12.0,0.0,5.5
2026-06-17,https://getdailyvox.com/research,0.0,1.0,0.0,11.0
2026-06-17,https://getdailyvox.com/support,0.0,5.0,0.0,7.2
2026-06-17,https://getdailyvox.com/technology,0.0,42.0,0.0,6.523809523809524
2026-06-17,https://getdailyvox.com/use/burnout-recovery,0.0,1.0,0.0,9.0
2026-06-17,https://getdailyvox.com/use/public-speaking,0.0,1.0,0.0,71.0
2026-06-17,https://getdailyvox.com/use/year-in-review,0.0,3.0,0.0,5.333333333333333
2026-06-17,https://getdailyvox.com/voice-journaling-statistics,0.0,12.0,0.0,9.416666666666666
2026-06-18,https://getdailyvox.com/,0.0,18.0,0.0,2.2777777777777777
2026-06-18,https://getdailyvox.com/about,0.0,31.0,0.0,6.129032258064516
2026-06-18,https://getdailyvox.com/blog,0.0,2.0,0.0,2.5
2026-06-18,https://getdailyvox.com/blog/ai-journal-that-works-offline,0.0,4.0,0.0,18.0
2026-06-18,https://getdailyvox.com/blog/best-free-journal-app-2026,0.0,33.0,0.0,19.151515151515152
2026-06-18,https://getdailyvox.com/blog/best-journal-app-for-anxiety,0.0,1.0,0.0,42.0
2026-06-18,https://getdailyvox.com/blog/best-journal-app-for-seniors,0.0,1.0,0.0,5.0
2026-06-18,https://getdailyvox.com/blog/best-voice-journal-app,0.0,52.0,0.0,8.365384615384615
2026-06-18,https://getdailyvox.com/blog/dailyvox-vs-apple-journal,0.0,1.0,0.0,10.0
2026-06-18,https://getdailyvox.com/blog/dailyvox-vs-audio-diary,0.0,3.0,0.0,10.333333333333334
2026-06-18,https://getdailyvox.com/blog/dailyvox-vs-finch,0.0,1.0,0.0,11.0
2026-06-18,https://getdailyvox.com/blog/dailyvox-vs-otter,0.0,1.0,0.0,7.0
2026-06-18,https://getdailyvox.com/blog/dailyvox-vs-stoic,0.0,1.0,0.0,10.0
2026-06-18,https://getdailyvox.com/blog/how-digital-twin-learns-personality,0.0,6.0,0.0,6.5
2026-06-18,https://getdailyvox.com/blog/journal-app-privacy-comparison,0.0,8.0,0.0,20.5
2026-06-18,https://getdailyvox.com/blog/journal-app-privacy-labels-explained,0.0,2.0,0.0,10.0
2026-06-18,https://getdailyvox.com/blog/journal-every-day-90-days,0.0,1.0,0.0,6.0
2026-06-18,https://getdailyvox.com/blog/voice-journal-for-dyslexia,1.0,1.0,1.0,8.0
2026-06-18,https://getdailyvox.com/blog/voice-recorder-diary-app,0.0,9.0,0.0,16.77777777777778
2026-06-18,https://getdailyvox.com/blog/why-your-journal-app-shouldnt-need-internet,0.0,1.0,0.0,9.0
2026-06-18,https://getdailyvox.com/compare,0.0,6.0,0.0,2.166666666666667
2026-06-18,https://getdailyvox.com/faq,0.0,15.0,0.0,5.733333333333333
2026-06-18,https://getdailyvox.com/for/therapists,0.0,1.0,0.0,11.0
2026-06-18,https://getdailyvox.com/in/amsterdam,0.0,2.0,0.0,6.0
2026-06-18,https://getdailyvox.com/journal-app-comparison,0.0,4.0,0.0,38.5
2026-06-18,https://getdailyvox.com/privacy,0.0,5.0,0.0,2.8
2026-06-18,https://getdailyvox.com/research,0.0,3.0,0.0,1.6666666666666665
2026-06-18,https://getdailyvox.com/technology,0.0,19.0,0.0,19.736842105263158
2026-06-18,https://getdailyvox.com/use/public-speaking,0.0,1.0,0.0,68.0
2026-06-18,https://getdailyvox.com/voice-journaling-statistics,0.0,6.0,0.0,14.5
2026-06-19,https://getdailyvox.com/,0.0,7.0,0.0,4.0
2026-06-19,https://getdailyvox.com/about,0.0,5.0,0.0,6.0
2026-06-19,https://getdailyvox.com/alternative/audio-diary,0.0,1.0,0.0,34.0
2026-06-19,https://getdailyvox.com/alternative/bear,0.0,1.0,0.0,28.0
2026-06-19,https://getdailyvox.com/alternative/bearable,0.0,2.0,0.0,19.5
2026-06-19,https://getdailyvox.com/alternative/finch,0.0,1.0,0.0,26.0
2026-06-19,https://getdailyvox.com/alternative/five-minute-journal,0.0,2.0,0.0,24.0
2026-06-19,https://getdailyvox.com/alternative/samsung-notes,0.0,1.0,0.0,35.0
2026-06-19,https://getdailyvox.com/blog,0.0,1.0,0.0,7.0
2026-06-19,https://getdailyvox.com/blog/adhd-voice-journaling-protocol,0.0,1.0,0.0,44.0
2026-06-19,https://getdailyvox.com/blog/ai-journal-that-works-offline,0.0,3.0,0.0,20.333333333333332
2026-06-19,https://getdailyvox.com/blog/apple-journal-vs-dailyvox,0.0,1.0,0.0,43.0
2026-06-19,https://getdailyvox.com/blog/best-free-journal-app-2026,0.0,14.0,0.0,23.142857142857142
2026-06-19,https://getdailyvox.com/blog/best-journal-app-for-anxiety,0.0,1.0,0.0,50.0
2026-06-19,https://getdailyvox.com/blog/best-journal-app-for-men,0.0,2.0,0.0,32.0
2026-06-19,https://getdailyvox.com/blog/best-journal-app-for-seniors,0.0,4.0,0.0,16.25
2026-06-19,https://getdailyvox.com/blog/best-voice-journal-app,0.0,15.0,0.0,16.2
2026-06-19,https://getdailyvox.com/blog/dailyvox-vs-apple-journal,0.0,1.0,0.0,47.0
2026-06-19,https://getdailyvox.com/blog/dailyvox-vs-audio-diary,0.0,1.0,0.0,46.0
2026-06-19,https://getdailyvox.com/blog/dailyvox-vs-finch,0.0,2.0,0.0,12.0
2026-06-19,https://getdailyvox.com/blog/dailyvox-vs-granola,0.0,1.0,0.0,13.0
2026-06-19,https://getdailyvox.com/blog/dailyvox-vs-obsidian,0.0,1.0,0.0,10.0
2026-06-19,https://getdailyvox.com/blog/dailyvox-vs-otter,0.0,2.0,0.0,21.0
2026-06-19,https://getdailyvox.com/blog/dailyvox-vs-stoic,0.0,1.0,0.0,38.0
2026-06-19,https://getdailyvox.com/blog/how-digital-twin-learns-personality,0.0,5.0,0.0,16.0
2026-06-19,https://getdailyvox.com/blog/journal-app-privacy-comparison,0.0,2.0,0.0,24.5
2026-06-19,https://getdailyvox.com/blog/page/3,0.0,2.0,0.0,29.0
2026-06-19,https://getdailyvox.com/blog/voice-journal-for-dyslexia,0.0,1.0,0.0,9.0
2026-06-19,https://getdailyvox.com/blog/voice-journaling-while-walking,0.0,1.0,0.0,9.0
2026-06-19,https://getdailyvox.com/blog/voice-recorder-diary-app,0.0,3.0,0.0,48.333333333333336
2026-06-19,https://getdailyvox.com/blog/why-your-journal-app-shouldnt-need-internet,0.0,1.0,0.0,10.0
2026-06-19,https://getdailyvox.com/changelog,0.0,3.0,0.0,5.666666666666667
2026-06-19,https://getdailyvox.com/compare,0.0,2.0,0.0,10.0
2026-06-19,https://getdailyvox.com/faq,0.0,3.0,0.0,4.333333333333334
2026-06-19,https://getdailyvox.com/for/accountants,0.0,1.0,0.0,20.0
2026-06-19,https://getdailyvox.com/for/bartenders,0.0,1.0,0.0,23.0
2026-06-19,https://getdailyvox.com/for/coaches,0.0,1.0,0.0,25.0
2026-06-19,https://getdailyvox.com/for/librarians,0.0,1.0,0.0,24.0
2026-06-19,https://getdailyvox.com/for/professors,0.0,1.0,0.0,17.0
2026-06-19,https://getdailyvox.com/for/researchers-career-change,0.0,1.0,0.0,40.0
2026-06-19,https://getdailyvox.com/for/retirees,0.0,1.0,0.0,16.0
2026-06-19,https://getdailyvox.com/for/seniors,0.0,2.0,0.0,9.5
2026-06-19,https://getdailyvox.com/for/teachers,0.0,1.0,0.0,18.0
2026-06-19,https://getdailyvox.com/for/truck-drivers-anger-management,0.0,1.0,0.0,48.0
2026-06-19,https://getdailyvox.com/for/writers,0.0,1.0,0.0,15.0
2026-06-19,https://getdailyvox.com/glossary,0.0,2.0,0.0,4.0
2026-06-19,https://getdailyvox.com/in/dublin,0.0,1.0,0.0,21.0
2026-06-19,https://getdailyvox.com/in/ljubljana,0.0,1.0,0.0,29.0
2026-06-19,https://getdailyvox.com/in/los-angeles,0.0,2.0,0.0,27.0
2026-06-19,https://getdailyvox.com/in/montreal,0.0,1.0,0.0,19.0
2026-06-19,https://getdailyvox.com/in/phnom-penh,0.0,1.0,0.0,36.0
2026-06-19,https://getdailyvox.com/in/vancouver,0.0,1.0,0.0,22.0
2026-06-19,https://getdailyvox.com/journal-app-comparison,0.0,5.0,0.0,13.2
2026-06-19,https://getdailyvox.com/privacy,0.0,1.0,0.0,4.0
2026-06-19,https://getdailyvox.com/research,0.0,1.0,0.0,8.0
2026-06-19,https://getdailyvox.com/support,0.0,2.0,0.0,12.5
2026-06-19,https://getdailyvox.com/technology,0.0,3.0,0.0,5.0
2026-06-19,https://getdailyvox.com/use/fitness-goals,1.0,1.0,1.0,7.0
2026-06-19,https://getdailyvox.com/use/public-speaking,0.0,2.0,0.0,48.5
2026-06-19,https://getdailyvox.com/voice-journaling-statistics,0.0,5.0,0.0,10.4
2026-06-20,https://getdailyvox.com/about,0.0,4.0,0.0,15.0
2026-06-20,https://getdailyvox.com/blog/ai-journal-that-works-offline,0.0,4.0,0.0,7.0
2026-06-20,https://getdailyvox.com/blog/anti-optimization-journal,0.0,2.0,0.0,12.5
2026-06-20,https://getdailyvox.com/blog/best-free-journal-app-2026,0.0,17.0,0.0,19.470588235294116
2026-06-20,https://getdailyvox.com/blog/best-journal-app-for-men,1.0,3.0,0.3333333333333333,7.666666666666667
2026-06-20,https://getdailyvox.com/blog/best-voice-journal-app,0.0,15.0,0.0,7.466666666666667
2026-06-20,https://getdailyvox.com/blog/journal-app-privacy-comparison,0.0,7.0,0.0,31.0
2026-06-20,https://getdailyvox.com/blog/journaling-for-couples,0.0,1.0,0.0,11.0
2026-06-20,https://getdailyvox.com/blog/page/3,0.0,2.0,0.0,33.0
2026-06-20,https://getdailyvox.com/blog/science-of-talking-to-yourself,0.0,2.0,0.0,11.0
2026-06-20,https://getdailyvox.com/journal-app-comparison,0.0,1.0,0.0,12.0
2026-06-20,https://getdailyvox.com/technology,0.0,4.0,0.0,27.25
2026-06-20,https://getdailyvox.com/use/public-speaking,0.0,1.0,0.0,67.0
2026-06-20,https://getdailyvox.com/voice-journaling-statistics,0.0,8.0,0.0,18.0
2026-06-21,https://getdailyvox.com/,0.0,8.0,0.0,3.375
2026-06-21,https://getdailyvox.com/about,0.0,3.0,0.0,5.333333333333333
2026-06-21,https://getdailyvox.com/blog,0.0,2.0,0.0,7.5
2026-06-21,https://getdailyvox.com/blog/ai-journal-that-works-offline,0.0,6.0,0.0,7.333333333333333
2026-06-21,https://getdailyvox.com/blog/best-free-journal-app-2026,0.0,11.0,0.0,14.090909090909092
2026-06-21,https://getdailyvox.com/blog/best-journal-app-for-anxiety,0.0,1.0,0.0,17.0
2026-06-21,https://getdailyvox.com/blog/best-journal-app-for-seniors,0.0,1.0,0.0,11.0
2026-06-21,https://getdailyvox.com/blog/best-voice-journal-app,0.0,22.0,0.0,18.90909090909091
2026-06-21,https://getdailyvox.com/blog/dailyvox-vs-audio-diary,0.0,1.0,0.0,29.0
2026-06-21,https://getdailyvox.com/blog/dailyvox-vs-finch,0.0,5.0,0.0,38.4
2026-06-21,https://getdailyvox.com/blog/dailyvox-vs-stoic,0.0,2.0,0.0,3.5
2026-06-21,https://getdailyvox.com/blog/journal-app-privacy-comparison,0.0,1.0,0.0,8.0
2026-06-21,https://getdailyvox.com/blog/journaling-for-couples,0.0,1.0,0.0,11.0
2026-06-21,https://getdailyvox.com/blog/on-device-ai-maturity-model,0.0,1.0,0.0,4.0
2026-06-21,https://getdailyvox.com/blog/voice-recorder-diary-app,0.0,7.0,0.0,49.42857142857143
2026-06-21,https://getdailyvox.com/for/retirees,0.0,1.0,0.0,12.0
2026-06-21,https://getdailyvox.com/for/veterinarians-health-diagnosis,0.0,1.0,0.0,6.0
2026-06-21,https://getdailyvox.com/glossary,0.0,1.0,0.0,10.0
2026-06-21,https://getdailyvox.com/in/amsterdam,0.0,4.0,0.0,5.25
2026-06-21,https://getdailyvox.com/in/dallas,0.0,4.0,0.0,2.5
2026-06-21,https://getdailyvox.com/in/dublin,0.0,2.0,0.0,11.0
2026-06-21,https://getdailyvox.com/in/los-angeles,0.0,4.0,0.0,1.5
2026-06-21,https://getdailyvox.com/in/montreal,0.0,4.0,0.0,10.0
2026-06-21,https://getdailyvox.com/in/vancouver,0.0,4.0,0.0,7.5
2026-06-21,https://getdailyvox.com/journal-app-comparison,0.0,2.0,0.0,12.5
2026-06-21,https://getdailyvox.com/technology,0.0,8.0,0.0,18.375
2026-06-21,https://getdailyvox.com/use/fitness-goals,0.0,1.0,0.0,7.0
2026-06-21,https://getdailyvox.com/use/new-city,0.0,1.0,0.0,11.0
2026-06-21,https://getdailyvox.com/use/public-speaking,0.0,2.0,0.0,65.5
2026-06-21,https://getdailyvox.com/voice-journaling-statistics,0.0,5.0,0.0,10.0
2026-06-22,https://getdailyvox.com/,1.0,51.0,0.0196078431372549,5.176470588235294
2026-06-22,https://getdailyvox.com/about,0.0,48.0,0.0,5.3125
2026-06-22,https://getdailyvox.com/alternative/audio-diary,0.0,2.0,0.0,1.5
2026-06-22,https://getdailyvox.com/alternative/bearable,0.0,2.0,0.0,10.0
2026-06-22,https://getdailyvox.com/alternative/samsung-notes,0.0,1.0,0.0,12.0
2026-06-22,https://getdailyvox.com/blog,0.0,12.0,0.0,10.083333333333334
2026-06-22,https://getdailyvox.com/blog/ai-journal-that-works-offline,0.0,4.0,0.0,7.5
2026-06-22,https://getdailyvox.com/blog/best-free-journal-app-2026,0.0,32.0,0.0,9.75
2026-06-22,https://getdailyvox.com/blog/best-journal-app-for-anxiety,0.0,3.0,0.0,22.0
2026-06-22,https://getdailyvox.com/blog/best-journal-app-for-men,0.0,7.0,0.0,8.142857142857142
2026-06-22,https://getdailyvox.com/blog/best-journal-app-for-seniors,0.0,4.0,0.0,7.5
2026-06-22,https://getdailyvox.com/blog/best-voice-journal-app,0.0,106.0,0.0,7.386792452830188
2026-06-22,https://getdailyvox.com/blog/dailyvox-vs-apple-journal,0.0,4.0,0.0,9.25
2026-06-22,https://getdailyvox.com/blog/dailyvox-vs-audio-diary,0.0,6.0,0.0,8.166666666666668
2026-06-22,https://getdailyvox.com/blog/dailyvox-vs-otter,0.0,1.0,0.0,11.0
2026-06-22,https://getdailyvox.com/blog/how-digital-twin-learns-personality,0.0,7.0,0.0,10.142857142857142
2026-06-22,https://getdailyvox.com/blog/journal-app-privacy-comparison,0.0,7.0,0.0,10.142857142857142
2026-06-22,https://getdailyvox.com/blog/journal-app-privacy-labels-explained,0.0,3.0,0.0,2.333333333333333
2026-06-22,https://getdailyvox.com/blog/journaling-for-couples,0.0,1.0,0.0,10.0
2026-06-22,https://getdailyvox.com/blog/never-leaves-guarantee,0.0,6.0,0.0,3.5
2026-06-22,https://getdailyvox.com/blog/on-device-ai-maturity-model,0.0,3.0,0.0,4.333333333333334
2026-06-22,https://getdailyvox.com/blog/on-device-ai-vs-cloud-ai-journaling,0.0,3.0,0.0,5.666666666666667
2026-06-22,https://getdailyvox.com/blog/page/3,0.0,3.0,0.0,9.0
2026-06-22,https://getdailyvox.com/blog/voice-journaling-for-therapy,0.0,9.0,0.0,5.444444444444445
2026-06-22,https://getdailyvox.com/blog/voice-recorder-diary-app,0.0,20.0,0.0,9.25
2026-06-22,https://getdailyvox.com/compare,0.0,41.0,0.0,4.048780487804878
2026-06-22,https://getdailyvox.com/faq,0.0,24.0,0.0,4.791666666666666
2026-06-22,https://getdailyvox.com/for/coaches-meditation-alternative,0.0,2.0,0.0,2.5
2026-06-22,https://getdailyvox.com/for/writers,0.0,2.0,0.0,45.0
2026-06-22,https://getdailyvox.com/in/montreal,0.0,1.0,0.0,10.0
2026-06-22,https://getdailyvox.com/in/tokyo,0.0,1.0,0.0,6.0
2026-06-22,https://getdailyvox.com/journal-app-comparison,0.0,4.0,0.0,11.25
2026-06-22,https://getdailyvox.com/privacy,0.0,9.0,0.0,4.111111111111111
2026-06-22,https://getdailyvox.com/support,0.0,4.0,0.0,7.75
2026-06-22,https://getdailyvox.com/technology,0.0,11.0,0.0,6.2727272727272725
2026-06-22,https://getdailyvox.com/use/public-speaking,0.0,1.0,0.0,62.0
2026-06-22,https://getdailyvox.com/use/year-in-review,0.0,3.0,0.0,3.3333333333333335
2026-06-22,https://getdailyvox.com/voice-journaling-statistics,0.0,2.0,0.0,6.0
2026-06-23,https://getdailyvox.com/,0.0,7.0,0.0,8.0
2026-06-23,https://getdailyvox.com/about,0.0,4.0,0.0,8.5
2026-06-23,https://getdailyvox.com/alternative/five-minute-journal,0.0,1.0,0.0,32.0
2026-06-23,https://getdailyvox.com/blog/ai-journal-that-works-offline,0.0,4.0,0.0,9.25
2026-06-23,https://getdailyvox.com/blog/apple-journal-vs-dailyvox,0.0,1.0,0.0,11.0
2026-06-23,https://getdailyvox.com/blog/best-free-journal-app-2026,0.0,16.0,0.0,19.125
2026-06-23,https://getdailyvox.com/blog/best-journal-app-for-seniors,0.0,1.0,0.0,4.0
2026-06-23,https://getdailyvox.com/blog/best-voice-journal-app,0.0,10.0,0.0,16.7
2026-06-23,https://getdailyvox.com/blog/dailyvox-vs-audio-diary,0.0,3.0,0.0,5.333333333333333
2026-06-23,https://getdailyvox.com/blog/dailyvox-vs-finch,0.0,1.0,0.0,12.0
2026-06-23,https://getdailyvox.com/blog/digital-clone-personal-use,0.0,2.0,0.0,9.0
2026-06-23,https://getdailyvox.com/blog/journal-app-privacy-comparison,0.0,3.0,0.0,10.0
2026-06-23,https://getdailyvox.com/blog/journaling-for-couples,0.0,1.0,0.0,10.0
2026-06-23,https://getdailyvox.com/blog/on-device-ai-vs-cloud-ai-journaling,0.0,1.0,0.0,8.0
2026-06-23,https://getdailyvox.com/blog/talk-to-your-past-self-digital-twin,0.0,1.0,0.0,7.0
2026-06-23,https://getdailyvox.com/blog/voice-recorder-diary-app,0.0,4.0,0.0,44.0
2026-06-23,https://getdailyvox.com/for/coaches,0.0,1.0,0.0,5.0
2026-06-23,https://getdailyvox.com/for/writers,0.0,1.0,0.0,45.0
2026-06-23,https://getdailyvox.com/glossary,0.0,4.0,0.0,26.25
2026-06-23,https://getdailyvox.com/technology,0.0,3.0,0.0,17.666666666666668
2026-06-23,https://getdailyvox.com/use/public-speaking,0.0,1.0,0.0,67.0
2026-06-23,https://getdailyvox.com/voice-journaling-statistics,0.0,6.0,0.0,20.0
2026-06-24,https://getdailyvox.com/,0.0,3.0,0.0,4.333333333333334
2026-06-24,https://getdailyvox.com/about,0.0,2.0,0.0,16.0
2026-06-24,https://getdailyvox.com/alternative/five-minute-journal,0.0,1.0,0.0,6.0
2026-06-24,https://getdailyvox.com/blog/ai-journal-that-works-offline,0.0,2.0,0.0,7.5
2026-06-24,https://getdailyvox.com/blog/best-free-journal-app-2026,0.0,4.0,0.0,50.25
2026-06-24,https://getdailyvox.com/blog/best-journal-app-for-men,0.0,2.0,0.0,10.0
2026-06-24,https://getdailyvox.com/blog/best-voice-journal-app,0.0,9.0,0.0,12.777777777777779
2026-06-24,https://getdailyvox.com/blog/dailyvox-vs-audio-diary,0.0,1.0,0.0,6.0
2026-06-24,https://getdailyvox.com/blog/dailyvox-vs-finch,0.0,1.0,0.0,23.0
2026-06-24,https://getdailyvox.com/blog/dailyvox-vs-granola,0.0,1.0,0.0,21.0
2026-06-24,https://getdailyvox.com/blog/dailyvox-vs-obsidian,0.0,3.0,0.0,10.333333333333334
2026-06-24,https://getdailyvox.com/blog/dailyvox-vs-otter,0.0,1.0,0.0,20.0
2026-06-24,https://getdailyvox.com/blog/how-digital-twin-learns-personality,0.0,1.0,0.0,39.0
2026-06-24,https://getdailyvox.com/blog/journal-app-privacy-comparison,0.0,4.0,0.0,18.0
2026-06-24,https://getdailyvox.com/blog/voice-journaling-for-therapy,0.0,3.0,0.0,6.0
2026-06-24,https://getdailyvox.com/blog/voice-recorder-diary-app,0.0,1.0,0.0,24.0
2026-06-24,https://getdailyvox.com/changelog,0.0,1.0,0.0,5.0
2026-06-24,https://getdailyvox.com/faq,0.0,1.0,0.0,24.0
2026-06-24,https://getdailyvox.com/journal-app-comparison,0.0,1.0,0.0,88.0
2026-06-24,https://getdailyvox.com/privacy,0.0,1.0,0.0,1.0
2026-06-24,https://getdailyvox.com/research,0.0,1.0,0.0,13.0
2026-06-24,https://getdailyvox.com/support,0.0,1.0,0.0,18.0
2026-06-24,https://getdailyvox.com/technology,0.0,6.0,0.0,15.0
2026-06-24,https://getdailyvox.com/use/during-commute,0.0,1.0,0.0,9.0
2026-06-24,https://getdailyvox.com/voice-journaling-statistics,0.0,3.0,0.0,8.666666666666668
2026-06-25,https://getdailyvox.com/,0.0,6.0,0.0,2.833333333333333
2026-06-25,https://getdailyvox.com/about,0.0,6.0,0.0,4.833333333333334
2026-06-25,https://getdailyvox.com/alternative/bearable,0.0,1.0,0.0,37.0
2026-06-25,https://getdailyvox.com/blog,0.0,1.0,0.0,12.0
2026-06-25,https://getdailyvox.com/blog/adhd-voice-journaling-protocol,0.0,2.0,0.0,6.0
2026-06-25,https://getdailyvox.com/blog/ai-journal-that-works-offline,0.0,2.0,0.0,6.0
2026-06-25,https://getdailyvox.com/blog/best-free-journal-app-2026,0.0,7.0,0.0,32.85714285714286
2026-06-25,https://getdailyvox.com/blog/best-journal-app-for-anxiety,0.0,1.0,0.0,39.0
2026-06-25,https://getdailyvox.com/blog/best-voice-journal-app,1.0,12.0,0.08333333333333333,13.25
2026-06-25,https://getdailyvox.com/blog/dailyvox-vs-audio-diary,0.0,4.0,0.0,14.75
2026-06-25,https://getdailyvox.com/blog/dailyvox-vs-stoic,0.0,2.0,0.0,14.5
2026-06-25,https://getdailyvox.com/blog/how-digital-twin-learns-personality,0.0,1.0,0.0,2.0
2026-06-25,https://getdailyvox.com/blog/journal-app-privacy-comparison,0.0,6.0,0.0,15.666666666666666
2026-06-25,https://getdailyvox.com/blog/journal-app-privacy-labels-explained,0.0,1.0,0.0,8.0
2026-06-25,https://getdailyvox.com/blog/journaling-for-couples,0.0,1.0,0.0,8.0
2026-06-25,https://getdailyvox.com/blog/voice-journaling-for-therapy,0.0,1.0,0.0,13.0
2026-06-25,https://getdailyvox.com/blog/voice-recorder-diary-app,0.0,1.0,0.0,41.0
2026-06-25,https://getdailyvox.com/blog/why-your-ai-journal-shouldnt-send-data-to-cloud,0.0,2.0,0.0,6.5
2026-06-25,https://getdailyvox.com/changelog,0.0,1.0,0.0,24.0
2026-06-25,https://getdailyvox.com/compare,0.0,1.0,0.0,34.0
2026-06-25,https://getdailyvox.com/demo,0.0,19.0,0.0,2.4210526315789473
2026-06-25,https://getdailyvox.com/faq,0.0,2.0,0.0,5.0
2026-06-25,https://getdailyvox.com/for/financial-advisors-career-change,0.0,1.0,0.0,8.0
2026-06-25,https://getdailyvox.com/in/los-angeles,0.0,1.0,0.0,19.0
2026-06-25,https://getdailyvox.com/journal-app-comparison,0.0,2.0,0.0,4.0
2026-06-25,https://getdailyvox.com/privacy,0.0,2.0,0.0,15.5
2026-06-25,https://getdailyvox.com/research,0.0,1.0,0.0,30.0
2026-06-25,https://getdailyvox.com/support,0.0,1.0,0.0,2.0
2026-06-25,https://getdailyvox.com/technology,0.0,4.0,0.0,30.0
2026-06-26,https://getdailyvox.com/,0.0,1.0,0.0,9.0
2026-06-26,https://getdailyvox.com/about,0.0,11.0,0.0,5.909090909090909
2026-06-26,https://getdailyvox.com/blog,0.0,3.0,0.0,3.6666666666666665
2026-06-26,https://getdailyvox.com/blog/42-second-journal,0.0,1.0,0.0,10.0
2026-06-26,https://getdailyvox.com/blog/ai-journal-that-works-offline,0.0,10.0,0.0,15.9
2026-06-26,https://getdailyvox.com/blog/anti-optimization-journal,0.0,2.0,0.0,8.0
2026-06-26,https://getdailyvox.com/blog/apple-journal-vs-dailyvox,0.0,1.0,0.0,11.0
2026-06-26,https://getdailyvox.com/blog/best-free-journal-app-2026,0.0,8.0,0.0,35.375
2026-06-26,https://getdailyvox.com/blog/best-journal-app-for-anxiety,0.0,1.0,0.0,45.0
2026-06-26,https://getdailyvox.com/blog/best-voice-journal-app,0.0,21.0,0.0,13.238095238095237
2026-06-26,https://getdailyvox.com/blog/dailyvox-vs-audio-diary,0.0,2.0,0.0,1.0
2026-06-26,https://getdailyvox.com/blog/dailyvox-vs-stoic,0.0,1.0,0.0,9.0
2026-06-26,https://getdailyvox.com/blog/journal-app-privacy-comparison,0.0,10.0,0.0,28.7
2026-06-26,https://getdailyvox.com/blog/on-device-ai-vs-cloud-ai-journaling,0.0,1.0,0.0,5.0
2026-06-26,https://getdailyvox.com/blog/voice-journaling-for-therapy,0.0,1.0,0.0,3.0
2026-06-26,https://getdailyvox.com/blog/voice-recorder-diary-app,0.0,9.0,0.0,42.77777777777778
2026-06-26,https://getdailyvox.com/blog/why-your-ai-journal-shouldnt-send-data-to-cloud,0.0,1.0,0.0,48.0
2026-06-26,https://getdailyvox.com/changelog,0.0,3.0,0.0,5.666666666666667
2026-06-26,https://getdailyvox.com/faq,0.0,3.0,0.0,8.0
2026-06-26,https://getdailyvox.com/journal-app-comparison,0.0,2.0,0.0,10.0
2026-06-26,https://getdailyvox.com/technology,0.0,1.0,0.0,84.0
2026-06-27,https://getdailyvox.com/,0.0,162.0,0.0,3.0246913580246915
2026-06-27,https://getdailyvox.com/about,0.0,115.0,0.0,4.782608695652174
2026-06-27,https://getdailyvox.com/alternative/audio-diary,0.0,7.0,0.0,3.7142857142857144
2026-06-27,https://getdailyvox.com/alternative/bear,0.0,2.0,0.0,4.0
2026-06-27,https://getdailyvox.com/alternative/bearable,0.0,3.0,0.0,9.0
2026-06-27,https://getdailyvox.com/blog,0.0,112.0,0.0,2.9107142857142856
2026-06-27,https://getdailyvox.com/blog/ai-journal-that-works-offline,0.0,4.0,0.0,7.25
2026-06-27,https://getdailyvox.com/blog/anti-optimization-journal,0.0,1.0,0.0,60.0
2026-06-27,https://getdailyvox.com/blog/apple-journal-vs-dailyvox,0.0,10.0,0.0,6.6
2026-06-27,https://getdailyvox.com/blog/best-free-journal-app-2026,0.0,11.0,0.0,28.09090909090909
2026-06-27,https://getdailyvox.com/blog/best-journal-app-for-men,0.0,3.0,0.0,6.666666666666667
2026-06-27,https://getdailyvox.com/blog/best-journal-app-for-seniors,0.0,4.0,0.0,16.25
2026-06-27,https://getdailyvox.com/blog/best-voice-journal-app,0.0,143.0,0.0,6.8321678321678325
2026-06-27,https://getdailyvox.com/blog/dailyvox-vs-apple-journal,0.0,5.0,0.0,4.6
2026-06-27,https://getdailyvox.com/blog/dailyvox-vs-audio-diary,0.0,72.0,0.0,4.861111111111111
2026-06-27,https://getdailyvox.com/blog/dailyvox-vs-finch,0.0,3.0,0.0,5.666666666666667
2026-06-27,https://getdailyvox.com/blog/dailyvox-vs-granola,0.0,3.0,0.0,4.0
2026-06-27,https://getdailyvox.com/blog/dailyvox-vs-obsidian,0.0,2.0,0.0,4.0
2026-06-27,https://getdailyvox.com/blog/dailyvox-vs-otter,0.0,1.0,0.0,8.0
2026-06-27,https://getdailyvox.com/blog/dailyvox-vs-stoic,0.0,12.0,0.0,6.166666666666667
2026-06-27,https://getdailyvox.com/blog/how-digital-twin-learns-personality,0.0,16.0,0.0,6.3125
2026-06-27,https://getdailyvox.com/blog/journal-app-privacy-comparison,0.0,47.0,0.0,11.042553191489361
2026-06-27,https://getdailyvox.com/blog/journal-app-privacy-labels-explained,0.0,4.0,0.0,2.25
2026-06-27,https://getdailyvox.com/blog/on-device-ai-maturity-model,0.0,3.0,0.0,2.0
2026-06-27,https://getdailyvox.com/blog/on-device-ai-vs-cloud-ai-journaling,0.0,6.0,0.0,2.833333333333333
2026-06-27,https://getdailyvox.com/blog/page/3,0.0,4.0,0.0,7.25
2026-06-27,https://getdailyvox.com/blog/voice-journaling-for-therapy,0.0,3.0,0.0,2.666666666666667
2026-06-27,https://getdailyvox.com/blog/voice-recorder-diary-app,0.0,18.0,0.0,11.333333333333334
2026-06-27,https://getdailyvox.com/changelog,0.0,5.0,0.0,7.4
2026-06-27,https://getdailyvox.com/compare,0.0,64.0,0.0,3.65625
2026-06-27,https://getdailyvox.com/demo,0.0,9.0,0.0,6.666666666666667
2026-06-27,https://getdailyvox.com/faq,0.0,51.0,0.0,3.823529411764706
2026-06-27,https://getdailyvox.com/for/journalists,0.0,1.0,0.0,10.0
2026-06-27,https://getdailyvox.com/glossary,0.0,4.0,0.0,2.75
2026-06-27,https://getdailyvox.com/in/little-rock,0.0,2.0,0.0,1.0
2026-06-27,https://getdailyvox.com/in/montreal,0.0,1.0,0.0,10.0
2026-06-27,https://getdailyvox.com/in/phnom-penh,0.0,3.0,0.0,7.666666666666667
2026-06-27,https://getdailyvox.com/journal-app-comparison,0.0,33.0,0.0,4.9393939393939394
2026-06-27,https://getdailyvox.com/privacy,0.0,22.0,0.0,3.727272727272727
2026-06-27,https://getdailyvox.com/research,0.0,2.0,0.0,1.0
2026-06-27,https://getdailyvox.com/support,0.0,3.0,0.0,6.333333333333333
2026-06-27,https://getdailyvox.com/technology,0.0,35.0,0.0,5.514285714285714
2026-06-27,https://getdailyvox.com/use/breakup-recovery,0.0,1.0,0.0,15.0
2026-06-27,https://getdailyvox.com/use/year-in-review,0.0,8.0,0.0,8.25
2026-06-27,https://getdailyvox.com/voice-journaling-statistics,0.0,1.0,0.0,10.0
2026-06-28,https://getdailyvox.com/,0.0,6.0,0.0,4.666666666666666
2026-06-28,https://getdailyvox.com/about,0.0,7.0,0.0,7.0
2026-06-28,https://getdailyvox.com/alternative/bearable,0.0,1.0,0.0,38.0
2026-06-28,https://getdailyvox.com/blog,0.0,2.0,0.0,12.0
2026-06-28,https://getdailyvox.com/blog/adhd-voice-journaling-protocol,0.0,1.0,0.0,61.0
2026-06-28,https://getdailyvox.com/blog/ai-journal-that-works-offline,0.0,2.0,0.0,7.5
2026-06-28,https://getdailyvox.com/blog/best-free-journal-app-2026,0.0,12.0,0.0,49.166666666666664
2026-06-28,https://getdailyvox.com/blog/best-journal-app-for-anxiety,0.0,1.0,0.0,27.0
2026-06-28,https://getdailyvox.com/blog/best-journal-app-for-men,0.0,4.0,0.0,7.25
2026-06-28,https://getdailyvox.com/blog/best-voice-journal-app,0.0,13.0,0.0,11.384615384615385
2026-06-28,https://getdailyvox.com/blog/dailyvox-vs-finch,0.0,2.0,0.0,6.5
2026-06-28,https://getdailyvox.com/blog/dailyvox-vs-granola,0.0,1.0,0.0,46.0
2026-06-28,https://getdailyvox.com/blog/how-digital-twin-learns-personality,0.0,8.0,0.0,37.5
2026-06-28,https://getdailyvox.com/blog/journal-app-privacy-comparison,0.0,3.0,0.0,30.0
2026-06-28,https://getdailyvox.com/blog/journal-app-privacy-labels-explained,0.0,2.0,0.0,9.0
2026-06-28,https://getdailyvox.com/blog/voice-recorder-diary-app,0.0,2.0,0.0,37.0
2026-06-28,https://getdailyvox.com/changelog,0.0,2.0,0.0,8.5
2026-06-28,https://getdailyvox.com/compare,0.0,1.0,0.0,24.0
2026-06-28,https://getdailyvox.com/demo,0.0,1.0,0.0,9.0
2026-06-28,https://getdailyvox.com/faq,0.0,1.0,0.0,13.0
2026-06-28,https://getdailyvox.com/glossary,0.0,1.0,0.0,41.0
2026-06-28,https://getdailyvox.com/journal-app-comparison,0.0,5.0,0.0,8.6
2026-06-28,https://getdailyvox.com/privacy,0.0,1.0,0.0,29.0
2026-06-28,https://getdailyvox.com/voice-journaling-statistics,0.0,2.0,0.0,18.0
2026-06-29,https://getdailyvox.com/,1.0,5.0,0.2,21.0
2026-06-29,https://getdailyvox.com/about,0.0,3.0,0.0,4.333333333333334
2026-06-29,https://getdailyvox.com/alternative/finch,0.0,1.0,0.0,11.0
2026-06-29,https://getdailyvox.com/alternative/five-minute-journal,0.0,1.0,0.0,11.0
2026-06-29,https://getdailyvox.com/blog,0.0,3.0,0.0,1.6666666666666665
2026-06-29,https://getdailyvox.com/blog/adhd-voice-journaling-protocol,0.0,3.0,0.0,8.333333333333332
2026-06-29,https://getdailyvox.com/blog/ai-journal-that-works-offline,0.0,1.0,0.0,44.0
2026-06-29,https://getdailyvox.com/blog/apple-journal-vs-dailyvox,0.0,1.0,0.0,3.0
2026-06-29,https://getdailyvox.com/blog/best-free-journal-app-2026,0.0,7.0,0.0,31.571428571428573
2026-06-29,https://getdailyvox.com/blog/best-journal-app-for-men,0.0,5.0,0.0,8.8
2026-06-29,https://getdailyvox.com/blog/best-journal-app-for-seniors,0.0,1.0,0.0,1.0
2026-06-29,https://getdailyvox.com/blog/best-voice-journal-app,0.0,23.0,0.0,13.869565217391305
2026-06-29,https://getdailyvox.com/blog/dailyvox-vs-apple-journal,0.0,2.0,0.0,10.0
2026-06-29,https://getdailyvox.com/blog/dailyvox-vs-audio-diary,0.0,1.0,0.0,5.0
2026-06-29,https://getdailyvox.com/blog/dailyvox-vs-granola,0.0,2.0,0.0,6.0
2026-06-29,https://getdailyvox.com/blog/journal-app-privacy-comparison,0.0,4.0,0.0,12.5
2026-06-29,https://getdailyvox.com/blog/journaling-for-couples,0.0,2.0,0.0,10.0
2026-06-29,https://getdailyvox.com/blog/science-of-talking-to-yourself,0.0,1.0,0.0,12.0
2026-06-29,https://getdailyvox.com/changelog,0.0,9.0,0.0,7.666666666666667
2026-06-29,https://getdailyvox.com/compare,0.0,2.0,0.0,3.5
2026-06-29,https://getdailyvox.com/demo,0.0,1.0,0.0,3.0
2026-06-29,https://getdailyvox.com/journal-app-comparison,0.0,2.0,0.0,6.5
2026-06-29,https://getdailyvox.com/technology,0.0,1.0,0.0,85.0
2026-06-29,https://getdailyvox.com/voice-journaling-statistics,0.0,3.0,0.0,34.0
2026-06-30,https://getdailyvox.com/,0.0,3.0,0.0,2.0
2026-06-30,https://getdailyvox.com/about,0.0,5.0,0.0,11.6
2026-06-30,https://getdailyvox.com/alternative/bearable,0.0,1.0,0.0,8.0
2026-06-30,https://getdailyvox.com/blog,0.0,1.0,0.0,7.0
2026-06-30,https://getdailyvox.com/blog/adhd-voice-journaling-protocol,0.0,2.0,0.0,36.0
2026-06-30,https://getdailyvox.com/blog/apple-journal-vs-dailyvox,0.0,3.0,0.0,66.0
2026-06-30,https://getdailyvox.com/blog/best-free-journal-app-2026,0.0,12.0,0.0,33.0
2026-06-30,https://getdailyvox.com/blog/best-journal-app-for-anxiety,0.0,1.0,0.0,8.0
2026-06-30,https://getdailyvox.com/blog/best-journal-app-for-men,0.0,5.0,0.0,4.6
2026-06-30,https://getdailyvox.com/blog/best-journal-app-for-seniors,0.0,1.0,0.0,11.0
2026-06-30,https://getdailyvox.com/blog/best-voice-journal-app,1.0,12.0,0.08333333333333333,11.5
2026-06-30,https://getdailyvox.com/blog/dailyvox-vs-audio-diary,0.0,2.0,0.0,40.0
2026-06-30,https://getdailyvox.com/blog/dailyvox-vs-finch,0.0,1.0,0.0,8.0
2026-06-30,https://getdailyvox.com/blog/journal-app-privacy-comparison,0.0,7.0,0.0,21.571428571428573
2026-06-30,https://getdailyvox.com/blog/science-of-talking-to-yourself,0.0,1.0,0.0,12.0
2026-06-30,https://getdailyvox.com/blog/voice-recorder-diary-app,0.0,3.0,0.0,58.333333333333336
2026-06-30,https://getdailyvox.com/changelog,0.0,1.0,0.0,10.0
2026-06-30,https://getdailyvox.com/demo,0.0,4.0,0.0,27.25
2026-06-30,https://getdailyvox.com/journal-app-comparison,0.0,4.0,0.0,40.75
2026-06-30,https://getdailyvox.com/support,0.0,1.0,0.0,71.0
2026-06-30,https://getdailyvox.com/technology,0.0,7.0,0.0,37.714285714285715
2026-06-30,https://getdailyvox.com/voice-journaling-statistics,0.0,2.0,0.0,7.0
2026-07-01,https://getdailyvox.com/,0.0,5.0,0.0,9.4
2026-07-01,https://getdailyvox.com/about,0.0,2.0,0.0,4.0
2026-07-01,https://getdailyvox.com/alternative/five-minute-journal,0.0,1.0,0.0,12.0
2026-07-01,https://getdailyvox.com/blog,0.0,3.0,0.0,4.0
2026-07-01,https://getdailyvox.com/blog/ai-journal-that-works-offline,0.0,5.0,0.0,44.6
2026-07-01,https://getdailyvox.com/blog/best-free-journal-app-2026,0.0,6.0,0.0,38.5
2026-07-01,https://getdailyvox.com/blog/best-journal-app-for-men,0.0,3.0,0.0,8.0
2026-07-01,https://getdailyvox.com/blog/best-journal-app-for-seniors,0.0,1.0,0.0,10.0
2026-07-01,https://getdailyvox.com/blog/best-voice-journal-app,0.0,6.0,0.0,31.166666666666668
2026-07-01,https://getdailyvox.com/blog/dailyvox-vs-audio-diary,1.0,7.0,0.14285714285714285,4.142857142857142
2026-07-01,https://getdailyvox.com/blog/dailyvox-vs-finch,0.0,1.0,0.0,2.0
2026-07-01,https://getdailyvox.com/blog/dailyvox-vs-granola,0.0,1.0,0.0,4.0
2026-07-01,https://getdailyvox.com/blog/dailyvox-vs-stoic,0.0,1.0,0.0,3.0
2026-07-01,https://getdailyvox.com/blog/how-digital-twin-learns-personality,0.0,1.0,0.0,2.0
2026-07-01,https://getdailyvox.com/blog/journal-app-privacy-comparison,0.0,9.0,0.0,15.222222222222221
2026-07-01,https://getdailyvox.com/blog/journal-app-privacy-labels-explained,0.0,1.0,0.0,12.0
2026-07-01,https://getdailyvox.com/blog/journal-every-day-90-days,0.0,4.0,0.0,15.25
2026-07-01,https://getdailyvox.com/blog/science-of-talking-to-yourself,0.0,3.0,0.0,11.0
2026-07-01,https://getdailyvox.com/blog/voice-recorder-diary-app,0.0,3.0,0.0,50.333333333333336
2026-07-01,https://getdailyvox.com/changelog,0.0,12.0,0.0,9.166666666666666
2026-07-01,https://getdailyvox.com/compare,0.0,1.0,0.0,24.0
2026-07-01,https://getdailyvox.com/demo,0.0,1.0,0.0,2.0
2026-07-01,https://getdailyvox.com/faq,0.0,2.0,0.0,6.5
2026-07-01,https://getdailyvox.com/journal-app-comparison,0.0,6.0,0.0,7.5
2026-07-01,https://getdailyvox.com/personal-digital-twin,0.0,8.0,0.0,2.875
2026-07-01,https://getdailyvox.com/privacy,0.0,1.0,0.0,20.0
2026-07-01,https://getdailyvox.com/research,0.0,1.0,0.0,29.0
2026-07-01,https://getdailyvox.com/support,0.0,1.0,0.0,8.0
2026-07-01,https://getdailyvox.com/technology,0.0,5.0,0.0,29.4
2026-07-01,https://getdailyvox.com/voice-journaling-statistics,0.0,9.0,0.0,16.77777777777778
2026-07-02,https://getdailyvox.com/,2.0,5.0,0.4,4.4
2026-07-02,https://getdailyvox.com/about,0.0,10.0,0.0,17.5
2026-07-02,https://getdailyvox.com/alternative/audio-diary,0.0,1.0,0.0,5.0
2026-07-02,https://getdailyvox.com/blog,0.0,2.0,0.0,33.0
2026-07-02,https://getdailyvox.com/blog/ai-journal-that-works-offline,0.0,3.0,0.0,30.0
2026-07-02,https://getdailyvox.com/blog/best-free-journal-app-2026,0.0,4.0,0.0,39.75
2026-07-02,https://getdailyvox.com/blog/best-journal-app-for-anxiety,0.0,1.0,0.0,43.0
2026-07-02,https://getdailyvox.com/blog/best-journal-app-for-men,0.0,2.0,0.0,7.5
2026-07-02,https://getdailyvox.com/blog/best-voice-journal-app,0.0,9.0,0.0,11.666666666666666
2026-07-02,https://getdailyvox.com/blog/journal-app-privacy-comparison,0.0,7.0,0.0,13.857142857142858
2026-07-02,https://getdailyvox.com/blog/journal-app-privacy-labels-explained,0.0,1.0,0.0,7.0
2026-07-02,https://getdailyvox.com/changelog,0.0,6.0,0.0,9.5
2026-07-02,https://getdailyvox.com/compare,0.0,3.0,0.0,7.666666666666667
2026-07-02,https://getdailyvox.com/demo,0.0,4.0,0.0,6.25
2026-07-02,https://getdailyvox.com/faq,0.0,1.0,0.0,8.0
2026-07-02,https://getdailyvox.com/personal-digital-twin,0.0,4.0,0.0,18.75
2026-07-02,https://getdailyvox.com/voice-journaling-statistics,0.0,5.0,0.0,9.0
2026-07-03,https://getdailyvox.com/,0.0,11.0,0.0,3.1818181818181817
2026-07-03,https://getdailyvox.com/about,0.0,5.0,0.0,3.6
2026-07-03,https://getdailyvox.com/alternative/bearable,0.0,1.0,0.0,4.0
2026-07-03,https://getdailyvox.com/blog,0.0,1.0,0.0,3.0
2026-07-03,https://getdailyvox.com/blog/ai-journal-that-works-offline,0.0,2.0,0.0,11.0
2026-07-03,https://getdailyvox.com/blog/best-free-journal-app-2026,0.0,1.0,0.0,66.0
2026-07-03,https://getdailyvox.com/blog/best-journal-app-for-men,0.0,1.0,0.0,5.0
2026-07-03,https://getdailyvox.com/blog/best-voice-journal-app,0.0,11.0,0.0,23.181818181818183
2026-07-03,https://getdailyvox.com/blog/constellation-update,0.0,1.0,0.0,7.0
2026-07-03,https://getdailyvox.com/blog/dailyvox-vs-granola,1.0,3.0,0.3333333333333333,36.0
2026-07-03,https://getdailyvox.com/blog/journal-app-privacy-comparison,0.0,7.0,0.0,14.0
2026-07-03,https://getdailyvox.com/blog/journal-app-privacy-labels-explained,0.0,3.0,0.0,7.666666666666667
2026-07-03,https://getdailyvox.com/blog/voice-recorder-diary-app,0.0,8.0,0.0,43.75
2026-07-03,https://getdailyvox.com/changelog,0.0,17.0,0.0,8.411764705882353
2026-07-03,https://getdailyvox.com/compare,0.0,2.0,0.0,8.0
2026-07-03,https://getdailyvox.com/faq,0.0,3.0,0.0,49.666666666666664
2026-07-03,https://getdailyvox.com/for/ceos-after-therapy,0.0,1.0,0.0,2.0
2026-07-03,https://getdailyvox.com/journal-app-comparison,0.0,2.0,0.0,9.0
2026-07-03,https://getdailyvox.com/personal-digital-twin,0.0,3.0,0.0,20.333333333333332
2026-07-03,https://getdailyvox.com/privacy,0.0,3.0,0.0,18.666666666666668
2026-07-03,https://getdailyvox.com/technology,0.0,7.0,0.0,6.714285714285714
2026-07-03,https://getdailyvox.com/voice-journaling-statistics,0.0,3.0,0.0,9.333333333333334
2026-07-04,https://getdailyvox.com/,2.0,6.0,0.3333333333333333,2.166666666666667
2026-07-04,https://getdailyvox.com/about,0.0,6.0,0.0,5.333333333333333
2026-07-04,https://getdailyvox.com/alternative/bearable,0.0,2.0,0.0,9.5
2026-07-04,https://getdailyvox.com/blog,0.0,2.0,0.0,24.5
2026-07-04,https://getdailyvox.com/blog/adhd-voice-journaling-protocol,0.0,1.0,0.0,4.0
2026-07-04,https://getdailyvox.com/blog/best-free-journal-app-2026,0.0,4.0,0.0,56.75
2026-07-04,https://getdailyvox.com/blog/best-journal-app-for-men,0.0,4.0,0.0,10.0
2026-07-04,https://getdailyvox.com/blog/best-voice-journal-app,0.0,5.0,0.0,7.2
2026-07-04,https://getdailyvox.com/blog/dailyvox-vs-audio-diary,0.0,1.0,0.0,7.0
2026-07-04,https://getdailyvox.com/blog/dailyvox-vs-finch,0.0,2.0,0.0,17.5
2026-07-04,https://getdailyvox.com/blog/journal-app-privacy-comparison,0.0,2.0,0.0,22.5
2026-07-04,https://getdailyvox.com/blog/why-your-journal-app-shouldnt-need-internet,0.0,2.0,0.0,5.5
2026-07-04,https://getdailyvox.com/changelog,0.0,11.0,0.0,8.363636363636363
2026-07-04,https://getdailyvox.com/compare,0.0,1.0,0.0,3.0
2026-07-04,https://getdailyvox.com/demo,0.0,4.0,0.0,6.5
2026-07-04,https://getdailyvox.com/faq,0.0,1.0,0.0,12.0
2026-07-04,https://getdailyvox.com/glossary,0.0,1.0,0.0,33.0
2026-07-04,https://getdailyvox.com/journal-app-comparison,0.0,1.0,0.0,7.0
2026-07-04,https://getdailyvox.com/personal-digital-twin,0.0,1.0,0.0,42.0
2026-07-04,https://getdailyvox.com/privacy,0.0,1.0,0.0,20.0
2026-07-04,https://getdailyvox.com/support,0.0,1.0,0.0,5.0
2026-07-04,https://getdailyvox.com/technology,0.0,6.0,0.0,9.0
2026-07-05,https://getdailyvox.com/,0.0,6.0,0.0,3.1666666666666665
2026-07-05,https://getdailyvox.com/about,0.0,7.0,0.0,3.0
2026-07-05,https://getdailyvox.com/blog,0.0,2.0,0.0,1.0
2026-07-05,https://getdailyvox.com/blog/ai-journal-that-works-offline,0.0,5.0,0.0,12.6
2026-07-05,https://getdailyvox.com/blog/best-free-journal-app-2026,0.0,5.0,0.0,35.6
2026-07-05,https://getdailyvox.com/blog/best-journal-app-for-men,0.0,1.0,0.0,8.0
2026-07-05,https://getdailyvox.com/blog/best-journal-app-for-seniors,0.0,1.0,0.0,6.0
2026-07-05,https://getdailyvox.com/blog/best-voice-journal-app,0.0,7.0,0.0,20.0
2026-07-05,https://getdailyvox.com/blog/dailyvox-vs-audio-diary,0.0,1.0,0.0,5.0
2026-07-05,https://getdailyvox.com/blog/dailyvox-vs-finch,0.0,1.0,0.0,9.0
2026-07-05,https://getdailyvox.com/blog/dailyvox-vs-granola,0.0,1.0,0.0,4.0
2026-07-05,https://getdailyvox.com/blog/dailyvox-vs-stoic,0.0,3.0,0.0,8.0
2026-07-05,https://getdailyvox.com/blog/how-digital-twin-learns-personality,0.0,1.0,0.0,6.0
2026-07-05,https://getdailyvox.com/blog/journal-app-privacy-comparison,0.0,8.0,0.0,26.125
2026-07-05,https://getdailyvox.com/blog/on-device-ai-vs-cloud-ai-journaling,0.0,1.0,0.0,4.0
2026-07-05,https://getdailyvox.com/blog/voice-recorder-diary-app,0.0,5.0,0.0,46.4
2026-07-05,https://getdailyvox.com/changelog,0.0,6.0,0.0,8.333333333333332
2026-07-05,https://getdailyvox.com/faq,0.0,2.0,0.0,1.0
2026-07-05,https://getdailyvox.com/for/photographers-morning-routine,0.0,1.0,0.0,43.0
2026-07-05,https://getdailyvox.com/journal-app-comparison,0.0,4.0,0.0,18.75
2026-07-05,https://getdailyvox.com/personal-digital-twin,0.0,2.0,0.0,25.0
2026-07-05,https://getdailyvox.com/technology,0.0,4.0,0.0,3.25
2026-07-05,https://getdailyvox.com/voice-journaling-statistics,0.0,1.0,0.0,2.0
2026-07-06,https://getdailyvox.com/,0.0,4.0,0.0,4.25
2026-07-06,https://getdailyvox.com/about,0.0,7.0,0.0,7.285714285714286
2026-07-06,https://getdailyvox.com/blog/adhd-voice-journaling-protocol,0.0,1.0,0.0,8.0
2026-07-06,https://getdailyvox.com/blog/ai-journal-that-works-offline,0.0,1.0,0.0,5.0
2026-07-06,https://getdailyvox.com/blog/best-free-journal-app-2026,0.0,4.0,0.0,8.25
2026-07-06,https://getdailyvox.com/blog/best-journal-app-for-anxiety,0.0,1.0,0.0,8.0
2026-07-06,https://getdailyvox.com/blog/best-journal-app-for-men,0.0,2.0,0.0,8.5
2026-07-06,https://getdailyvox.com/blog/best-journal-app-for-seniors,0.0,2.0,0.0,5.5
2026-07-06,https://getdailyvox.com/blog/best-voice-journal-app,0.0,7.0,0.0,9.142857142857142
2026-07-06,https://getdailyvox.com/blog/dailyvox-vs-audio-diary,1.0,5.0,0.2,4.6
2026-07-06,https://getdailyvox.com/blog/dailyvox-vs-granola,0.0,1.0,0.0,8.0
2026-07-06,https://getdailyvox.com/blog/journal-app-privacy-comparison,0.0,15.0,0.0,10.533333333333333
2026-07-06,https://getdailyvox.com/blog/on-device-ai-vs-cloud-ai-journaling,0.0,2.0,0.0,1.5
2026-07-06,https://getdailyvox.com/blog/voice-journaling-for-therapy,0.0,4.0,0.0,6.5
2026-07-06,https://getdailyvox.com/compare,0.0,1.0,0.0,7.0
2026-07-06,https://getdailyvox.com/for/teachers,0.0,1.0,0.0,9.0
2026-07-06,https://getdailyvox.com/personal-digital-twin,0.0,2.0,0.0,17.5
2026-07-06,https://getdailyvox.com/technology,0.0,5.0,0.0,5.8
2026-07-06,https://getdailyvox.com/voice-journaling-statistics,0.0,4.0,0.0,3.5
2026-07-07,https://getdailyvox.com/,0.0,6.0,0.0,8.333333333333332
2026-07-07,https://getdailyvox.com/about,0.0,2.0,0.0,6.5
2026-07-07,https://getdailyvox.com/alternative/samsung-notes,0.0,1.0,0.0,8.0
2026-07-07,https://getdailyvox.com/blog/ai-journal-that-works-offline,0.0,1.0,0.0,10.0
2026-07-07,https://getdailyvox.com/blog/best-free-journal-app-2026,0.0,14.0,0.0,9.642857142857142
2026-07-07,https://getdailyvox.com/blog/best-journal-app-for-men,0.0,1.0,0.0,11.0
2026-07-07,https://getdailyvox.com/blog/best-voice-journal-app,0.0,16.0,0.0,8.125
2026-07-07,https://getdailyvox.com/blog/constellation-update,0.0,1.0,0.0,9.0
2026-07-07,https://getdailyvox.com/blog/dailyvox-vs-audio-diary,0.0,1.0,0.0,3.0
2026-07-07,https://getdailyvox.com/blog/dailyvox-vs-granola,0.0,1.0,0.0,11.0
2026-07-07,https://getdailyvox.com/blog/journal-app-privacy-comparison,0.0,5.0,0.0,17.0
2026-07-07,https://getdailyvox.com/blog/voice-recorder-diary-app,0.0,6.0,0.0,43.0
2026-07-07,https://getdailyvox.com/demo,0.0,1.0,0.0,7.0
2026-07-07,https://getdailyvox.com/journal-app-comparison,0.0,2.0,0.0,15.5
2026-07-07,https://getdailyvox.com/technology,0.0,1.0,0.0,1.0
2026-07-07,https://getdailyvox.com/use/goal-setting,0.0,1.0,0.0,10.0
2026-07-08,https://getdailyvox.com/,0.0,9.0,0.0,3.6666666666666665
2026-07-08,https://getdailyvox.com/about,0.0,7.0,0.0,5.714285714285714
2026-07-08,https://getdailyvox.com/blog,0.0,1.0,0.0,3.0
2026-07-08,https://getdailyvox.com/blog/best-free-journal-app-2026,0.0,7.0,0.0,6.714285714285714
2026-07-08,https://getdailyvox.com/blog/best-journal-app-for-men,0.0,4.0,0.0,12.75
2026-07-08,https://getdailyvox.com/blog/best-voice-journal-app,1.0,10.0,0.1,12.7
2026-07-08,https://getdailyvox.com/blog/dailyvox-vs-audio-diary,0.0,1.0,0.0,10.0
2026-07-08,https://getdailyvox.com/blog/journal-app-privacy-comparison,0.0,6.0,0.0,11.5
2026-07-08,https://getdailyvox.com/blog/voice-recorder-diary-app,0.0,2.0,0.0,40.5
2026-07-08,https://getdailyvox.com/demo,0.0,3.0,0.0,6.0
2026-07-08,https://getdailyvox.com/faq,0.0,2.0,0.0,5.5
2026-07-08,https://getdailyvox.com/glossary,0.0,1.0,0.0,7.0
2026-07-08,https://getdailyvox.com/personal-digital-twin,0.0,4.0,0.0,26.5
2026-07-08,https://getdailyvox.com/privacy,0.0,1.0,0.0,5.0
2026-07-08,https://getdailyvox.com/research,0.0,1.0,0.0,9.0
2026-07-08,https://getdailyvox.com/support,0.0,1.0,0.0,10.0
2026-07-08,https://getdailyvox.com/technology,0.0,1.0,0.0,2.0
2026-07-09,https://getdailyvox.com/,0.0,7.0,0.0,5.142857142857143
2026-07-09,https://getdailyvox.com/blog/ai-journal-that-works-offline,0.0,1.0,0.0,9.0
2026-07-09,https://getdailyvox.com/blog/best-free-journal-app-2026,0.0,5.0,0.0,21.6
2026-07-09,https://getdailyvox.com/blog/best-journal-app-for-anxiety,0.0,1.0,0.0,17.0
2026-07-09,https://getdailyvox.com/blog/best-journal-app-for-men,0.0,2.0,0.0,7.0
2026-07-09,https://getdailyvox.com/blog/best-journal-app-for-seniors,0.0,3.0,0.0,7.333333333333333
2026-07-09,https://getdailyvox.com/blog/best-voice-journal-app,0.0,15.0,0.0,18.066666666666666
2026-07-09,https://getdailyvox.com/blog/dailyvox-vs-audio-diary,0.0,4.0,0.0,5.0
2026-07-09,https://getdailyvox.com/blog/how-digital-twin-learns-personality,0.0,2.0,0.0,3.5
2026-07-09,https://getdailyvox.com/blog/journal-app-privacy-comparison,0.0,2.0,0.0,15.5
2026-07-09,https://getdailyvox.com/blog/on-device-ai-vs-cloud-ai-journaling,0.0,1.0,0.0,11.0
2026-07-09,https://getdailyvox.com/blog/voice-recorder-diary-app,0.0,4.0,0.0,47.75
2026-07-09,https://getdailyvox.com/demo,0.0,2.0,0.0,4.0
2026-07-09,https://getdailyvox.com/faq,0.0,2.0,0.0,8.5
2026-07-09,https://getdailyvox.com/glossary,0.0,2.0,0.0,23.0
2026-07-09,https://getdailyvox.com/journal-app-comparison,0.0,1.0,0.0,8.0
2026-07-09,https://getdailyvox.com/technology,0.0,5.0,0.0,9.8
2026-07-09,https://getdailyvox.com/use/breakup-recovery,0.0,1.0,0.0,10.0
2026-07-09,https://getdailyvox.com/voice-journaling-statistics,0.0,3.0,0.0,5.0
2026-07-10,https://getdailyvox.com/,0.0,8.0,0.0,6.625
2026-07-10,https://getdailyvox.com/blog/ai-journal-that-works-offline,0.0,5.0,0.0,20.2
2026-07-10,https://getdailyvox.com/blog/best-free-journal-app-2026,1.0,8.0,0.125,8.125
2026-07-10,https://getdailyvox.com/blog/best-journal-app-for-anxiety,0.0,1.0,0.0,49.0
2026-07-10,https://getdailyvox.com/blog/best-journal-app-for-men,0.0,1.0,0.0,9.0
2026-07-10,https://getdailyvox.com/blog/best-voice-journal-app,0.0,17.0,0.0,22.058823529411764
2026-07-10,https://getdailyvox.com/blog/dailyvox-vs-finch,0.0,1.0,0.0,10.0
2026-07-10,https://getdailyvox.com/blog/dailyvox-vs-stoic,0.0,1.0,0.0,30.0
2026-07-10,https://getdailyvox.com/blog/how-digital-twin-learns-personality,0.0,1.0,0.0,10.0
2026-07-10,https://getdailyvox.com/blog/journal-app-privacy-comparison,0.0,15.0,0.0,20.266666666666666
2026-07-10,https://getdailyvox.com/blog/voice-recorder-diary-app,0.0,8.0,0.0,43.75
2026-07-10,https://getdailyvox.com/compare,0.0,1.0,0.0,11.0
2026-07-10,https://getdailyvox.com/demo,0.0,1.0,0.0,2.0
2026-07-10,https://getdailyvox.com/journal-app-comparison,0.0,1.0,0.0,5.0
2026-07-10,https://getdailyvox.com/personal-digital-twin,0.0,2.0,0.0,32.5
2026-07-10,https://getdailyvox.com/privacy,0.0,1.0,0.0,46.0
2026-07-10,https://getdailyvox.com/support,0.0,1.0,0.0,48.0
2026-07-10,https://getdailyvox.com/technology,0.0,9.0,0.0,30.555555555555557
2026-07-10,https://getdailyvox.com/voice-journaling-statistics,0.0,2.0,0.0,9.5
2026-07-11,https://getdailyvox.com/,0.0,13.0,0.0,7.923076923076923
2026-07-11,https://getdailyvox.com/about,0.0,2.0,0.0,5.5
2026-07-11,https://getdailyvox.com/alternative/five-minute-journal,0.0,1.0,0.0,13.0
2026-07-11,https://getdailyvox.com/blog,0.0,1.0,0.0,11.0
2026-07-11,https://getdailyvox.com/blog/ai-journal-that-works-offline,0.0,1.0,0.0,33.0
2026-07-11,https://getdailyvox.com/blog/best-free-journal-app-2026,0.0,9.0,0.0,9.88888888888889
2026-07-11,https://getdailyvox.com/blog/best-journal-app-for-men,0.0,1.0,0.0,8.0
2026-07-11,https://getdailyvox.com/blog/best-journal-app-for-seniors,0.0,2.0,0.0,7.0
2026-07-11,https://getdailyvox.com/blog/best-voice-journal-app,0.0,12.0,0.0,28.333333333333332
2026-07-11,https://getdailyvox.com/blog/dailyvox-vs-audio-diary,0.0,2.0,0.0,7.5
2026-07-11,https://getdailyvox.com/blog/journal-app-privacy-comparison,0.0,3.0,0.0,27.666666666666668
2026-07-11,https://getdailyvox.com/blog/voice-recorder-diary-app,0.0,1.0,0.0,38.0
2026-07-11,https://getdailyvox.com/changelog,0.0,2.0,0.0,7.0
2026-07-11,https://getdailyvox.com/demo,0.0,1.0,0.0,8.0
2026-07-11,https://getdailyvox.com/faq,0.0,1.0,0.0,11.0
2026-07-11,https://getdailyvox.com/journal-app-comparison,0.0,1.0,0.0,10.0
2026-07-11,https://getdailyvox.com/personal-digital-twin,0.0,3.0,0.0,48.333333333333336
2026-07-11,https://getdailyvox.com/privacy,0.0,2.0,0.0,1.0
2026-07-11,https://getdailyvox.com/research,0.0,1.0,0.0,10.0
2026-07-11,https://getdailyvox.com/support,0.0,1.0,0.0,24.0
2026-07-11,https://getdailyvox.com/technology,0.0,7.0,0.0,2.857142857142857
2026-07-11,https://getdailyvox.com/use/interview-prep,0.0,1.0,0.0,4.0
2026-07-11,https://getdailyvox.com/voice-journaling-statistics,0.0,2.0,0.0,6.5
2026-07-12,https://getdailyvox.com/,0.0,6.0,0.0,10.833333333333334
2026-07-12,https://getdailyvox.com/about,0.0,4.0,0.0,5.25
2026-07-12,https://getdailyvox.com/blog,0.0,2.0,0.0,16.5
2026-07-12,https://getdailyvox.com/blog/ai-journal-that-works-offline,0.0,3.0,0.0,6.0
2026-07-12,https://getdailyvox.com/blog/best-free-journal-app,0.0,2.0,0.0,76.5
2026-07-12,https://getdailyvox.com/blog/best-free-journal-app-2026,0.0,13.0,0.0,12.384615384615385
2026-07-12,https://getdailyvox.com/blog/best-journal-app-for-anxiety,0.0,1.0,0.0,18.0
2026-07-12,https://getdailyvox.com/blog/best-journal-app-for-men,1.0,6.0,0.16666666666666666,7.833333333333333
2026-07-12,https://getdailyvox.com/blog/best-journal-app-for-seniors,1.0,4.0,0.25,5.75
2026-07-12,https://getdailyvox.com/blog/best-voice-journal-app,0.0,15.0,0.0,33.13333333333333
2026-07-12,https://getdailyvox.com/blog/constellation-update,0.0,1.0,0.0,6.0
2026-07-12,https://getdailyvox.com/blog/dailyvox-vs-audio-diary,0.0,3.0,0.0,7.333333333333333
2026-07-12,https://getdailyvox.com/blog/dailyvox-vs-granola,0.0,1.0,0.0,10.0
2026-07-12,https://getdailyvox.com/blog/journal-app-privacy-comparison,0.0,4.0,0.0,24.0
2026-07-12,https://getdailyvox.com/blog/journaling-for-couples,0.0,1.0,0.0,21.0
2026-07-12,https://getdailyvox.com/blog/voice-recorder-diary-app,0.0,2.0,0.0,27.0
2026-07-12,https://getdailyvox.com/changelog,0.0,11.0,0.0,10.818181818181818
2026-07-12,https://getdailyvox.com/compare,0.0,1.0,0.0,84.0
2026-07-12,https://getdailyvox.com/demo,0.0,2.0,0.0,5.5
2026-07-12,https://getdailyvox.com/faq,0.0,2.0,0.0,6.0
2026-07-12,https://getdailyvox.com/for/nurses,0.0,1.0,0.0,3.0
2026-07-12,https://getdailyvox.com/for/veterans-health-diagnosis,0.0,1.0,0.0,47.0
2026-07-12,https://getdailyvox.com/glossary,0.0,1.0,0.0,22.0
2026-07-12,https://getdailyvox.com/journal-app-comparison,0.0,2.0,0.0,7.5
2026-07-12,https://getdailyvox.com/personal-digital-twin,0.0,3.0,0.0,32.33333333333333
2026-07-12,https://getdailyvox.com/technology,0.0,3.0,0.0,3.3333333333333335
2026-07-12,https://getdailyvox.com/voice-journaling-statistics,0.0,3.0,0.0,22.666666666666668
2026-07-13,https://getdailyvox.com/,0.0,4.0,0.0,7.75
2026-07-13,https://getdailyvox.com/about,0.0,1.0,0.0,4.0
2026-07-13,https://getdailyvox.com/alternative/bearable,0.0,1.0,0.0,10.0
2026-07-13,https://getdailyvox.com/blog/ai-journal-that-works-offline,0.0,2.0,0.0,8.0
2026-07-13,https://getdailyvox.com/blog/ai-mood-prediction-vs-tracking,0.0,1.0,0.0,20.0
2026-07-13,https://getdailyvox.com/blog/best-free-journal-app,0.0,15.0,0.0,42.0
2026-07-13,https://getdailyvox.com/blog/best-free-journal-app-2026,1.0,17.0,0.058823529411764705,18.352941176470587
2026-07-13,https://getdailyvox.com/blog/best-journal-app-for-men,0.0,2.0,0.0,4.5
2026-07-13,https://getdailyvox.com/blog/best-voice-journal-app,0.0,10.0,0.0,26.8
2026-07-13,https://getdailyvox.com/blog/constellation-update,0.0,1.0,0.0,8.0
2026-07-13,https://getdailyvox.com/blog/how-digital-twin-learns-personality,0.0,1.0,0.0,9.0
2026-07-13,https://getdailyvox.com/blog/journal-app-privacy-comparison,0.0,11.0,0.0,11.636363636363637
2026-07-13,https://getdailyvox.com/blog/voice-recorder-diary-app,0.0,2.0,0.0,32.5
2026-07-13,https://getdailyvox.com/changelog,0.0,2.0,0.0,6.5
2026-07-13,https://getdailyvox.com/demo,0.0,3.0,0.0,15.666666666666666
2026-07-13,https://getdailyvox.com/glossary,0.0,1.0,0.0,30.0
2026-07-13,https://getdailyvox.com/journal-app-comparison,0.0,6.0,0.0,50.666666666666664
2026-07-13,https://getdailyvox.com/personal-digital-twin,0.0,7.0,0.0,12.285714285714286
2026-07-13,https://getdailyvox.com/privacy,0.0,1.0,0.0,4.0
2026-07-13,https://getdailyvox.com/technology,0.0,3.0,0.0,6.0
2026-07-13,https://getdailyvox.com/voice-journaling-statistics,0.0,1.0,0.0,8.0
2026-07-14,https://getdailyvox.com/,0.0,4.0,0.0,10.75
2026-07-14,https://getdailyvox.com/about,0.0,12.0,0.0,5.583333333333333
2026-07-14,https://getdailyvox.com/blog/adhd-voice-journaling-protocol,0.0,1.0,0.0,7.0
2026-07-14,https://getdailyvox.com/blog/ai-journal-that-works-offline,0.0,2.0,0.0,5.5
2026-07-14,https://getdailyvox.com/blog/best-free-journal-app,0.0,18.0,0.0,51.94444444444444
2026-07-14,https://getdailyvox.com/blog/best-free-journal-app-2026,0.0,8.0,0.0,6.625
2026-07-14,https://getdailyvox.com/blog/best-journal-app-for-anxiety,0.0,1.0,0.0,39.0
2026-07-14,https://getdailyvox.com/blog/best-journal-app-for-men,0.0,3.0,0.0,10.333333333333334
2026-07-14,https://getdailyvox.com/blog/best-journal-app-for-seniors,1.0,2.0,0.5,6.0
2026-07-14,https://getdailyvox.com/blog/best-voice-journal-app,0.0,11.0,0.0,26.90909090909091
2026-07-14,https://getdailyvox.com/blog/dailyvox-vs-audio-diary,1.0,4.0,0.25,7.0
2026-07-14,https://getdailyvox.com/blog/dailyvox-vs-stoic,0.0,1.0,0.0,9.0
2026-07-14,https://getdailyvox.com/blog/how-digital-twin-learns-personality,0.0,1.0,0.0,11.0
2026-07-14,https://getdailyvox.com/blog/journal-app-privacy-comparison,0.0,13.0,0.0,16.307692307692307
2026-07-14,https://getdailyvox.com/blog/science-of-talking-to-yourself,0.0,1.0,0.0,11.0
2026-07-14,https://getdailyvox.com/blog/voice-recorder-diary-app,0.0,7.0,0.0,31.714285714285715
2026-07-14,https://getdailyvox.com/demo,0.0,1.0,0.0,4.0
2026-07-14,https://getdailyvox.com/for/journalists,0.0,1.0,0.0,5.0
2026-07-14,https://getdailyvox.com/glossary,0.0,1.0,0.0,10.0
2026-07-14,https://getdailyvox.com/journal-app-comparison,0.0,8.0,0.0,47.125
2026-07-14,https://getdailyvox.com/personal-digital-twin,0.0,4.0,0.0,26.0
2026-07-14,https://getdailyvox.com/support,0.0,1.0,0.0,9.0
2026-07-14,https://getdailyvox.com/technology,0.0,1.0,0.0,10.0
2026-07-14,https://getdailyvox.com/use/interview-prep,0.0,1.0,0.0,11.0
2026-07-14,https://getdailyvox.com/voice-journaling-statistics,0.0,2.0,0.0,7.0
2026-07-15,https://getdailyvox.com/,0.0,5.0,0.0,11.4
2026-07-15,https://getdailyvox.com/about,0.0,1.0,0.0,5.0
2026-07-15,https://getdailyvox.com/alternative/five-minute-journal,0.0,2.0,0.0,33.5
2026-07-15,https://getdailyvox.com/blog/adhd-voice-journaling-protocol,0.0,1.0,0.0,6.0
2026-07-15,https://getdailyvox.com/blog/ai-journal-that-works-offline,0.0,3.0,0.0,9.333333333333334
2026-07-15,https://getdailyvox.com/blog/best-free-journal-app,0.0,14.0,0.0,51.857142857142854
2026-07-15,https://getdailyvox.com/blog/best-free-journal-app-2026,0.0,1.0,0.0,8.0
2026-07-15,https://getdailyvox.com/blog/best-journal-app-for-men,0.0,3.0,0.0,18.666666666666668
2026-07-15,https://getdailyvox.com/blog/best-journal-app-for-seniors,0.0,2.0,0.0,8.5
2026-07-15,https://getdailyvox.com/blog/best-voice-journal-app,1.0,12.0,0.08333333333333333,10.916666666666666
2026-07-15,https://getdailyvox.com/blog/dailyvox-vs-audio-diary,0.0,1.0,0.0,4.0
2026-07-15,https://getdailyvox.com/blog/dailyvox-vs-finch,0.0,1.0,0.0,5.0
2026-07-15,https://getdailyvox.com/blog/how-to-journal-for-sleep,0.0,1.0,0.0,76.0
2026-07-15,https://getdailyvox.com/blog/journal-app-privacy-comparison,0.0,13.0,0.0,19.615384615384617
2026-07-15,https://getdailyvox.com/demo,0.0,1.0,0.0,9.0
2026-07-15,https://getdailyvox.com/journal-app-comparison,0.0,4.0,0.0,85.5
2026-07-15,https://getdailyvox.com/personal-digital-twin,0.0,10.0,0.0,17.3
2026-07-15,https://getdailyvox.com/technology,0.0,1.0,0.0,1.0
2026-07-15,https://getdailyvox.com/voice-journaling-statistics,0.0,1.0,0.0,10.0
2026-07-16,https://getdailyvox.com/,0.0,4.0,0.0,11.5
2026-07-16,https://getdailyvox.com/blog/ai-journal-that-works-offline,0.0,3.0,0.0,8.666666666666668
2026-07-16,https://getdailyvox.com/blog/ai-mood-prediction-vs-tracking,0.0,1.0,0.0,10.0
2026-07-16,https://getdailyvox.com/blog/best-free-journal-app,0.0,17.0,0.0,35.529411764705884
2026-07-16,https://getdailyvox.com/blog/best-journal-app-for-men,0.0,3.0,0.0,11.0
2026-07-16,https://getdailyvox.com/blog/best-voice-journal-app,0.0,8.0,0.0,23.625
2026-07-16,https://getdailyvox.com/blog/dailyvox-vs-audio-diary,0.0,3.0,0.0,9.333333333333334
2026-07-16,https://getdailyvox.com/blog/dailyvox-vs-obsidian,0.0,1.0,0.0,5.0
2026-07-16,https://getdailyvox.com/blog/journal-app-privacy-comparison,0.0,15.0,0.0,12.6
2026-07-16,https://getdailyvox.com/blog/voice-journaling-for-therapy,0.0,1.0,0.0,10.0
2026-07-16,https://getdailyvox.com/blog/voice-recorder-diary-app,0.0,3.0,0.0,52.666666666666664
2026-07-16,https://getdailyvox.com/changelog,0.0,2.0,0.0,6.5
2026-07-16,https://getdailyvox.com/compare,0.0,1.0,0.0,10.0
2026-07-16,https://getdailyvox.com/journal-app-comparison,0.0,5.0,0.0,82.4
2026-07-16,https://getdailyvox.com/personal-digital-twin,0.0,1.0,0.0,40.0
2026-07-16,https://getdailyvox.com/voice-journaling-statistics,0.0,2.0,0.0,5.5
2026-07-17,https://getdailyvox.com/,2.0,11.0,0.18181818181818182,4.181818181818182
2026-07-17,https://getdailyvox.com/about,0.0,5.0,0.0,3.0
2026-07-17,https://getdailyvox.com/blog,0.0,2.0,0.0,1.0
2026-07-17,https://getdailyvox.com/blog/ai-journal-that-works-offline,0.0,3.0,0.0,4.333333333333334
2026-07-17,https://getdailyvox.com/blog/best-free-journal-app,1.0,12.0,0.08333333333333333,29.166666666666668
2026-07-17,https://getdailyvox.com/blog/best-journal-app-for-anxiety,0.0,1.0,0.0,86.0
2026-07-17,https://getdailyvox.com/blog/best-journal-app-for-men,0.0,5.0,0.0,7.6
2026-07-17,https://getdailyvox.com/blog/best-journal-app-for-seniors,0.0,1.0,0.0,5.0
2026-07-17,https://getdailyvox.com/blog/best-voice-journal-app,0.0,17.0,0.0,19.176470588235293
2026-07-17,https://getdailyvox.com/blog/dailyvox-vs-audio-diary,0.0,1.0,0.0,8.0
2026-07-17,https://getdailyvox.com/blog/dailyvox-vs-obsidian,0.0,1.0,0.0,10.0
2026-07-17,https://getdailyvox.com/blog/journal-app-privacy-comparison,0.0,13.0,0.0,12.692307692307692
2026-07-17,https://getdailyvox.com/blog/journaling-for-couples,0.0,1.0,0.0,8.0
2026-07-17,https://getdailyvox.com/blog/never-leaves-guarantee,0.0,1.0,0.0,3.0
2026-07-17,https://getdailyvox.com/blog/voice-recorder-diary-app,0.0,5.0,0.0,32.8
2026-07-17,https://getdailyvox.com/changelog,0.0,1.0,0.0,8.0
2026-07-17,https://getdailyvox.com/demo,0.0,5.0,0.0,5.2
2026-07-17,https://getdailyvox.com/faq,0.0,3.0,0.0,3.0
2026-07-17,https://getdailyvox.com/journal-app-comparison,0.0,4.0,0.0,62.5
2026-07-17,https://getdailyvox.com/personal-digital-twin,0.0,2.0,0.0,11.5
2026-07-17,https://getdailyvox.com/technology,0.0,3.0,0.0,2.666666666666667
2026-07-17,https://getdailyvox.com/voice-journaling-statistics,0.0,2.0,0.0,6.5
2026-07-18,https://getdailyvox.com/,0.0,13.0,0.0,4.461538461538462
2026-07-18,https://getdailyvox.com/about,0.0,4.0,0.0,5.0
2026-07-18,https://getdailyvox.com/blog,0.0,1.0,0.0,1.0
2026-07-18,https://getdailyvox.com/blog/adhd-voice-journaling-protocol,0.0,1.0,0.0,5.0
2026-07-18,https://getdailyvox.com/blog/ai-journal-that-works-offline,0.0,6.0,0.0,5.333333333333333
2026-07-18,https://getdailyvox.com/blog/apple-journal-vs-dailyvox,0.0,1.0,0.0,8.0
2026-07-18,https://getdailyvox.com/blog/best-free-journal-app,0.0,9.0,0.0,24.0
2026-07-18,https://getdailyvox.com/blog/best-journal-app-for-men,0.0,4.0,0.0,9.75
2026-07-18,https://getdailyvox.com/blog/best-journal-app-for-seniors,0.0,1.0,0.0,8.0
2026-07-18,https://getdailyvox.com/blog/best-voice-journal-app,0.0,17.0,0.0,10.117647058823529
2026-07-18,https://getdailyvox.com/blog/constellation-update,0.0,1.0,0.0,5.0
2026-07-18,https://getdailyvox.com/blog/dailyvox-vs-obsidian,0.0,1.0,0.0,7.0
2026-07-18,https://getdailyvox.com/blog/dailyvox-vs-penzu,0.0,1.0,0.0,11.0
2026-07-18,https://getdailyvox.com/blog/journal-app-privacy-comparison,0.0,8.0,0.0,11.625
2026-07-18,https://getdailyvox.com/blog/journaling-for-couples,0.0,1.0,0.0,10.0
2026-07-18,https://getdailyvox.com/blog/never-leaves-guarantee,0.0,2.0,0.0,8.0
2026-07-18,https://getdailyvox.com/blog/on-device-ai-vs-cloud-ai-journaling,0.0,1.0,0.0,10.0
2026-07-18,https://getdailyvox.com/blog/talk-to-your-past-self-digital-twin,0.0,1.0,0.0,5.0
2026-07-18,https://getdailyvox.com/blog/voice-recorder-diary-app,0.0,3.0,0.0,23.666666666666668
2026-07-18,https://getdailyvox.com/changelog,0.0,4.0,0.0,7.0
2026-07-18,https://getdailyvox.com/compare,0.0,1.0,0.0,2.0
2026-07-18,https://getdailyvox.com/demo,0.0,6.0,0.0,5.666666666666667
2026-07-18,https://getdailyvox.com/faq,0.0,4.0,0.0,7.5
2026-07-18,https://getdailyvox.com/journal-app-comparison,0.0,4.0,0.0,67.75
2026-07-18,https://getdailyvox.com/personal-digital-twin,0.0,5.0,0.0,9.0
2026-07-18,https://getdailyvox.com/support,0.0,1.0,0.0,1.0
2026-07-18,https://getdailyvox.com/technology,0.0,3.0,0.0,5.666666666666667
2026-07-18,https://getdailyvox.com/voice-journaling-statistics,0.0,4.0,0.0,7.5
2026-07-19,https://getdailyvox.com/,0.0,7.0,0.0,5.0
2026-07-19,https://getdailyvox.com/blog/ai-journal-that-works-offline,0.0,1.0,0.0,11.0
2026-07-19,https://getdailyvox.com/blog/best-free-journal-app,0.0,11.0,0.0,31.818181818181817
2026-07-19,https://getdailyvox.com/blog/best-journal-app-for-men,0.0,4.0,0.0,8.75
2026-07-19,https://getdailyvox.com/blog/best-voice-journal-app,0.0,14.0,0.0,21.0
2026-07-19,https://getdailyvox.com/blog/dailyvox-vs-audio-diary,0.0,5.0,0.0,8.0
2026-07-19,https://getdailyvox.com/blog/dailyvox-vs-penzu,0.0,5.0,0.0,11.8
2026-07-19,https://getdailyvox.com/blog/how-to-journal-for-sleep,0.0,3.0,0.0,46.666666666666664
2026-07-19,https://getdailyvox.com/blog/journal-app-privacy-comparison,0.0,8.0,0.0,10.75
2026-07-19,https://getdailyvox.com/blog/science-of-talking-to-yourself,0.0,1.0,0.0,7.0
2026-07-19,https://getdailyvox.com/blog/voice-recorder-diary-app,0.0,2.0,0.0,10.5
2026-07-19,https://getdailyvox.com/changelog,0.0,7.0,0.0,4.714285714285714
2026-07-19,https://getdailyvox.com/glossary,0.0,1.0,0.0,27.0
2026-07-19,https://getdailyvox.com/in/montreal,0.0,1.0,0.0,7.0
2026-07-19,https://getdailyvox.com/journal-app-comparison,0.0,2.0,0.0,56.0
2026-07-19,https://getdailyvox.com/personal-digital-twin,0.0,2.0,0.0,16.0
2026-07-19,https://getdailyvox.com/technology,0.0,1.0,0.0,8.0
2026-07-19,https://getdailyvox.com/voice-journaling-statistics,0.0,2.0,0.0,8.0
2026-07-20,https://getdailyvox.com/,0.0,7.0,0.0,5.285714285714286
2026-07-20,https://getdailyvox.com/about,0.0,6.0,0.0,4.166666666666666
2026-07-20,https://getdailyvox.com/alternative/five-minute-journal,0.0,2.0,0.0,6.0
2026-07-20,https://getdailyvox.com/blog/ai-journal-that-works-offline,0.0,3.0,0.0,15.0
2026-07-20,https://getdailyvox.com/blog/ai-mood-prediction-vs-tracking,0.0,1.0,0.0,9.0
2026-07-20,https://getdailyvox.com/blog/apple-journal-vs-dailyvox,0.0,2.0,0.0,6.0
2026-07-20,https://getdailyvox.com/blog/best-free-journal-app,0.0,15.0,0.0,33.86666666666667
2026-07-20,https://getdailyvox.com/blog/best-journal-app-for-seniors,0.0,3.0,0.0,16.666666666666664
2026-07-20,https://getdailyvox.com/blog/best-voice-journal-app,1.0,14.0,0.07142857142857142,18.142857142857142
2026-07-20,https://getdailyvox.com/blog/dailyvox-vs-apple-journal,0.0,1.0,0.0,5.0
2026-07-20,https://getdailyvox.com/blog/dailyvox-vs-audio-diary,0.0,2.0,0.0,12.5
2026-07-20,https://getdailyvox.com/blog/dailyvox-vs-finch,0.0,2.0,0.0,4.5
2026-07-20,https://getdailyvox.com/blog/dailyvox-vs-penzu,0.0,2.0,0.0,8.5
2026-07-20,https://getdailyvox.com/blog/how-digital-twin-learns-personality,0.0,2.0,0.0,10.0
2026-07-20,https://getdailyvox.com/blog/how-to-journal-for-sleep,0.0,2.0,0.0,78.0
2026-07-20,https://getdailyvox.com/blog/journal-app-privacy-comparison,0.0,14.0,0.0,12.785714285714286
2026-07-20,https://getdailyvox.com/blog/journaling-for-couples,0.0,1.0,0.0,10.0
2026-07-20,https://getdailyvox.com/blog/never-leaves-guarantee,0.0,2.0,0.0,5.0
2026-07-20,https://getdailyvox.com/blog/voice-recorder-diary-app,0.0,8.0,0.0,18.125
2026-07-20,https://getdailyvox.com/compare,0.0,1.0,0.0,12.0
2026-07-20,https://getdailyvox.com/demo,0.0,1.0,0.0,6.0
2026-07-20,https://getdailyvox.com/faq,0.0,3.0,0.0,6.333333333333333
2026-07-20,https://getdailyvox.com/glossary,0.0,1.0,0.0,4.0
2026-07-20,https://getdailyvox.com/in/montreal,0.0,1.0,0.0,7.0
2026-07-20,https://getdailyvox.com/journal-app-comparison,0.0,5.0,0.0,40.0
2026-07-20,https://getdailyvox.com/personal-digital-twin,0.0,4.0,0.0,13.0
2026-07-20,https://getdailyvox.com/support,0.0,1.0,0.0,1.0
2026-07-20,https://getdailyvox.com/technology,0.0,2.0,0.0,4.5
2026-07-20,https://getdailyvox.com/voice-journaling-statistics,0.0,4.0,0.0,16.75
2026-07-21,https://getdailyvox.com/,0.0,3.0,0.0,12.0
2026-07-21,https://getdailyvox.com/about,0.0,1.0,0.0,1.0
2026-07-21,https://getdailyvox.com/alternative/bearable,0.0,1.0,0.0,8.0
2026-07-21,https://getdailyvox.com/blog,0.0,1.0,0.0,1.0
2026-07-21,https://getdailyvox.com/blog/ai-journal-that-works-offline,0.0,2.0,0.0,10.5
2026-07-21,https://getdailyvox.com/blog/ai-mood-prediction-vs-tracking,0.0,4.0,0.0,10.25
2026-07-21,https://getdailyvox.com/blog/apple-journal-vs-dailyvox,0.0,2.0,0.0,20.0
2026-07-21,https://getdailyvox.com/blog/best-free-journal-app,0.0,14.0,0.0,39.714285714285715
2026-07-21,https://getdailyvox.com/blog/best-journal-app-for-anxiety,0.0,1.0,0.0,35.0
2026-07-21,https://getdailyvox.com/blog/best-journal-app-for-men,0.0,1.0,0.0,11.0
2026-07-21,https://getdailyvox.com/blog/best-journal-app-for-seniors,0.0,1.0,0.0,8.0
2026-07-21,https://getdailyvox.com/blog/best-voice-journal-app,0.0,24.0,0.0,19.208333333333332
2026-07-21,https://getdailyvox.com/blog/dailyvox-vs-audio-diary,0.0,2.0,0.0,5.5
2026-07-21,https://getdailyvox.com/blog/dailyvox-vs-penzu,0.0,2.0,0.0,9.5
2026-07-21,https://getdailyvox.com/blog/how-digital-twin-learns-personality,0.0,1.0,0.0,24.0
2026-07-21,https://getdailyvox.com/blog/journal-app-privacy-comparison,0.0,14.0,0.0,10.428571428571429
2026-07-21,https://getdailyvox.com/blog/voice-recorder-diary-app,0.0,6.0,0.0,25.5
2026-07-21,https://getdailyvox.com/blog/why-your-journal-app-shouldnt-need-internet,0.0,1.0,0.0,5.0
2026-07-21,https://getdailyvox.com/demo,0.0,1.0,0.0,6.0
2026-07-21,https://getdailyvox.com/faq,0.0,1.0,0.0,1.0
2026-07-21,https://getdailyvox.com/journal-app-comparison,0.0,3.0,0.0,56.333333333333336
2026-07-21,https://getdailyvox.com/personal-digital-twin,0.0,4.0,0.0,9.75
2026-07-21,https://getdailyvox.com/technology,0.0,2.0,0.0,3.5
2026-07-21,https://getdailyvox.com/voice-journaling-statistics,0.0,3.0,0.0,10.333333333333334
2026-07-22,https://getdailyvox.com/,1.0,7.0,0.14285714285714285,32.42857142857143
2026-07-22,https://getdailyvox.com/about,0.0,3.0,0.0,4.666666666666666
2026-07-22,https://getdailyvox.com/blog,0.0,1.0,0.0,58.0
2026-07-22,https://getdailyvox.com/blog/ai-journal-that-works-offline,0.0,3.0,0.0,4.0
2026-07-22,https://getdailyvox.com/blog/best-free-journal-app,0.0,9.0,0.0,19.77777777777778
2026-07-22,https://getdailyvox.com/blog/best-journal-app-for-men,0.0,2.0,0.0,10.0
2026-07-22,https://getdailyvox.com/blog/best-journal-app-for-seniors,0.0,2.0,0.0,4.5
2026-07-22,https://getdailyvox.com/blog/best-voice-journal-app,0.0,37.0,0.0,9.162162162162161
2026-07-22,https://getdailyvox.com/blog/dailyvox-vs-audio-diary,0.0,2.0,0.0,8.0
2026-07-22,https://getdailyvox.com/blog/dailyvox-vs-granola,0.0,1.0,0.0,8.0
2026-07-22,https://getdailyvox.com/blog/dailyvox-vs-penzu,0.0,5.0,0.0,9.2
2026-07-22,https://getdailyvox.com/blog/dailyvox-vs-stoic,0.0,1.0,0.0,8.0
2026-07-22,https://getdailyvox.com/blog/how-digital-twin-learns-personality,0.0,1.0,0.0,29.0
2026-07-22,https://getdailyvox.com/blog/journal-app-privacy-comparison,1.0,4.0,0.25,17.25
2026-07-22,https://getdailyvox.com/blog/voice-recorder-diary-app,0.0,5.0,0.0,10.4
2026-07-22,https://getdailyvox.com/blog/why-your-journal-app-shouldnt-need-internet,0.0,1.0,0.0,6.0
2026-07-22,https://getdailyvox.com/demo,0.0,3.0,0.0,4.0
2026-07-22,https://getdailyvox.com/journal-app-comparison,0.0,11.0,0.0,32.18181818181819
2026-07-22,https://getdailyvox.com/personal-digital-twin,0.0,5.0,0.0,21.6
2026-07-22,https://getdailyvox.com/technology,0.0,4.0,0.0,7.0
2026-07-22,https://getdailyvox.com/voice-journaling-statistics,0.0,1.0,0.0,9.0
2026-07-23,https://getdailyvox.com/,1.0,6.0,0.16666666666666666,21.0
2026-07-23,https://getdailyvox.com/about,0.0,1.0,0.0,4.0
2026-07-23,https://getdailyvox.com/blog/ai-journal-that-works-offline,0.0,2.0,0.0,7.0
2026-07-23,https://getdailyvox.com/blog/best-ai-journal-app,0.0,1.0,0.0,49.0
2026-07-23,https://getdailyvox.com/blog/best-free-journal-app,0.0,14.0,0.0,30.142857142857142
2026-07-23,https://getdailyvox.com/blog/best-journal-app-for-men,0.0,4.0,0.0,8.25
2026-07-23,https://getdailyvox.com/blog/best-journal-app-for-seniors,0.0,3.0,0.0,9.0
2026-07-23,https://getdailyvox.com/blog/best-voice-journal-app,0.0,23.0,0.0,19.26086956521739
2026-07-23,https://getdailyvox.com/blog/dailyvox-vs-granola,0.0,1.0,0.0,7.0
2026-07-23,https://getdailyvox.com/blog/dailyvox-vs-penzu,1.0,3.0,0.3333333333333333,7.666666666666667
2026-07-23,https://getdailyvox.com/blog/journal-app-privacy-comparison,0.0,12.0,0.0,9.833333333333334
2026-07-23,https://getdailyvox.com/blog/voice-recorder-diary-app,0.0,10.0,0.0,20.3
2026-07-23,https://getdailyvox.com/demo,1.0,1.0,1.0,4.0
2026-07-23,https://getdailyvox.com/journal-app-comparison,0.0,3.0,0.0,64.33333333333334
2026-07-23,https://getdailyvox.com/personal-digital-twin,0.0,2.0,0.0,16.0
2026-07-23,https://getdailyvox.com/technology,0.0,1.0,0.0,36.0
2026-07-23,https://getdailyvox.com/voice-journaling-statistics,0.0,2.0,0.0,9.0
2026-07-24,https://getdailyvox.com/,0.0,2.0,0.0,14.5
2026-07-24,https://getdailyvox.com/alternative/five-minute-journal,0.0,1.0,0.0,40.0
2026-07-24,https://getdailyvox.com/blog/ai-journal-that-works-offline,0.0,2.0,0.0,8.0
2026-07-24,https://getdailyvox.com/blog/apple-journal-vs-dailyvox,0.0,2.0,0.0,6.5
2026-07-24,https://getdailyvox.com/blog/best-ai-journal-app,0.0,3.0,0.0,16.666666666666664
2026-07-24,https://getdailyvox.com/blog/best-free-journal-app,0.0,12.0,0.0,37.083333333333336
2026-07-24,https://getdailyvox.com/blog/best-journal-app-for-men,0.0,7.0,0.0,12.285714285714286
2026-07-24,https://getdailyvox.com/blog/best-journal-app-for-seniors,0.0,6.0,0.0,9.333333333333334
2026-07-24,https://getdailyvox.com/blog/best-voice-journal-app,0.0,23.0,0.0,12.826086956521738
2026-07-24,https://getdailyvox.com/blog/dailyvox-vs-audio-diary,1.0,3.0,0.3333333333333333,7.0
2026-07-24,https://getdailyvox.com/blog/dailyvox-vs-penzu,0.0,3.0,0.0,10.0
2026-07-24,https://getdailyvox.com/blog/journal-app-privacy-comparison,0.0,16.0,0.0,14.375
2026-07-24,https://getdailyvox.com/blog/voice-recorder-diary-app,0.0,3.0,0.0,13.0
2026-07-24,https://getdailyvox.com/blog/voice-to-text-journal,0.0,3.0,0.0,9.0
2026-07-24,https://getdailyvox.com/changelog,0.0,1.0,0.0,9.0
2026-07-24,https://getdailyvox.com/glossary,0.0,1.0,0.0,4.0
2026-07-24,https://getdailyvox.com/journal-app-comparison,0.0,4.0,0.0,66.0
2026-07-24,https://getdailyvox.com/personal-digital-twin,0.0,1.0,0.0,20.0
2026-07-24,https://getdailyvox.com/privacy,0.0,1.0,0.0,95.0
2026-07-24,https://getdailyvox.com/technology,0.0,2.0,0.0,45.0
2026-07-24,https://getdailyvox.com/voice-journaling-statistics,0.0,2.0,0.0,8.5
2026-07-25,https://getdailyvox.com/,1.0,3.0,0.3333333333333333,4.0
2026-07-25,https://getdailyvox.com/about,0.0,1.0,0.0,3.0
2026-07-25,https://getdailyvox.com/blog,0.0,2.0,0.0,9.5
2026-07-25,https://getdailyvox.com/blog/ai-journal-that-works-offline,0.0,1.0,0.0,7.0
2026-07-25,https://getdailyvox.com/blog/apple-journal-vs-dailyvox,0.0,1.0,0.0,7.0
2026-07-25,https://getdailyvox.com/blog/best-ai-journal-app,0.0,10.0,0.0,28.5
2026-07-25,https://getdailyvox.com/blog/best-free-journal-app,0.0,10.0,0.0,28.4
2026-07-25,https://getdailyvox.com/blog/best-journal-app-for-anxiety,0.0,1.0,0.0,35.0
2026-07-25,https://getdailyvox.com/blog/best-journal-app-for-men,0.0,3.0,0.0,21.333333333333332
2026-07-25,https://getdailyvox.com/blog/best-journal-app-for-seniors,0.0,1.0,0.0,10.0
2026-07-25,https://getdailyvox.com/blog/best-voice-journal-app,0.0,20.0,0.0,18.6
2026-07-25,https://getdailyvox.com/blog/dailyvox-vs-audio-diary,0.0,4.0,0.0,6.75
2026-07-25,https://getdailyvox.com/blog/dailyvox-vs-penzu,0.0,1.0,0.0,5.0
2026-07-25,https://getdailyvox.com/blog/how-digital-twin-learns-personality,0.0,1.0,0.0,6.0
2026-07-25,https://getdailyvox.com/blog/journal-app-privacy-comparison,0.0,12.0,0.0,10.083333333333334
2026-07-25,https://getdailyvox.com/blog/voice-recorder-diary-app,0.0,3.0,0.0,29.333333333333332
2026-07-25,https://getdailyvox.com/compare,0.0,2.0,0.0,4.0
2026-07-25,https://getdailyvox.com/demo,0.0,2.0,0.0,5.5
2026-07-25,https://getdailyvox.com/journal-app-comparison,0.0,3.0,0.0,82.0
2026-07-25,https://getdailyvox.com/personal-digital-twin,0.0,1.0,0.0,20.0
2026-07-25,https://getdailyvox.com/technology,0.0,2.0,0.0,9.0
2026-07-25,https://getdailyvox.com/voice-journaling-statistics,0.0,6.0,0.0,6.5
2026-07-26,https://getdailyvox.com/,1.0,4.0,0.25,5.75
2026-07-26,https://getdailyvox.com/about,0.0,3.0,0.0,7.666666666666667
2026-07-26,https://getdailyvox.com/alternative/five-minute-journal,0.0,1.0,0.0,4.0
2026-07-26,https://getdailyvox.com/blog,0.0,1.0,0.0,44.0
2026-07-26,https://getdailyvox.com/blog/ai-journal-that-works-offline,0.0,3.0,0.0,10.0
2026-07-26,https://getdailyvox.com/blog/ai-mood-prediction-vs-tracking,0.0,3.0,0.0,10.333333333333334
2026-07-26,https://getdailyvox.com/blog/apple-intelligence-journal,0.0,8.0,0.0,7.375
2026-07-26,https://getdailyvox.com/blog/best-ai-journal-app,0.0,7.0,0.0,36.285714285714285
2026-07-26,https://getdailyvox.com/blog/best-free-journal-app,0.0,22.0,0.0,38.90909090909091
2026-07-26,https://getdailyvox.com/blog/best-journal-app-for-men,0.0,6.0,0.0,13.666666666666666
2026-07-26,https://getdailyvox.com/blog/best-journal-app-for-privacy,0.0,10.0,0.0,15.2
2026-07-26,https://getdailyvox.com/blog/best-journal-app-for-seniors,0.0,1.0,0.0,8.0
2026-07-26,https://getdailyvox.com/blog/best-offline-journal-app,0.0,7.0,0.0,7.571428571428571
2026-07-26,https://getdailyvox.com/blog/best-voice-journal-app,0.0,21.0,0.0,14.761904761904763
2026-07-26,https://getdailyvox.com/blog/dailyvox-vs-granola,0.0,1.0,0.0,5.0
2026-07-26,https://getdailyvox.com/blog/dailyvox-vs-obsidian,0.0,1.0,0.0,7.0
2026-07-26,https://getdailyvox.com/blog/dailyvox-vs-penzu,0.0,2.0,0.0,13.5
2026-07-26,https://getdailyvox.com/blog/journal-app-privacy-comparison,0.0,15.0,0.0,12.733333333333333
2026-07-26,https://getdailyvox.com/blog/on-device-ai-vs-cloud-ai-journaling,0.0,1.0,0.0,11.0
2026-07-26,https://getdailyvox.com/blog/voice-recorder-diary-app,0.0,4.0,0.0,20.0
2026-07-26,https://getdailyvox.com/blog/voice-to-text-journal,0.0,1.0,0.0,18.0
2026-07-26,https://getdailyvox.com/compare,0.0,2.0,0.0,8.0
2026-07-26,https://getdailyvox.com/demo,0.0,4.0,0.0,7.5
2026-07-26,https://getdailyvox.com/faq,0.0,1.0,0.0,9.0
2026-07-26,https://getdailyvox.com/journal-app-comparison,0.0,1.0,0.0,11.0
2026-07-26,https://getdailyvox.com/personal-digital-twin,0.0,3.0,0.0,13.0
2026-07-26,https://getdailyvox.com/privacy,0.0,1.0,0.0,7.0
2026-07-26,https://getdailyvox.com/technology,0.0,2.0,0.0,16.0
2026-07-26,https://getdailyvox.com/voice-journaling-statistics,0.0,1.0,0.0,75.0
2026-07-27,https://getdailyvox.com/,0.0,18.0,0.0,9.11111111111111
2026-07-27,https://getdailyvox.com/about,0.0,9.0,0.0,4.888888888888889
2026-07-27,https://getdailyvox.com/blog,0.0,2.0,0.0,5.0
2026-07-27,https://getdailyvox.com/blog/ai-journal-that-works-offline,0.0,1.0,0.0,8.0
2026-07-27,https://getdailyvox.com/blog/apple-intelligence-journal,0.0,2.0,0.0,7.5
2026-07-27,https://getdailyvox.com/blog/apple-journal-vs-dailyvox,0.0,2.0,0.0,16.5
2026-07-27,https://getdailyvox.com/blog/best-ai-journal-app,0.0,2.0,0.0,45.0
2026-07-27,https://getdailyvox.com/blog/best-free-journal-app,0.0,13.0,0.0,26.153846153846153
2026-07-27,https://getdailyvox.com/blog/best-journal-app-for-men,0.0,3.0,0.0,9.0
2026-07-27,https://getdailyvox.com/blog/best-journal-app-for-privacy,0.0,7.0,0.0,17.428571428571427
2026-07-27,https://getdailyvox.com/blog/best-journal-app-for-seniors,0.0,2.0,0.0,4.0
2026-07-27,https://getdailyvox.com/blog/best-offline-journal-app,1.0,18.0,0.05555555555555555,9.88888888888889
2026-07-27,https://getdailyvox.com/blog/best-voice-journal-app,0.0,27.0,0.0,19.85185185185185
2026-07-27,https://getdailyvox.com/blog/dailyvox-vs-audio-diary,0.0,3.0,0.0,7.666666666666667
2026-07-27,https://getdailyvox.com/blog/dailyvox-vs-granola,0.0,1.0,0.0,8.0
2026-07-27,https://getdailyvox.com/blog/dailyvox-vs-penzu,0.0,5.0,0.0,10.2
2026-07-27,https://getdailyvox.com/blog/journal-app-privacy-comparison,0.0,11.0,0.0,16.090909090909093
2026-07-27,https://getdailyvox.com/blog/journal-every-day-90-days,0.0,1.0,0.0,6.0
2026-07-27,https://getdailyvox.com/blog/journaling-for-couples,0.0,1.0,0.0,7.0
2026-07-27,https://getdailyvox.com/blog/science-of-talking-to-yourself,0.0,1.0,0.0,8.0
2026-07-27,https://getdailyvox.com/blog/voice-recorder-diary-app,0.0,11.0,0.0,26.727272727272727
2026-07-27,https://getdailyvox.com/blog/what-is-a-digital-twin,0.0,1.0,0.0,11.0
2026-07-27,https://getdailyvox.com/demo,0.0,4.0,0.0,5.25
2026-07-27,https://getdailyvox.com/faq,0.0,1.0,0.0,7.0
2026-07-27,https://getdailyvox.com/for/teachers,0.0,1.0,0.0,9.0
2026-07-27,https://getdailyvox.com/glossary,0.0,1.0,0.0,8.0
2026-07-27,https://getdailyvox.com/in/montreal,0.0,2.0,0.0,6.5
2026-07-27,https://getdailyvox.com/journal-app-comparison,0.0,1.0,0.0,8.0
2026-07-27,https://getdailyvox.com/personal-digital-twin,0.0,4.0,0.0,13.0
2026-07-27,https://getdailyvox.com/press,0.0,1.0,0.0,9.0
2026-07-27,https://getdailyvox.com/privacy,0.0,1.0,0.0,6.0
2026-07-27,https://getdailyvox.com/technology,0.0,2.0,0.0,5.5
2026-07-27,https://getdailyvox.com/voice-journaling-statistics,0.0,3.0,0.0,6.666666666666667
2026-07-28,https://getdailyvox.com/,0.0,6.0,0.0,29.166666666666668
2026-07-28,https://getdailyvox.com/alternative/five-minute-journal,0.0,4.0,0.0,15.75
2026-07-28,https://getdailyvox.com/blog,0.0,2.0,0.0,62.5
2026-07-28,https://getdailyvox.com/blog/ai-journal-that-works-offline,0.0,4.0,0.0,8.0
2026-07-28,https://getdailyvox.com/blog/apple-intelligence-journal,0.0,1.0,0.0,10.0
2026-07-28,https://getdailyvox.com/blog/best-ai-journal-app,0.0,9.0,0.0,47.111111111111114
2026-07-28,https://getdailyvox.com/blog/best-free-journal-app,0.0,15.0,0.0,41.266666666666666
2026-07-28,https://getdailyvox.com/blog/best-journal-app-for-men,0.0,3.0,0.0,19.666666666666668
2026-07-28,https://getdailyvox.com/blog/best-journal-app-for-privacy,0.0,12.0,0.0,18.583333333333332
2026-07-28,https://getdailyvox.com/blog/best-journal-app-for-seniors,0.0,1.0,0.0,5.0
2026-07-28,https://getdailyvox.com/blog/best-offline-journal-app,0.0,22.0,0.0,7.636363636363637
2026-07-28,https://getdailyvox.com/blog/best-voice-journal-app,1.0,46.0,0.021739130434782608,29.47826086956522
2026-07-28,https://getdailyvox.com/blog/dailyvox-vs-audio-diary,0.0,1.0,0.0,4.0
2026-07-28,https://getdailyvox.com/blog/dailyvox-vs-penzu,0.0,4.0,0.0,7.75
2026-07-28,https://getdailyvox.com/blog/journal-app-privacy-comparison,1.0,19.0,0.05263157894736842,20.473684210526315
2026-07-28,https://getdailyvox.com/blog/journal-every-day-90-days,0.0,1.0,0.0,5.0
2026-07-28,https://getdailyvox.com/blog/journaling-for-couples,0.0,1.0,0.0,9.0
2026-07-28,https://getdailyvox.com/blog/search-journal-by-meaning,0.0,1.0,0.0,8.0
2026-07-28,https://getdailyvox.com/blog/voice-recorder-diary-app,0.0,14.0,0.0,29.357142857142858
2026-07-28,https://getdailyvox.com/blog/why-your-journal-app-shouldnt-need-internet,0.0,1.0,0.0,2.0
2026-07-28,https://getdailyvox.com/compare,0.0,1.0,0.0,6.0
2026-07-28,https://getdailyvox.com/for/seniors,0.0,1.0,0.0,9.0
2026-07-28,https://getdailyvox.com/glossary,0.0,2.0,0.0,28.5
2026-07-28,https://getdailyvox.com/journal-app-comparison,0.0,1.0,0.0,8.0
2026-07-28,https://getdailyvox.com/personal-digital-twin,0.0,6.0,0.0,23.166666666666668
2026-07-28,https://getdailyvox.com/technology,0.0,1.0,0.0,4.0
2026-07-28,https://getdailyvox.com/voice-journaling-statistics,0.0,2.0,0.0,7.5
2026-07-29,https://getdailyvox.com/,0.0,2.0,0.0,3.0
2026-07-29,https://getdailyvox.com/about,0.0,3.0,0.0,7.0
2026-07-29,https://getdailyvox.com/blog,0.0,3.0,0.0,18.666666666666668
2026-07-29,https://getdailyvox.com/blog/ai-journal-that-works-offline,0.0,3.0,0.0,7.333333333333333
2026-07-29,https://getdailyvox.com/blog/ai-mood-prediction-vs-tracking,0.0,1.0,0.0,2.0
2026-07-29,https://getdailyvox.com/blog/best-ai-journal-app,0.0,3.0,0.0,23.333333333333332
2026-07-29,https://getdailyvox.com/blog/best-free-journal-app,0.0,15.0,0.0,36.13333333333333
2026-07-29,https://getdailyvox.com/blog/best-journal-app-for-men,0.0,3.0,0.0,24.0
2026-07-29,https://getdailyvox.com/blog/best-journal-app-for-privacy,0.0,11.0,0.0,19.363636363636363
2026-07-29,https://getdailyvox.com/blog/best-journal-app-for-seniors,0.0,1.0,0.0,11.0
2026-07-29,https://getdailyvox.com/blog/best-offline-journal-app,0.0,16.0,0.0,7.8125
2026-07-29,https://getdailyvox.com/blog/best-voice-journal-app,0.0,21.0,0.0,12.666666666666666
2026-07-29,https://getdailyvox.com/blog/dailyvox-vs-apple-journal,0.0,1.0,0.0,10.0
2026-07-29,https://getdailyvox.com/blog/dailyvox-vs-audio-diary,0.0,2.0,0.0,4.0
2026-07-29,https://getdailyvox.com/blog/dailyvox-vs-finch,0.0,1.0,0.0,8.0
2026-07-29,https://getdailyvox.com/blog/dailyvox-vs-penzu,0.0,3.0,0.0,8.666666666666668
2026-07-29,https://getdailyvox.com/blog/how-to-journal-for-sleep,0.0,1.0,0.0,50.0
2026-07-29,https://getdailyvox.com/blog/journal-app-privacy-comparison,0.0,8.0,0.0,15.25
2026-07-29,https://getdailyvox.com/blog/journaling-for-couples,0.0,1.0,0.0,8.0
2026-07-29,https://getdailyvox.com/blog/voice-recorder-diary-app,0.0,11.0,0.0,17.272727272727273
2026-07-29,https://getdailyvox.com/demo,0.0,2.0,0.0,9.5
2026-07-29,https://getdailyvox.com/faq,0.0,2.0,0.0,8.5
2026-07-29,https://getdailyvox.com/journal-app-comparison,0.0,2.0,0.0,26.5
2026-07-29,https://getdailyvox.com/personal-digital-twin,0.0,4.0,0.0,7.0
2026-07-29,https://getdailyvox.com/technology,0.0,8.0,0.0,21.0
2026-07-29,https://getdailyvox.com/voice-journaling-statistics,0.0,2.0,0.0,5.0
2026-07-30,https://getdailyvox.com/,0.0,8.0,0.0,37.0
2026-07-30,https://getdailyvox.com/alternative/audio-diary,0.0,1.0,0.0,18.0
2026-07-30,https://getdailyvox.com/blog,0.0,2.0,0.0,33.5
2026-07-30,https://getdailyvox.com/blog/ai-journal-that-works-offline,0.0,1.0,0.0,8.0
2026-07-30,https://getdailyvox.com/blog/ai-mood-prediction-vs-tracking,0.0,1.0,0.0,7.0
2026-07-30,https://getdailyvox.com/blog/apple-intelligence-journal,0.0,1.0,0.0,8.0
2026-07-30,https://getdailyvox.com/blog/best-ai-journal-app,0.0,25.0,0.0,50.64
2026-07-30,https://getdailyvox.com/blog/best-free-journal-app,0.0,21.0,0.0,55.0
2026-07-30,https://getdailyvox.com/blog/best-journal-app-for-anxiety,0.0,1.0,0.0,59.0
2026-07-30,https://getdailyvox.com/blog/best-journal-app-for-men,0.0,7.0,0.0,16.57142857142857
2026-07-30,https://getdailyvox.com/blog/best-journal-app-for-privacy,0.0,6.0,0.0,46.166666666666664
2026-07-30,https://getdailyvox.com/blog/best-journal-app-for-seniors,0.0,1.0,0.0,12.0
2026-07-30,https://getdailyvox.com/blog/best-offline-journal-app,0.0,14.0,0.0,7.928571428571429
2026-07-30,https://getdailyvox.com/blog/best-voice-journal-app,0.0,13.0,0.0,36.15384615384615
2026-07-30,https://getdailyvox.com/blog/dailyvox-vs-audio-diary,0.0,4.0,0.0,5.5
2026-07-30,https://getdailyvox.com/blog/dailyvox-vs-penzu,0.0,4.0,0.0,7.0
2026-07-30,https://getdailyvox.com/blog/how-digital-twin-learns-personality,0.0,1.0,0.0,6.0
2026-07-30,https://getdailyvox.com/blog/how-to-journal-for-sleep,0.0,3.0,0.0,70.66666666666667
2026-07-30,https://getdailyvox.com/blog/journal-app-privacy-comparison,0.0,22.0,0.0,17.59090909090909
2026-07-30,https://getdailyvox.com/blog/on-device-ai-vs-cloud-ai-journaling,0.0,1.0,0.0,32.0
2026-07-30,https://getdailyvox.com/blog/voice-recorder-diary-app,0.0,12.0,0.0,30.333333333333332
2026-07-30,https://getdailyvox.com/blog/voice-to-text-journal,0.0,1.0,0.0,6.0
2026-07-30,https://getdailyvox.com/compare,0.0,1.0,0.0,35.0
2026-07-30,https://getdailyvox.com/personal-digital-twin,0.0,3.0,0.0,19.666666666666668
2026-07-30,https://getdailyvox.com/technology,0.0,3.0,0.0,12.666666666666666
2026-07-30,https://getdailyvox.com/voice-journaling-statistics,0.0,2.0,0.0,27.0
2026-07-31,https://getdailyvox.com/,1.0,5.0,0.2,37.8
2026-07-31,https://getdailyvox.com/about,0.0,1.0,0.0,7.0
2026-07-31,https://getdailyvox.com/alternative/audio-diary,0.0,1.0,0.0,8.0
2026-07-31,https://getdailyvox.com/blog/ai-journal-that-works-offline,0.0,1.0,0.0,1.0
2026-07-31,https://getdailyvox.com/blog/ai-mood-prediction-vs-tracking,0.0,1.0,0.0,10.0
2026-07-31,https://getdailyvox.com/blog/apple-intelligence-journal,0.0,2.0,0.0,6.5
2026-07-31,https://getdailyvox.com/blog/best-ai-journal-app,0.0,6.0,0.0,39.666666666666664
2026-07-31,https://getdailyvox.com/blog/best-free-journal-app,0.0,15.0,0.0,53.6
2026-07-31,https://getdailyvox.com/blog/best-journal-app-for-men,0.0,2.0,0.0,10.5
2026-07-31,https://getdailyvox.com/blog/best-journal-app-for-privacy,0.0,7.0,0.0,16.857142857142858
2026-07-31,https://getdailyvox.com/blog/best-offline-journal-app,0.0,15.0,0.0,9.8
2026-07-31,https://getdailyvox.com/blog/best-voice-journal-app,0.0,8.0,0.0,36.0
2026-07-31,https://getdailyvox.com/blog/dailyvox-vs-audio-diary,0.0,2.0,0.0,4.0
2026-07-31,https://getdailyvox.com/blog/dailyvox-vs-penzu,0.0,1.0,0.0,9.0
2026-07-31,https://getdailyvox.com/blog/how-digital-twin-learns-personality,0.0,1.0,0.0,3.0
2026-07-31,https://getdailyvox.com/blog/journal-app-privacy-comparison,0.0,15.0,0.0,17.266666666666666
2026-07-31,https://getdailyvox.com/blog/search-journal-by-meaning,0.0,3.0,0.0,8.333333333333332
2026-07-31,https://getdailyvox.com/blog/voice-journal-for-dyslexia,0.0,1.0,0.0,5.0
2026-07-31,https://getdailyvox.com/blog/voice-recorder-diary-app,0.0,1.0,0.0,37.0
2026-07-31,https://getdailyvox.com/blog/why-your-journal-app-shouldnt-need-internet,0.0,2.0,0.0,39.5
2026-07-31,https://getdailyvox.com/demo,0.0,1.0,0.0,2.0
2026-07-31,https://getdailyvox.com/personal-digital-twin,0.0,1.0,0.0,27.0
2026-07-31,https://getdailyvox.com/support,0.0,1.0,0.0,29.0
2026-07-31,https://getdailyvox.com/use/burnout-recovery,0.0,1.0,0.0,8.0
2026-07-31,https://getdailyvox.com/voice-journaling-statistics,0.0,2.0,0.0,7.5
2026-08-01,https://getdailyvox.com/,0.0,4.0,0.0,15.25
2026-08-01,https://getdailyvox.com/about,0.0,1.0,0.0,3.0
2026-08-01,https://getdailyvox.com/blog/ai-journal-that-works-offline,0.0,1.0,0.0,6.0
2026-08-01,https://getdailyvox.com/blog/apple-journal-vs-dailyvox,0.0,1.0,0.0,11.0
2026-08-01,https://getdailyvox.com/blog/best-ai-journal-app,0.0,6.0,0.0,36.166666666666664
2026-08-01,https://getdailyvox.com/blog/best-free-journal-app,0.0,14.0,0.0,38.642857142857146
2026-08-01,https://getdailyvox.com/blog/best-journal-app-for-men,0.0,4.0,0.0,4.25
2026-08-01,https://getdailyvox.com/blog/best-journal-app-for-privacy,0.0,11.0,0.0,22.636363636363637
2026-08-01,https://getdailyvox.com/blog/best-journal-app-for-seniors,0.0,3.0,0.0,6.0
2026-08-01,https://getdailyvox.com/blog/best-offline-journal-app,1.0,28.0,0.03571428571428571,10.464285714285714
2026-08-01,https://getdailyvox.com/blog/best-voice-journal-app,0.0,6.0,0.0,19.666666666666668
2026-08-01,https://getdailyvox.com/blog/dailyvox-vs-audio-diary,0.0,2.0,0.0,8.0
2026-08-01,https://getdailyvox.com/blog/dailyvox-vs-penzu,0.0,3.0,0.0,8.0
2026-08-01,https://getdailyvox.com/blog/how-digital-twin-learns-personality,0.0,2.0,0.0,8.0
2026-08-01,https://getdailyvox.com/blog/how-to-journal-for-sleep,0.0,1.0,0.0,74.0
2026-08-01,https://getdailyvox.com/blog/journal-app-privacy-comparison,0.0,12.0,0.0,17.666666666666668
2026-08-01,https://getdailyvox.com/blog/journal-app-with-ai,0.0,2.0,0.0,61.5
2026-08-01,https://getdailyvox.com/blog/voice-recorder-diary-app,0.0,4.0,0.0,24.0
2026-08-01,https://getdailyvox.com/blog/voice-to-text-journal,0.0,1.0,0.0,10.0
2026-08-01,https://getdailyvox.com/compare,0.0,1.0,0.0,11.0
2026-08-01,https://getdailyvox.com/faq,0.0,1.0,0.0,6.0
2026-08-01,https://getdailyvox.com/for/teachers,0.0,1.0,0.0,10.0
2026-08-01,https://getdailyvox.com/journal-app-comparison,0.0,2.0,0.0,7.0
2026-08-01,https://getdailyvox.com/personal-digital-twin,0.0,1.0,0.0,27.0
2026-08-01,https://getdailyvox.com/technology,0.0,1.0,0.0,3.0
2026-08-01,https://getdailyvox.com/voice-journaling-statistics,0.0,2.0,0.0,17.0
2026-08-02,https://getdailyvox.com/,0.0,7.0,0.0,13.428571428571429
2026-08-02,https://getdailyvox.com/about,0.0,2.0,0.0,22.5
2026-08-02,https://getdailyvox.com/blog,0.0,1.0,0.0,10.0
2026-08-02,https://getdailyvox.com/blog/ai-journal-that-works-offline,0.0,1.0,0.0,4.0
2026-08-02,https://getdailyvox.com/blog/ai-mood-prediction-vs-tracking,0.0,1.0,0.0,8.0
2026-08-02,https://getdailyvox.com/blog/best-ai-journal-app,0.0,4.0,0.0,36.25
2026-08-02,https://getdailyvox.com/blog/best-free-journal-app,0.0,11.0,0.0,47.36363636363637
2026-08-02,https://getdailyvox.com/blog/best-journal-app-for-men,0.0,3.0,0.0,8.0
2026-08-02,https://getdailyvox.com/blog/best-journal-app-for-privacy,0.0,3.0,0.0,39.0
2026-08-02,https://getdailyvox.com/blog/best-journal-app-for-seniors,0.0,1.0,0.0,6.0
2026-08-02,https://getdailyvox.com/blog/best-journal-app-iphone,0.0,4.0,0.0,30.5
2026-08-02,https://getdailyvox.com/blog/best-offline-journal-app,0.0,17.0,0.0,7.176470588235294
2026-08-02,https://getdailyvox.com/blog/best-voice-journal-app,1.0,13.0,0.07692307692307693,31.0
2026-08-02,https://getdailyvox.com/blog/dailyvox-vs-audio-diary,0.0,7.0,0.0,8.142857142857142
2026-08-02,https://getdailyvox.com/blog/dailyvox-vs-obsidian,0.0,1.0,0.0,11.0
2026-08-02,https://getdailyvox.com/blog/dailyvox-vs-penzu,0.0,1.0,0.0,7.0
2026-08-02,https://getdailyvox.com/blog/dailyvox-vs-stoic,0.0,1.0,0.0,9.0
2026-08-02,https://getdailyvox.com/blog/how-to-journal-for-sleep,0.0,3.0,0.0,65.0
2026-08-02,https://getdailyvox.com/blog/journal-app-privacy-comparison,1.0,22.0,0.045454545454545456,11.545454545454545
2026-08-02,https://getdailyvox.com/blog/journal-app-with-ai,0.0,9.0,0.0,63.0
2026-08-02,https://getdailyvox.com/blog/science-of-talking-to-yourself,0.0,1.0,0.0,10.0
2026-08-02,https://getdailyvox.com/blog/voice-recorder-diary-app,0.0,4.0,0.0,14.25
2026-08-02,https://getdailyvox.com/blog/voice-to-text-journal,0.0,1.0,0.0,25.0
2026-08-02,https://getdailyvox.com/blog/what-is-voice-journaling,0.0,2.0,0.0,2.0
2026-08-02,https://getdailyvox.com/demo,0.0,1.0,0.0,8.0
2026-08-02,https://getdailyvox.com/faq,0.0,1.0,0.0,12.0
2026-08-02,https://getdailyvox.com/personal-digital-twin,0.0,6.0,0.0,13.833333333333334
2026-08-02,https://getdailyvox.com/technology,0.0,2.0,0.0,4.5
2026-08-02,https://getdailyvox.com/voice-journaling-statistics,0.0,2.0,0.0,6.5
2026-08-03,https://getdailyvox.com/,0.0,6.0,0.0,11.666666666666666
2026-08-03,https://getdailyvox.com/blog/best-ai-journal-app,0.0,12.0,0.0,35.833333333333336
2026-08-03,https://getdailyvox.com/blog/best-diary-app-ipad,0.0,1.0,0.0,8.0
2026-08-03,https://getdailyvox.com/blog/best-free-journal-app,0.0,9.0,0.0,33.333333333333336
2026-08-03,https://getdailyvox.com/blog/best-journal-app-for-men,0.0,3.0,0.0,15.333333333333334
2026-08-03,https://getdailyvox.com/blog/best-journal-app-for-privacy,0.0,9.0,0.0,15.555555555555555
2026-08-03,https://getdailyvox.com/blog/best-journal-app-for-seniors,0.0,3.0,0.0,3.6666666666666665
2026-08-03,https://getdailyvox.com/blog/best-journal-app-iphone,0.0,17.0,0.0,39.35294117647059
2026-08-03,https://getdailyvox.com/blog/best-offline-journal-app,1.0,22.0,0.045454545454545456,6.954545454545454
2026-08-03,https://getdailyvox.com/blog/best-voice-journal-app,0.0,23.0,0.0,20.73913043478261
2026-08-03,https://getdailyvox.com/blog/body-twin-healthkit-watch,0.0,1.0,0.0,6.0
2026-08-03,https://getdailyvox.com/blog/dailyvox-vs-apple-journal,0.0,1.0,0.0,4.0
2026-08-03,https://getdailyvox.com/blog/dailyvox-vs-audio-diary,0.0,1.0,0.0,11.0
2026-08-03,https://getdailyvox.com/blog/dailyvox-vs-day-one,0.0,1.0,0.0,6.0
2026-08-03,https://getdailyvox.com/blog/dailyvox-vs-granola,0.0,1.0,0.0,6.0
2026-08-03,https://getdailyvox.com/blog/dailyvox-vs-journey,0.0,1.0,0.0,6.0
2026-08-03,https://getdailyvox.com/blog/dailyvox-vs-penzu,0.0,1.0,0.0,10.0
2026-08-03,https://getdailyvox.com/blog/free-mood-tracker-app,0.0,4.0,0.0,17.75
2026-08-03,https://getdailyvox.com/blog/how-digital-twin-learns-personality,0.0,1.0,0.0,6.0
2026-08-03,https://getdailyvox.com/blog/how-to-journal-for-sleep,0.0,1.0,0.0,80.0
2026-08-03,https://getdailyvox.com/blog/journal-app-privacy-comparison,0.0,12.0,0.0,8.083333333333332
2026-08-03,https://getdailyvox.com/blog/journal-app-with-ai,0.0,3.0,0.0,53.0
2026-08-03,https://getdailyvox.com/blog/talk-to-your-past-self-digital-twin,0.0,1.0,0.0,4.0
2026-08-03,https://getdailyvox.com/blog/v1-3-5-dynamic-island,0.0,1.0,0.0,8.0
2026-08-03,https://getdailyvox.com/blog/voice-recorder-diary-app,0.0,6.0,0.0,25.333333333333332
2026-08-03,https://getdailyvox.com/in/montreal,0.0,1.0,0.0,8.0
2026-08-03,https://getdailyvox.com/personal-digital-twin,0.0,4.0,0.0,13.5
2026-08-03,https://getdailyvox.com/technology,0.0,1.0,0.0,26.0
2026-08-03,https://getdailyvox.com/voice-journaling-statistics,0.0,6.0,0.0,9.833333333333334
2026-08-04,https://getdailyvox.com/,0.0,4.0,0.0,21.0
2026-08-04,https://getdailyvox.com/blog/ai-journal-that-works-offline,0.0,1.0,0.0,8.0
2026-08-04,https://getdailyvox.com/blog/ai-mood-prediction-vs-tracking,0.0,1.0,0.0,2.0
2026-08-04,https://getdailyvox.com/blog/best-ai-journal-app,0.0,12.0,0.0,43.333333333333336
2026-08-04,https://getdailyvox.com/blog/best-free-journal-app,0.0,30.0,0.0,30.133333333333333
2026-08-04,https://getdailyvox.com/blog/best-journal-app-for-couples,0.0,6.0,0.0,10.833333333333334
2026-08-04,https://getdailyvox.com/blog/best-journal-app-for-privacy,0.0,13.0,0.0,21.153846153846153
2026-08-04,https://getdailyvox.com/blog/best-journal-app-for-seniors,0.0,1.0,0.0,8.0
2026-08-04,https://getdailyvox.com/blog/best-journal-app-for-students,0.0,2.0,0.0,26.5
2026-08-04,https://getdailyvox.com/blog/best-journal-app-for-travelers,0.0,2.0,0.0,23.5
2026-08-04,https://getdailyvox.com/blog/best-journal-app-iphone,0.0,12.0,0.0,46.083333333333336
2026-08-04,https://getdailyvox.com/blog/best-offline-journal-app,0.0,16.0,0.0,8.1875
2026-08-04,https://getdailyvox.com/blog/best-voice-journal-app,0.0,13.0,0.0,16.692307692307693
2026-08-04,https://getdailyvox.com/blog/dailyvox-vs-daylio,0.0,1.0,0.0,48.0
2026-08-04,https://getdailyvox.com/blog/dailyvox-vs-journey,0.0,4.0,0.0,13.5
2026-08-04,https://getdailyvox.com/blog/dailyvox-vs-penzu,0.0,1.0,0.0,10.0
2026-08-04,https://getdailyvox.com/blog/dailyvox-vs-rosebud,0.0,1.0,0.0,4.0
2026-08-04,https://getdailyvox.com/blog/dailyvox-vs-stoic,0.0,2.0,0.0,8.5
2026-08-04,https://getdailyvox.com/blog/free-mood-tracker-app,0.0,11.0,0.0,17.363636363636363
2026-08-04,https://getdailyvox.com/blog/journal-app-privacy-comparison,0.0,9.0,0.0,13.777777777777779
2026-08-04,https://getdailyvox.com/blog/journal-app-with-ai,0.0,6.0,0.0,66.83333333333333
2026-08-04,https://getdailyvox.com/blog/voice-recorder-diary-app,0.0,5.0,0.0,37.2
2026-08-04,https://getdailyvox.com/compare,0.0,2.0,0.0,7.5
2026-08-04,https://getdailyvox.com/journal-app-comparison,0.0,2.0,0.0,21.5
2026-08-04,https://getdailyvox.com/personal-digital-twin,0.0,4.0,0.0,20.75
2026-08-04,https://getdailyvox.com/voice-journaling-statistics,0.0,4.0,0.0,5.5
2026-08-05,https://getdailyvox.com/,0.0,6.0,0.0,6.333333333333333
2026-08-05,https://getdailyvox.com/about,0.0,1.0,0.0,3.0
2026-08-05,https://getdailyvox.com/blog/ai-journal-that-works-offline,0.0,2.0,0.0,7.0
2026-08-05,https://getdailyvox.com/blog/ai-mood-prediction-vs-tracking,0.0,2.0,0.0,16.0
2026-08-05,https://getdailyvox.com/blog/best-ai-journal-app,0.0,13.0,0.0,55.15384615384615
2026-08-05,https://getdailyvox.com/blog/best-free-journal-app,0.0,22.0,0.0,41.5
2026-08-05,https://getdailyvox.com/blog/best-journal-app-for-couples,0.0,13.0,0.0,13.538461538461538
2026-08-05,https://getdailyvox.com/blog/best-journal-app-for-men,0.0,6.0,0.0,6.5
2026-08-05,https://getdailyvox.com/blog/best-journal-app-for-privacy,0.0,13.0,0.0,17.692307692307693
2026-08-05,https://getdailyvox.com/blog/best-journal-app-for-students,0.0,2.0,0.0,6.0
2026-08-05,https://getdailyvox.com/blog/best-journal-app-for-therapists,0.0,1.0,0.0,57.0
2026-08-05,https://getdailyvox.com/blog/best-journal-app-for-travelers,0.0,3.0,0.0,19.333333333333332
2026-08-05,https://getdailyvox.com/blog/best-journal-app-iphone,0.0,15.0,0.0,34.6
2026-08-05,https://getdailyvox.com/blog/best-offline-journal-app,0.0,18.0,0.0,10.444444444444445
2026-08-05,https://getdailyvox.com/blog/best-voice-journal-app,1.0,24.0,0.041666666666666664,30.166666666666668
2026-08-05,https://getdailyvox.com/blog/dailyvox-vs-audio-diary,0.0,1.0,0.0,8.0
2026-08-05,https://getdailyvox.com/blog/dailyvox-vs-calmplot,0.0,1.0,0.0,10.0
2026-08-05,https://getdailyvox.com/blog/dailyvox-vs-daylio,0.0,1.0,0.0,11.0
2026-08-05,https://getdailyvox.com/blog/dailyvox-vs-finch,0.0,1.0,0.0,8.0
2026-08-05,https://getdailyvox.com/blog/dailyvox-vs-grid-diary,0.0,2.0,0.0,5.5
2026-08-05,https://getdailyvox.com/blog/dailyvox-vs-journey,0.0,1.0,0.0,28.0
2026-08-05,https://getdailyvox.com/blog/dailyvox-vs-obsidian,0.0,2.0,0.0,15.5
2026-08-05,https://getdailyvox.com/blog/dailyvox-vs-penzu,0.0,7.0,0.0,6.857142857142857
2026-08-05,https://getdailyvox.com/blog/free-mood-tracker-app,0.0,18.0,0.0,17.5
2026-08-05,https://getdailyvox.com/blog/is-your-diary-app-private,0.0,3.0,0.0,6.666666666666667
2026-08-05,https://getdailyvox.com/blog/journal-app-privacy-comparison,0.0,14.0,0.0,12.642857142857142
2026-08-05,https://getdailyvox.com/blog/journal-app-with-ai,0.0,5.0,0.0,79.2
2026-08-05,https://getdailyvox.com/blog/voice-journaling-why-speaking-beats-typing,0.0,1.0,0.0,7.0
2026-08-05,https://getdailyvox.com/blog/voice-recorder-diary-app,0.0,13.0,0.0,30.0
2026-08-05,https://getdailyvox.com/compare,0.0,1.0,0.0,8.0
2026-08-05,https://getdailyvox.com/for-students,0.0,3.0,0.0,11.666666666666666
2026-08-05,https://getdailyvox.com/glossary,0.0,1.0,0.0,22.0
2026-08-05,https://getdailyvox.com/personal-digital-twin,0.0,2.0,0.0,22.5
2026-08-05,https://getdailyvox.com/privacy,0.0,1.0,0.0,5.0
2026-08-05,https://getdailyvox.com/technology,0.0,4.0,0.0,13.5
2026-08-05,https://getdailyvox.com/voice-journaling-statistics,0.0,2.0,0.0,15.5
2026-08-06,https://getdailyvox.com/,1.0,6.0,0.16666666666666666,3.6666666666666665
2026-08-06,https://getdailyvox.com/about,0.0,4.0,0.0,5.25
2026-08-06,https://getdailyvox.com/alternative/audio-diary,0.0,1.0,0.0,9.0
2026-08-06,https://getdailyvox.com/blog/ai-journal-that-works-offline,0.0,4.0,0.0,7.75
2026-08-06,https://getdailyvox.com/blog/anti-optimization-journal,0.0,1.0,0.0,7.0
2026-08-06,https://getdailyvox.com/blog/apple-intelligence-journal,0.0,4.0,0.0,8.5
2026-08-06,https://getdailyvox.com/blog/apple-journal-vs-dailyvox,0.0,1.0,0.0,6.0
2026-08-06,https://getdailyvox.com/blog/best-ai-journal-app,0.0,8.0,0.0,46.5
2026-08-06,https://getdailyvox.com/blog/best-diary-app-ipad,0.0,1.0,0.0,29.0
2026-08-06,https://getdailyvox.com/blog/best-free-journal-app,0.0,40.0,0.0,34.25
2026-08-06,https://getdailyvox.com/blog/best-journal-app-for-anxiety,0.0,2.0,0.0,9.5
2026-08-06,https://getdailyvox.com/blog/best-journal-app-for-couples,1.0,11.0,0.09090909090909091,22.0
2026-08-06,https://getdailyvox.com/blog/best-journal-app-for-men,0.0,1.0,0.0,7.0
2026-08-06,https://getdailyvox.com/blog/best-journal-app-for-privacy,0.0,7.0,0.0,35.714285714285715
2026-08-06,https://getdailyvox.com/blog/best-journal-app-for-seniors,0.0,2.0,0.0,14.5
2026-08-06,https://getdailyvox.com/blog/best-journal-app-for-students,0.0,2.0,0.0,12.0
2026-08-06,https://getdailyvox.com/blog/best-journal-app-for-travelers,1.0,6.0,0.16666666666666666,13.166666666666666
2026-08-06,https://getdailyvox.com/blog/best-journal-app-iphone,0.0,15.0,0.0,39.333333333333336
2026-08-06,https://getdailyvox.com/blog/best-offline-journal-app,0.0,17.0,0.0,6.9411764705882355
2026-08-06,https://getdailyvox.com/blog/best-voice-journal-app,0.0,16.0,0.0,34.9375
2026-08-06,https://getdailyvox.com/blog/dailyvox-vs-audio-diary,0.0,3.0,0.0,3.6666666666666665
2026-08-06,https://getdailyvox.com/blog/dailyvox-vs-journey,0.0,4.0,0.0,12.25
2026-08-06,https://getdailyvox.com/blog/dailyvox-vs-penzu,0.0,2.0,0.0,8.0
2026-08-06,https://getdailyvox.com/blog/free-mood-tracker-app,0.0,14.0,0.0,17.428571428571427
2026-08-06,https://getdailyvox.com/blog/how-digital-twin-learns-personality,0.0,1.0,0.0,10.0
2026-08-06,https://getdailyvox.com/blog/how-to-journal-for-productivity,0.0,1.0,0.0,36.0
2026-08-06,https://getdailyvox.com/blog/how-to-journal-for-sleep,0.0,1.0,0.0,91.0
2026-08-06,https://getdailyvox.com/blog/is-your-diary-app-private,0.0,2.0,0.0,9.5
2026-08-06,https://getdailyvox.com/blog/journal-app-privacy-comparison,1.0,15.0,0.06666666666666667,11.066666666666666
2026-08-06,https://getdailyvox.com/blog/journal-app-with-ai,0.0,4.0,0.0,61.5
2026-08-06,https://getdailyvox.com/blog/voice-journaling-why-speaking-beats-typing,0.0,1.0,0.0,9.0
2026-08-06,https://getdailyvox.com/blog/voice-recorder-diary-app,0.0,12.0,0.0,34.333333333333336
2026-08-06,https://getdailyvox.com/blog/voice-to-text-journal,0.0,1.0,0.0,16.0
2026-08-06,https://getdailyvox.com/faq,0.0,3.0,0.0,6.666666666666667
2026-08-06,https://getdailyvox.com/for-students,1.0,2.0,0.5,3.5
2026-08-06,https://getdailyvox.com/journal-app-comparison,0.0,1.0,0.0,7.0
2026-08-06,https://getdailyvox.com/personal-digital-twin,0.0,4.0,0.0,17.25
2026-08-06,https://getdailyvox.com/technology,0.0,4.0,0.0,33.5
2026-08-06,https://getdailyvox.com/voice-journaling-statistics,0.0,4.0,0.0,13.75
2026-08-07,https://getdailyvox.com/,1.0,10.0,0.1,6.3
2026-08-07,https://getdailyvox.com/about,0.0,3.0,0.0,6.333333333333333
2026-08-07,https://getdailyvox.com/blog,0.0,1.0,0.0,11.0
2026-08-07,https://getdailyvox.com/blog/ai-journal-that-works-offline,0.0,2.0,0.0,5.5
2026-08-07,https://getdailyvox.com/blog/apple-intelligence-journal,0.0,4.0,0.0,10.0
2026-08-07,https://getdailyvox.com/blog/best-ai-journal-app,0.0,11.0,0.0,39.27272727272727
2026-08-07,https://getdailyvox.com/blog/best-free-journal-app,0.0,16.0,0.0,53.6875
2026-08-07,https://getdailyvox.com/blog/best-journal-app-for-couples,0.0,4.0,0.0,14.0
2026-08-07,https://getdailyvox.com/blog/best-journal-app-for-men,0.0,7.0,0.0,10.285714285714286
2026-08-07,https://getdailyvox.com/blog/best-journal-app-for-privacy,0.0,5.0,0.0,8.8
2026-08-07,https://getdailyvox.com/blog/best-journal-app-for-seniors,0.0,1.0,0.0,2.0
2026-08-07,https://getdailyvox.com/blog/best-journal-app-for-students,0.0,1.0,0.0,10.0
2026-08-07,https://getdailyvox.com/blog/best-journal-app-for-therapists,0.0,2.0,0.0,49.5
2026-08-07,https://getdailyvox.com/blog/best-journal-app-for-travelers,0.0,21.0,0.0,40.04761904761905
2026-08-07,https://getdailyvox.com/blog/best-journal-app-iphone,0.0,17.0,0.0,43.76470588235294
2026-08-07,https://getdailyvox.com/blog/best-offline-journal-app,0.0,19.0,0.0,7.105263157894737
2026-08-07,https://getdailyvox.com/blog/best-voice-journal-app,0.0,15.0,0.0,25.133333333333333
2026-08-07,https://getdailyvox.com/blog/body-twin-healthkit-watch,0.0,1.0,0.0,6.0
2026-08-07,https://getdailyvox.com/blog/dailyvox-vs-calmplot,0.0,2.0,0.0,10.0
2026-08-07,https://getdailyvox.com/blog/dailyvox-vs-day-one,0.0,1.0,0.0,10.0
2026-08-07,https://getdailyvox.com/blog/dailyvox-vs-finch,0.0,1.0,0.0,7.0
2026-08-07,https://getdailyvox.com/blog/dailyvox-vs-granola,0.0,1.0,0.0,2.0
2026-08-07,https://getdailyvox.com/blog/dailyvox-vs-journey,0.0,3.0,0.0,30.0
2026-08-07,https://getdailyvox.com/blog/dailyvox-vs-rosebud,0.0,1.0,0.0,6.0
2026-08-07,https://getdailyvox.com/blog/dailyvox-vs-stoic,0.0,1.0,0.0,4.0
2026-08-07,https://getdailyvox.com/blog/five-minute-voice-morning-journal,0.0,1.0,0.0,23.0
2026-08-07,https://getdailyvox.com/blog/free-mood-tracker-app,0.0,16.0,0.0,21.3125
2026-08-07,https://getdailyvox.com/blog/journal-app-privacy-comparison,0.0,8.0,0.0,11.0
2026-08-07,https://getdailyvox.com/blog/journal-app-with-ai,0.0,4.0,0.0,42.25
2026-08-07,https://getdailyvox.com/blog/voice-journal-for-dyslexia,0.0,1.0,0.0,2.0
2026-08-07,https://getdailyvox.com/blog/voice-recorder-diary-app,0.0,8.0,0.0,32.0
2026-08-07,https://getdailyvox.com/changelog,0.0,2.0,0.0,7.0
2026-08-07,https://getdailyvox.com/compare,0.0,1.0,0.0,6.0
2026-08-07,https://getdailyvox.com/demo,0.0,1.0,0.0,8.0
2026-08-07,https://getdailyvox.com/faq,0.0,2.0,0.0,5.5
2026-08-07,https://getdailyvox.com/for/teachers,0.0,1.0,0.0,6.0
2026-08-07,https://getdailyvox.com/personal-digital-twin,0.0,1.0,0.0,20.0
2026-08-07,https://getdailyvox.com/privacy,0.0,2.0,0.0,23.5
2026-08-07,https://getdailyvox.com/technology,0.0,3.0,0.0,7.333333333333333
2026-08-07,https://getdailyvox.com/voice-journaling-statistics,0.0,4.0,0.0,12.5
2026-08-08,https://getdailyvox.com/,0.0,3.0,0.0,2.0
2026-08-08,https://getdailyvox.com/about,0.0,2.0,0.0,5.0
2026-08-08,https://getdailyvox.com/alternative/audio-diary,0.0,5.0,0.0,2.6
2026-08-08,https://getdailyvox.com/blog,0.0,3.0,0.0,4.666666666666666
2026-08-08,https://getdailyvox.com/blog/ai-journal-that-works-offline,0.0,3.0,0.0,8.333333333333332
2026-08-08,https://getdailyvox.com/blog/ai-mood-prediction-vs-tracking,0.0,1.0,0.0,7.0
2026-08-08,https://getdailyvox.com/blog/apple-intelligence-journal,0.0,2.0,0.0,8.0
2026-08-08,https://getdailyvox.com/blog/apple-journal-vs-dailyvox,0.0,2.0,0.0,8.0
2026-08-08,https://getdailyvox.com/blog/best-ai-journal-app,0.0,3.0,0.0,31.666666666666668
2026-08-08,https://getdailyvox.com/blog/best-diary-app-ipad,0.0,2.0,0.0,15.5
2026-08-08,https://getdailyvox.com/blog/best-free-journal-app,0.0,21.0,0.0,43.23809523809524
2026-08-08,https://getdailyvox.com/blog/best-journal-app-for-couples,0.0,4.0,0.0,17.25
2026-08-08,https://getdailyvox.com/blog/best-journal-app-for-men,0.0,2.0,0.0,9.0
2026-08-08,https://getdailyvox.com/blog/best-journal-app-for-privacy,0.0,11.0,0.0,20.818181818181817
2026-08-08,https://getdailyvox.com/blog/best-journal-app-for-students,0.0,1.0,0.0,6.0
2026-08-08,https://getdailyvox.com/blog/best-journal-app-for-travelers,0.0,1.0,0.0,11.0
2026-08-08,https://getdailyvox.com/blog/best-journal-app-iphone,0.0,11.0,0.0,35.27272727272727
2026-08-08,https://getdailyvox.com/blog/best-offline-journal-app,0.0,29.0,0.0,7.0344827586206895
2026-08-08,https://getdailyvox.com/blog/best-voice-journal-app,0.0,18.0,0.0,27.61111111111111
2026-08-08,https://getdailyvox.com/blog/constellation-update,0.0,1.0,0.0,2.0
2026-08-08,https://getdailyvox.com/blog/dailyvox-vs-audio-diary,0.0,2.0,0.0,7.0
2026-08-08,https://getdailyvox.com/blog/dailyvox-vs-calmplot,0.0,1.0,0.0,4.0
2026-08-08,https://getdailyvox.com/blog/dailyvox-vs-day-one,0.0,2.0,0.0,7.5
2026-08-08,https://getdailyvox.com/blog/dailyvox-vs-daylio,0.0,1.0,0.0,11.0
2026-08-08,https://getdailyvox.com/blog/dailyvox-vs-granola,0.0,2.0,0.0,10.0
2026-08-08,https://getdailyvox.com/blog/dailyvox-vs-journey,0.0,3.0,0.0,22.0
2026-08-08,https://getdailyvox.com/blog/dailyvox-vs-penzu,0.0,4.0,0.0,8.25
2026-08-08,https://getdailyvox.com/blog/free-mood-tracker-app,0.0,13.0,0.0,13.384615384615385
2026-08-08,https://getdailyvox.com/blog/how-digital-twin-learns-personality,0.0,3.0,0.0,6.666666666666667
2026-08-08,https://getdailyvox.com/blog/how-we-optimized-dailyvox-for-ai-search,0.0,1.0,0.0,11.0
2026-08-08,https://getdailyvox.com/blog/journal-app-privacy-comparison,0.0,9.0,0.0,8.444444444444445
2026-08-08,https://getdailyvox.com/blog/journal-app-with-ai,0.0,6.0,0.0,80.66666666666667
2026-08-08,https://getdailyvox.com/blog/talk-to-your-past-self-digital-twin,0.0,1.0,0.0,3.0
2026-08-08,https://getdailyvox.com/blog/voice-recorder-diary-app,0.0,14.0,0.0,32.85714285714286
2026-08-08,https://getdailyvox.com/compare,0.0,2.0,0.0,5.0
2026-08-08,https://getdailyvox.com/facts,0.0,1.0,0.0,5.0
2026-08-08,https://getdailyvox.com/faq,0.0,2.0,0.0,4.5
2026-08-08,https://getdailyvox.com/for-students,0.0,2.0,0.0,6.5
2026-08-08,https://getdailyvox.com/for/seniors,0.0,1.0,0.0,2.0
2026-08-08,https://getdailyvox.com/for/teachers,0.0,1.0,0.0,6.0
2026-08-08,https://getdailyvox.com/journal-app-comparison,0.0,2.0,0.0,6.0
2026-08-08,https://getdailyvox.com/personal-digital-twin,0.0,1.0,0.0,9.0
2026-08-08,https://getdailyvox.com/voice-journaling-statistics,0.0,5.0,0.0,7.4
2026-08-09,https://getdailyvox.com/,1.0,15.0,0.06666666666666667,6.866666666666666
2026-08-09,https://getdailyvox.com/about,1.0,5.0,0.2,3.6
2026-08-09,https://getdailyvox.com/blog/ai-mood-prediction-vs-tracking,0.0,3.0,0.0,16.333333333333336
2026-08-09,https://getdailyvox.com/blog/apple-journal-vs-dailyvox,0.0,2.0,0.0,7.5
2026-08-09,https://getdailyvox.com/blog/best-ai-journal-app,0.0,6.0,0.0,45.0
2026-08-09,https://getdailyvox.com/blog/best-diary-app-ipad,0.0,5.0,0.0,29.2
2026-08-09,https://getdailyvox.com/blog/best-free-journal-app,1.0,33.0,0.030303030303030304,35.06060606060606
2026-08-09,https://getdailyvox.com/blog/best-journal-app-for-anxiety,0.0,2.0,0.0,49.5
2026-08-09,https://getdailyvox.com/blog/best-journal-app-for-couples,0.0,8.0,0.0,20.125
2026-08-09,https://getdailyvox.com/blog/best-journal-app-for-men,0.0,1.0,0.0,9.0
2026-08-09,https://getdailyvox.com/blog/best-journal-app-for-privacy,0.0,7.0,0.0,21.714285714285715
2026-08-09,https://getdailyvox.com/blog/best-journal-app-for-seniors,0.0,1.0,0.0,4.0
2026-08-09,https://getdailyvox.com/blog/best-journal-app-for-students,0.0,5.0,0.0,33.6
2026-08-09,https://getdailyvox.com/blog/best-journal-app-for-travelers,0.0,14.0,0.0,35.642857142857146
2026-08-09,https://getdailyvox.com/blog/best-journal-app-iphone,0.0,19.0,0.0,40.26315789473684
2026-08-09,https://getdailyvox.com/blog/best-offline-journal-app,2.0,19.0,0.10526315789473684,6.684210526315789
2026-08-09,https://getdailyvox.com/blog/best-voice-journal-app,0.0,19.0,0.0,24.105263157894736
2026-08-09,https://getdailyvox.com/blog/dailyvox-vs-audio-diary,0.0,3.0,0.0,9.333333333333334
2026-08-09,https://getdailyvox.com/blog/dailyvox-vs-calmplot,0.0,2.0,0.0,5.5
2026-08-09,https://getdailyvox.com/blog/dailyvox-vs-daylio,0.0,1.0,0.0,27.0
2026-08-09,https://getdailyvox.com/blog/dailyvox-vs-finch,0.0,1.0,0.0,10.0
2026-08-09,https://getdailyvox.com/blog/dailyvox-vs-grid-diary,0.0,1.0,0.0,7.0
2026-08-09,https://getdailyvox.com/blog/dailyvox-vs-journey,0.0,14.0,0.0,13.214285714285714
2026-08-09,https://getdailyvox.com/blog/dailyvox-vs-penzu,0.0,4.0,0.0,9.5
2026-08-09,https://getdailyvox.com/blog/free-mood-tracker-app,0.0,13.0,0.0,19.846153846153847
2026-08-09,https://getdailyvox.com/blog/how-digital-twin-learns-personality,0.0,2.0,0.0,5.5
2026-08-09,https://getdailyvox.com/blog/how-to-journal-for-sleep,0.0,2.0,0.0,76.5
2026-08-09,https://getdailyvox.com/blog/is-your-diary-app-private,0.0,1.0,0.0,4.0
2026-08-09,https://getdailyvox.com/blog/journal-app-privacy-comparison,0.0,13.0,0.0,10.384615384615385
2026-08-09,https://getdailyvox.com/blog/journal-app-with-ai,0.0,9.0,0.0,53.0
2026-08-09,https://getdailyvox.com/blog/page/3,0.0,1.0,0.0,11.0
2026-08-09,https://getdailyvox.com/blog/v1-3-5-dynamic-island,0.0,2.0,0.0,2.5
2026-08-09,https://getdailyvox.com/blog/voice-journaling-why-speaking-beats-typing,0.0,1.0,0.0,16.0
2026-08-09,https://getdailyvox.com/blog/voice-recorder-diary-app,0.0,12.0,0.0,29.833333333333332
2026-08-09,https://getdailyvox.com/blog/voice-to-text-journal,0.0,1.0,0.0,9.0
2026-08-09,https://getdailyvox.com/blog/what-is-voice-journaling,0.0,1.0,0.0,8.0
2026-08-09,https://getdailyvox.com/changelog,0.0,1.0,0.0,9.0
2026-08-09,https://getdailyvox.com/compare,0.0,1.0,0.0,18.0
2026-08-09,https://getdailyvox.com/demo,0.0,1.0,0.0,8.0
2026-08-09,https://getdailyvox.com/faq,0.0,3.0,0.0,7.0
2026-08-09,https://getdailyvox.com/for-students,0.0,2.0,0.0,7.0
2026-08-09,https://getdailyvox.com/journal-app-comparison,0.0,4.0,0.0,4.0
2026-08-09,https://getdailyvox.com/personal-digital-twin,0.0,3.0,0.0,14.333333333333334
2026-08-09,https://getdailyvox.com/privacy,0.0,1.0,0.0,19.0
2026-08-09,https://getdailyvox.com/support,0.0,1.0,0.0,11.0
2026-08-09,https://getdailyvox.com/technology,0.0,2.0,0.0,17.0
2026-08-09,https://getdailyvox.com/voice-journaling-statistics,0.0,7.0,0.0,15.285714285714286
2026-08-10,https://getdailyvox.com/,0.0,9.0,0.0,7.444444444444445
2026-08-10,https://getdailyvox.com/about,0.0,4.0,0.0,3.0
2026-08-10,https://getdailyvox.com/alternative/audio-diary,0.0,1.0,0.0,10.0
2026-08-10,https://getdailyvox.com/blog,0.0,1.0,0.0,1.0
2026-08-10,https://getdailyvox.com/blog/ai-journal-that-works-offline,0.0,1.0,0.0,11.0
2026-08-10,https://getdailyvox.com/blog/apple-intelligence-journal,0.0,1.0,0.0,11.0
2026-08-10,https://getdailyvox.com/blog/apple-journal-vs-dailyvox,0.0,2.0,0.0,15.0
2026-08-10,https://getdailyvox.com/blog/best-ai-journal-app,0.0,12.0,0.0,56.583333333333336
2026-08-10,https://getdailyvox.com/blog/best-diary-app-ipad,0.0,3.0,0.0,14.666666666666666
2026-08-10,https://getdailyvox.com/blog/best-free-journal-app,0.0,35.0,0.0,34.4
2026-08-10,https://getdailyvox.com/blog/best-journal-app-for-couples,0.0,11.0,0.0,25.272727272727273
2026-08-10,https://getdailyvox.com/blog/best-journal-app-for-men,0.0,2.0,0.0,13.5
2026-08-10,https://getdailyvox.com/blog/best-journal-app-for-privacy,0.0,11.0,0.0,26.272727272727273
2026-08-10,https://getdailyvox.com/blog/best-journal-app-for-seniors,1.0,2.0,0.5,2.5
2026-08-10,https://getdailyvox.com/blog/best-journal-app-for-students,0.0,2.0,0.0,5.5
2026-08-10,https://getdailyvox.com/blog/best-journal-app-for-travelers,0.0,9.0,0.0,38.22222222222222
2026-08-10,https://getdailyvox.com/blog/best-journal-app-iphone,0.0,20.0,0.0,37.95
2026-08-10,https://getdailyvox.com/blog/best-offline-journal-app,0.0,28.0,0.0,8.035714285714285
2026-08-10,https://getdailyvox.com/blog/best-voice-journal-app,0.0,25.0,0.0,25.8
2026-08-10,https://getdailyvox.com/blog/dailyvox-vs-audio-diary,0.0,1.0,0.0,3.0
2026-08-10,https://getdailyvox.com/blog/dailyvox-vs-calmplot,0.0,1.0,0.0,10.0
2026-08-10,https://getdailyvox.com/blog/dailyvox-vs-journey,0.0,2.0,0.0,21.0
2026-08-10,https://getdailyvox.com/blog/dailyvox-vs-obsidian,0.0,1.0,0.0,7.0
2026-08-10,https://getdailyvox.com/blog/dailyvox-vs-otter,0.0,1.0,0.0,10.0
2026-08-10,https://getdailyvox.com/blog/dailyvox-vs-penzu,0.0,7.0,0.0,11.857142857142858
2026-08-10,https://getdailyvox.com/blog/free-mood-tracker-app,0.0,28.0,0.0,22.714285714285715
2026-08-10,https://getdailyvox.com/blog/how-on-device-ai-works,0.0,1.0,0.0,10.0
2026-08-10,https://getdailyvox.com/blog/is-your-diary-app-private,0.0,1.0,0.0,5.0
2026-08-10,https://getdailyvox.com/blog/journal-app-privacy-comparison,0.0,18.0,0.0,12.5
2026-08-10,https://getdailyvox.com/blog/journal-app-with-ai,1.0,5.0,0.2,69.4
2026-08-10,https://getdailyvox.com/blog/talk-to-your-past-self-digital-twin,0.0,1.0,0.0,5.0
2026-08-10,https://getdailyvox.com/blog/voice-journaling-nervous-system-regulation,0.0,2.0,0.0,11.0
2026-08-10,https://getdailyvox.com/blog/voice-journaling-why-speaking-beats-typing,0.0,1.0,0.0,3.0
2026-08-10,https://getdailyvox.com/blog/voice-recorder-diary-app,0.0,6.0,0.0,28.833333333333332
2026-08-10,https://getdailyvox.com/blog/what-is-voice-journaling,0.0,2.0,0.0,43.0
2026-08-10,https://getdailyvox.com/demo,0.0,1.0,0.0,10.0
2026-08-10,https://getdailyvox.com/faq,0.0,4.0,0.0,4.0
2026-08-10,https://getdailyvox.com/in/amsterdam,0.0,1.0,0.0,9.0
2026-08-10,https://getdailyvox.com/personal-digital-twin,0.0,2.0,0.0,19.0
2026-08-10,https://getdailyvox.com/press,0.0,1.0,0.0,9.0
2026-08-10,https://getdailyvox.com/privacy,0.0,1.0,0.0,8.0
2026-08-10,https://getdailyvox.com/support,0.0,1.0,0.0,7.0
2026-08-10,https://getdailyvox.com/technology,0.0,5.0,0.0,9.4
2026-08-10,https://getdailyvox.com/voice-journaling-statistics,0.0,2.0,0.0,8.5
2026-08-11,https://getdailyvox.com/,1.0,7.0,0.14285714285714285,11.857142857142858
2026-08-11,https://getdailyvox.com/blog,0.0,1.0,0.0,10.0
2026-08-11,https://getdailyvox.com/blog/ai-journal-that-works-offline,0.0,2.0,0.0,5.5
2026-08-11,https://getdailyvox.com/blog/ai-mood-prediction-vs-tracking,0.0,3.0,0.0,10.0
2026-08-11,https://getdailyvox.com/blog/apple-journal-vs-dailyvox,0.0,2.0,0.0,6.0
2026-08-11,https://getdailyvox.com/blog/best-ai-journal-app,0.0,11.0,0.0,47.09090909090909
2026-08-11,https://getdailyvox.com/blog/best-diary-app-ipad,0.0,1.0,0.0,9.0
2026-08-11,https://getdailyvox.com/blog/best-free-journal-app,0.0,23.0,0.0,37.0
2026-08-11,https://getdailyvox.com/blog/best-journal-app-for-couples,0.0,8.0,0.0,18.125
2026-08-11,https://getdailyvox.com/blog/best-journal-app-for-men,1.0,5.0,0.2,9.2
2026-08-11,https://getdailyvox.com/blog/best-journal-app-for-privacy,1.0,14.0,0.07142857142857142,32.285714285714285
2026-08-11,https://getdailyvox.com/blog/best-journal-app-for-seniors,0.0,1.0,0.0,3.0
2026-08-11,https://getdailyvox.com/blog/best-journal-app-for-students,0.0,1.0,0.0,17.0
2026-08-11,https://getdailyvox.com/blog/best-journal-app-for-therapists,0.0,1.0,0.0,48.0
2026-08-11,https://getdailyvox.com/blog/best-journal-app-for-travelers,0.0,10.0,0.0,41.3
2026-08-11,https://getdailyvox.com/blog/best-journal-app-iphone,0.0,12.0,0.0,38.5
2026-08-11,https://getdailyvox.com/blog/best-offline-journal-app,1.0,17.0,0.058823529411764705,7.529411764705882
2026-08-11,https://getdailyvox.com/blog/best-voice-journal-app,0.0,19.0,0.0,30.842105263157894
2026-08-11,https://getdailyvox.com/blog/dailyvox-vs-audio-diary,0.0,1.0,0.0,5.0
2026-08-11,https://getdailyvox.com/blog/dailyvox-vs-granola,0.0,3.0,0.0,6.0
2026-08-11,https://getdailyvox.com/blog/dailyvox-vs-grid-diary,0.0,1.0,0.0,10.0
2026-08-11,https://getdailyvox.com/blog/dailyvox-vs-journey,0.0,6.0,0.0,22.5
2026-08-11,https://getdailyvox.com/blog/dailyvox-vs-penzu,0.0,2.0,0.0,8.5
2026-08-11,https://getdailyvox.com/blog/free-mood-tracker-app,0.0,15.0,0.0,35.8
2026-08-11,https://getdailyvox.com/blog/how-digital-twin-learns-personality,0.0,1.0,0.0,9.0
2026-08-11,https://getdailyvox.com/blog/how-to-journal-for-self-improvement,0.0,1.0,0.0,3.0
2026-08-11,https://getdailyvox.com/blog/journal-app-privacy-comparison,0.0,7.0,0.0,16.285714285714285
2026-08-11,https://getdailyvox.com/blog/journal-app-with-ai,0.0,5.0,0.0,82.2
2026-08-11,https://getdailyvox.com/blog/voice-recorder-diary-app,0.0,12.0,0.0,25.25
2026-08-11,https://getdailyvox.com/changelog,0.0,1.0,0.0,8.0
2026-08-11,https://getdailyvox.com/demo,0.0,3.0,0.0,36.0
2026-08-11,https://getdailyvox.com/for-students,0.0,1.0,0.0,6.0
2026-08-11,https://getdailyvox.com/personal-digital-twin,0.0,4.0,0.0,13.0
2026-08-11,https://getdailyvox.com/technology,0.0,2.0,0.0,21.5
2026-08-11,https://getdailyvox.com/voice-journaling-statistics,0.0,1.0,0.0,4.0
2026-08-12,https://getdailyvox.com/,1.0,9.0,0.1111111111111111,30.11111111111111
2026-08-12,https://getdailyvox.com/about,0.0,1.0,0.0,4.0
2026-08-12,https://getdailyvox.com/blog,0.0,2.0,0.0,5.5
2026-08-12,https://getdailyvox.com/blog/ai-journal-that-works-offline,0.0,8.0,0.0,15.125
2026-08-12,https://getdailyvox.com/blog/apple-intelligence-journal,0.0,2.0,0.0,5.0
2026-08-12,https://getdailyvox.com/blog/apple-journal-vs-dailyvox,0.0,2.0,0.0,6.5
2026-08-12,https://getdailyvox.com/blog/best-ai-journal-app,0.0,11.0,0.0,43.27272727272727
2026-08-12,https://getdailyvox.com/blog/best-diary-app-ipad,0.0,2.0,0.0,9.0
2026-08-12,https://getdailyvox.com/blog/best-free-journal-app,0.0,19.0,0.0,45.36842105263158
2026-08-12,https://getdailyvox.com/blog/best-journal-app-for-couples,0.0,13.0,0.0,18.46153846153846
2026-08-12,https://getdailyvox.com/blog/best-journal-app-for-men,0.0,5.0,0.0,8.6
2026-08-12,https://getdailyvox.com/blog/best-journal-app-for-privacy,0.0,8.0,0.0,24.125
2026-08-12,https://getdailyvox.com/blog/best-journal-app-for-seniors,0.0,5.0,0.0,5.8
2026-08-12,https://getdailyvox.com/blog/best-journal-app-for-students,0.0,3.0,0.0,22.0
2026-08-12,https://getdailyvox.com/blog/best-journal-app-for-therapists,0.0,1.0,0.0,64.0
2026-08-12,https://getdailyvox.com/blog/best-journal-app-for-travelers,0.0,4.0,0.0,38.5
2026-08-12,https://getdailyvox.com/blog/best-journal-app-iphone,1.0,20.0,0.05,47.55
2026-08-12,https://getdailyvox.com/blog/best-offline-journal-app,0.0,26.0,0.0,5.6923076923076925
2026-08-12,https://getdailyvox.com/blog/best-voice-journal-app,0.0,21.0,0.0,15.619047619047619
2026-08-12,https://getdailyvox.com/blog/body-twin-healthkit-watch,0.0,1.0,0.0,5.0
2026-08-12,https://getdailyvox.com/blog/dailyvox-vs-audio-diary,0.0,3.0,0.0,5.333333333333333
2026-08-12,https://getdailyvox.com/blog/dailyvox-vs-daylio,0.0,1.0,0.0,41.0
2026-08-12,https://getdailyvox.com/blog/dailyvox-vs-grid-diary,0.0,1.0,0.0,5.0
2026-08-12,https://getdailyvox.com/blog/dailyvox-vs-journey,0.0,4.0,0.0,26.75
2026-08-12,https://getdailyvox.com/blog/dailyvox-vs-obsidian,0.0,2.0,0.0,3.0
2026-08-12,https://getdailyvox.com/blog/dailyvox-vs-otter,0.0,1.0,0.0,5.0
2026-08-12,https://getdailyvox.com/blog/dailyvox-vs-penzu,0.0,1.0,0.0,6.0
2026-08-12,https://getdailyvox.com/blog/foundation-models-gate,0.0,1.0,0.0,3.0
2026-08-12,https://getdailyvox.com/blog/free-mood-tracker-app,0.0,14.0,0.0,30.357142857142858
2026-08-12,https://getdailyvox.com/blog/how-digital-twin-learns-personality,0.0,2.0,0.0,20.0
2026-08-12,https://getdailyvox.com/blog/how-to-journal-for-sleep,0.0,2.0,0.0,91.0
2026-08-12,https://getdailyvox.com/blog/journal-app-privacy-comparison,0.0,8.0,0.0,11.125
2026-08-12,https://getdailyvox.com/blog/journal-app-with-ai,0.0,5.0,0.0,57.2
2026-08-12,https://getdailyvox.com/blog/journaling-for-couples,0.0,1.0,0.0,19.0
2026-08-12,https://getdailyvox.com/blog/v1-3-5-dynamic-island,0.0,1.0,0.0,9.0
2026-08-12,https://getdailyvox.com/blog/voice-journal-for-commute,0.0,1.0,0.0,9.0
2026-08-12,https://getdailyvox.com/blog/voice-recorder-diary-app,0.0,4.0,0.0,40.75
2026-08-12,https://getdailyvox.com/blog/voice-to-text-journal,0.0,1.0,0.0,62.0
2026-08-12,https://getdailyvox.com/for-students,0.0,1.0,0.0,3.0
2026-08-12,https://getdailyvox.com/for/teachers,0.0,2.0,0.0,19.5
2026-08-12,https://getdailyvox.com/personal-digital-twin,0.0,4.0,0.0,14.75
2026-08-12,https://getdailyvox.com/privacy,0.0,2.0,0.0,6.0
2026-08-12,https://getdailyvox.com/technology,0.0,4.0,0.0,42.25
2026-08-12,https://getdailyvox.com/voice-journaling-statistics,0.0,2.0,0.0,4.0
2026-08-13,https://getdailyvox.com/,0.0,5.0,0.0,11.8
2026-08-13,https://getdailyvox.com/about,0.0,1.0,0.0,3.0
2026-08-13,https://getdailyvox.com/blog,0.0,1.0,0.0,40.0
2026-08-13,https://getdailyvox.com/blog/ai-mood-prediction-vs-tracking,0.0,3.0,0.0,9.333333333333334
2026-08-13,https://getdailyvox.com/blog/apple-intelligence-journal,0.0,6.0,0.0,9.666666666666666
2026-08-13,https://getdailyvox.com/blog/best-ai-journal-app,0.0,23.0,0.0,43.391304347826086
2026-08-13,https://getdailyvox.com/blog/best-diary-app-ipad,0.0,4.0,0.0,9.25
2026-08-13,https://getdailyvox.com/blog/best-free-journal-app,0.0,17.0,0.0,43.470588235294116
2026-08-13,https://getdailyvox.com/blog/best-journal-app-for-anxiety,0.0,3.0,0.0,58.666666666666664
2026-08-13,https://getdailyvox.com/blog/best-journal-app-for-couples,1.0,12.0,0.08333333333333333,31.25
2026-08-13,https://getdailyvox.com/blog/best-journal-app-for-men,0.0,2.0,0.0,10.5
2026-08-13,https://getdailyvox.com/blog/best-journal-app-for-privacy,0.0,11.0,0.0,54.45454545454545
2026-08-13,https://getdailyvox.com/blog/best-journal-app-for-seniors,0.0,4.0,0.0,7.25
2026-08-13,https://getdailyvox.com/blog/best-journal-app-for-travelers,0.0,22.0,0.0,42.27272727272727
2026-08-13,https://getdailyvox.com/blog/best-journal-app-iphone,0.0,28.0,0.0,49.857142857142854
2026-08-13,https://getdailyvox.com/blog/best-offline-journal-app,0.0,10.0,0.0,12.3
2026-08-13,https://getdailyvox.com/blog/best-voice-journal-app,0.0,20.0,0.0,37.25
2026-08-13,https://getdailyvox.com/blog/dailyvox-vs-audio-diary,0.0,4.0,0.0,8.5
2026-08-13,https://getdailyvox.com/blog/dailyvox-vs-calmplot,0.0,1.0,0.0,9.0
2026-08-13,https://getdailyvox.com/blog/dailyvox-vs-finch,0.0,2.0,0.0,7.0
2026-08-13,https://getdailyvox.com/blog/dailyvox-vs-grid-diary,0.0,1.0,0.0,8.0
2026-08-13,https://getdailyvox.com/blog/dailyvox-vs-journey,0.0,5.0,0.0,19.6
2026-08-13,https://getdailyvox.com/blog/dailyvox-vs-obsidian,0.0,2.0,0.0,9.5
2026-08-13,https://getdailyvox.com/blog/dailyvox-vs-penzu,0.0,5.0,0.0,8.2
2026-08-13,https://getdailyvox.com/blog/free-mood-tracker-app,0.0,26.0,0.0,31.615384615384617
2026-08-13,https://getdailyvox.com/blog/how-digital-twin-learns-personality,0.0,1.0,0.0,8.0
2026-08-13,https://getdailyvox.com/blog/how-to-journal-for-sleep,0.0,3.0,0.0,88.66666666666667
2026-08-13,https://getdailyvox.com/blog/how-to-journal-for-stress-relief,0.0,1.0,0.0,29.0
2026-08-13,https://getdailyvox.com/blog/journal-app-privacy-comparison,0.0,13.0,0.0,8.461538461538462
2026-08-13,https://getdailyvox.com/blog/journal-app-with-ai,0.0,8.0,0.0,74.375
2026-08-13,https://getdailyvox.com/blog/journal-prompts-for-career,0.0,1.0,0.0,69.0
2026-08-13,https://getdailyvox.com/blog/voice-recorder-diary-app,0.0,14.0,0.0,39.92857142857143
2026-08-13,https://getdailyvox.com/changelog,0.0,3.0,0.0,3.0
2026-08-13,https://getdailyvox.com/for-students,0.0,1.0,0.0,4.0
2026-08-13,https://getdailyvox.com/for/teachers,0.0,2.0,0.0,5.0
2026-08-13,https://getdailyvox.com/journal-app-comparison,0.0,2.0,0.0,6.5
2026-08-13,https://getdailyvox.com/personal-digital-twin,0.0,2.0,0.0,8.5
2026-08-13,https://getdailyvox.com/technology,0.0,2.0,0.0,6.0
2026-08-13,https://getdailyvox.com/voice-journaling-statistics,0.0,6.0,0.0,8.666666666666668
2026-08-14,https://getdailyvox.com/,0.0,5.0,0.0,2.8
2026-08-14,https://getdailyvox.com/about,0.0,6.0,0.0,3.1666666666666665
2026-08-14,https://getdailyvox.com/blog,0.0,1.0,0.0,1.0
2026-08-14,https://getdailyvox.com/blog/ai-journal-that-works-offline,0.0,1.0,0.0,22.0
2026-08-14,https://getdailyvox.com/blog/apple-journal-vs-dailyvox,0.0,2.0,0.0,25.5
2026-08-14,https://getdailyvox.com/blog/best-ai-journal-app,0.0,11.0,0.0,38.54545454545455
2026-08-14,https://getdailyvox.com/blog/best-free-journal-app,0.0,28.0,0.0,21.821428571428573
2026-08-14,https://getdailyvox.com/blog/best-journal-app-for-couples,0.0,9.0,0.0,24.22222222222222
2026-08-14,https://getdailyvox.com/blog/best-journal-app-for-men,0.0,1.0,0.0,8.0
2026-08-14,https://getdailyvox.com/blog/best-journal-app-for-privacy,0.0,10.0,0.0,43.3
2026-08-14,https://getdailyvox.com/blog/best-journal-app-for-seniors,0.0,1.0,0.0,7.0
2026-08-14,https://getdailyvox.com/blog/best-journal-app-for-students,0.0,1.0,0.0,16.0
2026-08-14,https://getdailyvox.com/blog/best-journal-app-for-therapists,0.0,1.0,0.0,53.0
2026-08-14,https://getdailyvox.com/blog/best-journal-app-for-travelers,0.0,4.0,0.0,7.5
2026-08-14,https://getdailyvox.com/blog/best-journal-app-iphone,0.0,14.0,0.0,39.5
2026-08-14,https://getdailyvox.com/blog/best-offline-journal-app,0.0,15.0,0.0,10.866666666666667
2026-08-14,https://getdailyvox.com/blog/best-voice-journal-app,0.0,24.0,0.0,21.666666666666668
2026-08-14,https://getdailyvox.com/blog/body-twin-healthkit-watch,0.0,1.0,0.0,3.0
2026-08-14,https://getdailyvox.com/blog/dailyvox-vs-audio-diary,1.0,2.0,0.5,7.0
2026-08-14,https://getdailyvox.com/blog/dailyvox-vs-calmplot,0.0,3.0,0.0,5.0
2026-08-14,https://getdailyvox.com/blog/dailyvox-vs-granola,0.0,1.0,0.0,10.0
2026-08-14,https://getdailyvox.com/blog/dailyvox-vs-journey,0.0,5.0,0.0,17.6
2026-08-14,https://getdailyvox.com/blog/dailyvox-vs-penzu,0.0,4.0,0.0,4.25
2026-08-14,https://getdailyvox.com/blog/dailyvox-vs-rosebud,0.0,2.0,0.0,6.5
2026-08-14,https://getdailyvox.com/blog/digital-clone-device-future,0.0,1.0,0.0,6.0
2026-08-14,https://getdailyvox.com/blog/free-mood-tracker-app,0.0,19.0,0.0,29.105263157894736
2026-08-14,https://getdailyvox.com/blog/how-digital-twin-learns-personality,0.0,4.0,0.0,7.25
2026-08-14,https://getdailyvox.com/blog/how-to-journal-for-sleep,0.0,4.0,0.0,67.0
2026-08-14,https://getdailyvox.com/blog/journal-app-privacy-comparison,0.0,12.0,0.0,14.666666666666666
2026-08-14,https://getdailyvox.com/blog/journal-app-with-ai,0.0,12.0,0.0,61.083333333333336
2026-08-14,https://getdailyvox.com/blog/journal-prompts-for-career,0.0,1.0,0.0,9.0
2026-08-14,https://getdailyvox.com/blog/voice-recorder-diary-app,0.0,6.0,0.0,38.666666666666664
2026-08-14,https://getdailyvox.com/compare,0.0,3.0,0.0,6.333333333333333
2026-08-14,https://getdailyvox.com/faq,0.0,2.0,0.0,4.0
2026-08-14,https://getdailyvox.com/for-students,0.0,1.0,0.0,4.0
2026-08-14,https://getdailyvox.com/for/teachers,0.0,1.0,0.0,5.0
2026-08-14,https://getdailyvox.com/for/therapists,0.0,2.0,0.0,7.5
2026-08-14,https://getdailyvox.com/personal-digital-twin,0.0,3.0,0.0,6.666666666666667
2026-08-14,https://getdailyvox.com/technology,0.0,7.0,0.0,5.714285714285714
2026-08-14,https://getdailyvox.com/voice-journaling-statistics,0.0,5.0,0.0,6.8
