date,page,query,clicks,impressions,position
2026-03-18,https://getdailyvox.com/,the daily vox,0.0,1.0,11.0
2026-03-18,https://getdailyvox.com/blog/what-is-a-digital-twin,digital twin of a person,0.0,1.0,76.0
2026-03-19,https://getdailyvox.com/,the daily vox,0.0,1.0,8.0
2026-03-20,https://getdailyvox.com/blog/how-to-journal-for-sleep,journal before bed,0.0,1.0,70.0
2026-04-02,https://getdailyvox.com/,getdailyvox,0.0,4.0,1.0
2026-04-02,https://getdailyvox.com/blog,getdailyvox,0.0,4.0,3.0
2026-04-02,https://getdailyvox.com/blog/dailyvox-vs-apple-journal,getdailyvox,0.0,4.0,10.25
2026-04-02,https://getdailyvox.com/blog/what-is-a-digital-twin,getdailyvox,0.0,4.0,6.0
2026-04-03,https://getdailyvox.com/,getdailyvox,0.0,3.0,1.0
2026-04-03,https://getdailyvox.com/blog,getdailyvox,0.0,3.0,2.666666666666667
2026-04-03,https://getdailyvox.com/blog/dailyvox-vs-apple-journal,getdailyvox,0.0,3.0,10.0
2026-04-03,https://getdailyvox.com/blog/what-is-a-digital-twin,getdailyvox,0.0,3.0,6.333333333333333
2026-04-04,https://getdailyvox.com/,getdailyvox,0.0,4.0,1.0
2026-04-04,https://getdailyvox.com/blog,getdailyvox,0.0,4.0,2.0
2026-04-04,https://getdailyvox.com/blog/dailyvox-vs-apple-journal,getdailyvox,0.0,4.0,9.0
2026-04-04,https://getdailyvox.com/blog/what-is-a-digital-twin,getdailyvox,0.0,4.0,5.75
2026-04-05,https://getdailyvox.com/,getdailyvox,0.0,10.0,1.0
2026-04-05,https://getdailyvox.com/blog,getdailyvox,0.0,10.0,5.5
2026-04-05,https://getdailyvox.com/blog/dailyvox-vs-apple-journal,getdailyvox,0.0,10.0,9.4
2026-04-05,https://getdailyvox.com/blog/how-to-journal-for-sleep,getdailyvox,0.0,1.0,15.0
2026-04-05,https://getdailyvox.com/blog/journal-app-privacy-comparison,getdailyvox,0.0,1.0,16.0
2026-04-05,https://getdailyvox.com/blog/voice-journal-for-dyslexia,getdailyvox,0.0,1.0,2.0
2026-04-05,https://getdailyvox.com/blog/what-is-a-digital-twin,getdailyvox,0.0,10.0,3.4
2026-04-06,https://getdailyvox.com/,getdailyvox,0.0,2.0,1.0
2026-04-06,https://getdailyvox.com/blog,getdailyvox,0.0,2.0,3.5
2026-04-06,https://getdailyvox.com/blog/dailyvox-vs-apple-journal,getdailyvox,0.0,1.0,8.0
2026-04-06,https://getdailyvox.com/blog/how-to-journal-for-sleep,getdailyvox,0.0,1.0,14.0
2026-04-06,https://getdailyvox.com/blog/journal-app-privacy-comparison,getdailyvox,0.0,1.0,16.0
2026-04-06,https://getdailyvox.com/blog/voice-journal-for-dyslexia,getdailyvox,0.0,2.0,10.0
2026-04-06,https://getdailyvox.com/blog/what-is-a-digital-twin,getdailyvox,0.0,2.0,4.0
2026-04-07,https://getdailyvox.com/,getdailyvox,0.0,3.0,1.0
2026-04-07,https://getdailyvox.com/blog,getdailyvox,0.0,3.0,4.333333333333334
2026-04-07,https://getdailyvox.com/blog/voice-journal-for-dyslexia,getdailyvox,0.0,2.0,9.0
2026-04-07,https://getdailyvox.com/blog/what-is-a-digital-twin,getdailyvox,0.0,3.0,3.3333333333333335
2026-04-08,https://getdailyvox.com/,getdailyvox,0.0,4.0,1.0
2026-04-08,https://getdailyvox.com/blog,getdailyvox,0.0,4.0,5.0
2026-04-08,https://getdailyvox.com/blog/voice-journal-for-dyslexia,getdailyvox,0.0,3.0,10.0
2026-04-08,https://getdailyvox.com/blog/what-is-a-digital-twin,getdailyvox,0.0,4.0,2.75
2026-04-08,https://getdailyvox.com/compare,getdailyvox,0.0,1.0,7.0
2026-04-09,https://getdailyvox.com/,getdailyvox,0.0,2.0,1.0
2026-04-09,https://getdailyvox.com/blog,getdailyvox,0.0,2.0,9.0
2026-04-09,https://getdailyvox.com/blog/voice-journal-for-dyslexia,getdailyvox,0.0,1.0,10.0
2026-04-09,https://getdailyvox.com/blog/what-is-a-digital-twin,getdailyvox,0.0,2.0,4.5
2026-04-09,https://getdailyvox.com/faq,getdailyvox,0.0,2.0,4.0
2026-04-09,https://getdailyvox.com/journal-app-comparison,day one journal pricing subscription 2026,0.0,1.0,12.0
2026-04-10,https://getdailyvox.com/,getdailyvox,0.0,3.0,1.0
2026-04-10,https://getdailyvox.com/blog,getdailyvox,0.0,3.0,8.333333333333332
2026-04-10,https://getdailyvox.com/blog/ai-mood-prediction-vs-tracking,getdailyvox,0.0,1.0,22.0
2026-04-10,https://getdailyvox.com/blog/dailyvox-vs-apple-journal,getdailyvox,0.0,1.0,20.0
2026-04-10,https://getdailyvox.com/blog/dailyvox-vs-stoic,getdailyvox,0.0,1.0,18.0
2026-04-10,https://getdailyvox.com/blog/journal-app-privacy-comparison,getdailyvox,0.0,1.0,23.0
2026-04-10,https://getdailyvox.com/blog/voice-journal-for-dyslexia,getdailyvox,0.0,3.0,10.666666666666666
2026-04-10,https://getdailyvox.com/blog/voice-journal-for-runners,getdailyvox,0.0,1.0,16.0
2026-04-10,https://getdailyvox.com/blog/what-is-a-digital-twin,getdailyvox,0.0,3.0,2.333333333333333
2026-04-10,https://getdailyvox.com/compare,getdailyvox,0.0,1.0,17.0
2026-04-10,https://getdailyvox.com/faq,getdailyvox,0.0,3.0,6.0
2026-04-10,https://getdailyvox.com/for/therapists,getdailyvox,0.0,1.0,19.0
2026-04-10,https://getdailyvox.com/glossary,getdailyvox,0.0,1.0,21.0
2026-04-10,https://getdailyvox.com/journal-app-comparison,digital journal apps market,0.0,2.0,71.5
2026-04-10,https://getdailyvox.com/journal-app-comparison,getdailyvox,0.0,1.0,15.0
2026-04-11,https://getdailyvox.com/,getdailyvox,0.0,1.0,1.0
2026-04-11,https://getdailyvox.com/blog,getdailyvox,0.0,1.0,9.0
2026-04-11,https://getdailyvox.com/blog/what-is-a-digital-twin,getdailyvox,0.0,1.0,2.0
2026-04-11,https://getdailyvox.com/faq,getdailyvox,0.0,1.0,6.0
2026-04-11,https://getdailyvox.com/journal-app-comparison,digital journal apps market,0.0,1.0,73.0
2026-04-12,https://getdailyvox.com/,getdailyvox,0.0,7.0,1.0
2026-04-12,https://getdailyvox.com/blog,getdailyvox,0.0,5.0,8.6
2026-04-12,https://getdailyvox.com/blog/voice-journal-for-dyslexia,getdailyvox,0.0,1.0,9.0
2026-04-12,https://getdailyvox.com/blog/what-is-a-digital-twin,getdailyvox,0.0,6.0,2.5
2026-04-12,https://getdailyvox.com/faq,getdailyvox,0.0,7.0,5.571428571428571
2026-04-12,https://getdailyvox.com/faq,vox daily,0.0,1.0,42.0
2026-04-12,https://getdailyvox.com/for/phd-students-anger-management,getdailyvox,0.0,1.0,2.0
2026-04-12,https://getdailyvox.com/for/phd-students-health-diagnosis,getdailyvox,0.0,1.0,2.0
2026-04-12,https://getdailyvox.com/for/truck-drivers-goal-setting,getdailyvox,0.0,1.0,10.0
2026-04-12,https://getdailyvox.com/journal-app-comparison,digital journal apps market,0.0,2.0,82.5
2026-04-13,https://getdailyvox.com/,getdailyvox,0.0,4.0,1.0
2026-04-13,https://getdailyvox.com/blog,getdailyvox,0.0,4.0,5.0
2026-04-13,https://getdailyvox.com/blog/ai-mood-prediction-vs-tracking,getdailyvox,0.0,1.0,35.0
2026-04-13,https://getdailyvox.com/blog/dailyvox-vs-apple-journal,getdailyvox,0.0,1.0,20.0
2026-04-13,https://getdailyvox.com/blog/dailyvox-vs-stoic,getdailyvox,0.0,1.0,17.0
2026-04-13,https://getdailyvox.com/blog/journal-app-privacy-comparison,getdailyvox,0.0,2.0,27.0
2026-04-13,https://getdailyvox.com/blog/voice-journal-for-dyslexia,getdailyvox,0.0,2.0,17.0
2026-04-13,https://getdailyvox.com/blog/voice-journal-for-runners,getdailyvox,0.0,1.0,43.0
2026-04-13,https://getdailyvox.com/blog/what-is-a-digital-twin,getdailyvox,0.0,2.0,18.0
2026-04-13,https://getdailyvox.com/compare,getdailyvox,0.0,1.0,12.0
2026-04-13,https://getdailyvox.com/faq,getdailyvox,0.0,4.0,1.75
2026-04-13,https://getdailyvox.com/for/accountants-after-therapy,getdailyvox,0.0,1.0,37.0
2026-04-13,https://getdailyvox.com/for/ceos-before-bed,getdailyvox,0.0,1.0,27.0
2026-04-13,https://getdailyvox.com/for/coaches-anger-management,getdailyvox,0.0,1.0,28.0
2026-04-13,https://getdailyvox.com/for/coaches-gratitude-practice,getdailyvox,0.0,1.0,31.0
2026-04-13,https://getdailyvox.com/for/coaches-morning-routine,getdailyvox,0.0,1.0,24.0
2026-04-13,https://getdailyvox.com/for/designers-anger-management,getdailyvox,0.0,1.0,40.0
2026-04-13,https://getdailyvox.com/for/designers-sobriety-journal,getdailyvox,0.0,1.0,19.0
2026-04-13,https://getdailyvox.com/for/developers-goal-setting,getdailyvox,0.0,3.0,6.0
2026-04-13,https://getdailyvox.com/for/firefighters-before-bed,getdailyvox,0.0,1.0,32.0
2026-04-13,https://getdailyvox.com/for/high-school-students-goal-setting,getdailyvox,0.0,1.0,39.0
2026-04-13,https://getdailyvox.com/for/phd-students-anger-management,getdailyvox,0.0,1.0,36.0
2026-04-13,https://getdailyvox.com/for/phd-students-health-diagnosis,getdailyvox,0.0,1.0,34.0
2026-04-13,https://getdailyvox.com/for/psychologists-morning-routine,getdailyvox,0.0,1.0,33.0
2026-04-13,https://getdailyvox.com/for/real-estate-agents-before-bed,getdailyvox,0.0,1.0,38.0
2026-04-13,https://getdailyvox.com/for/restaurant-workers-after-therapy,getdailyvox,0.0,1.0,30.0
2026-04-13,https://getdailyvox.com/for/seniors-creative-block,getdailyvox,0.0,1.0,21.0
2026-04-13,https://getdailyvox.com/for/single-parents-health-diagnosis,getdailyvox,0.0,1.0,42.0
2026-04-13,https://getdailyvox.com/for/therapists,getdailyvox,0.0,1.0,4.0
2026-04-13,https://getdailyvox.com/for/therapists-meditation-alternative,getdailyvox,0.0,1.0,41.0
2026-04-13,https://getdailyvox.com/for/truck-drivers-during-commute,getdailyvox,0.0,1.0,25.0
2026-04-13,https://getdailyvox.com/glossary,getdailyvox,0.0,2.0,8.0
2026-04-13,https://getdailyvox.com/in/ranchi,getdailyvox,0.0,1.0,23.0
2026-04-13,https://getdailyvox.com/in/sioux-falls,getdailyvox,0.0,1.0,22.0
2026-04-13,https://getdailyvox.com/journal-app-comparison,digital journal apps market,0.0,2.0,74.5
2026-04-13,https://getdailyvox.com/journal-app-comparison,getdailyvox,0.0,2.0,9.5
2026-04-14,https://getdailyvox.com/,getdailyvox,0.0,7.0,1.0
2026-04-14,https://getdailyvox.com/blog,getdailyvox,0.0,4.0,8.75
2026-04-14,https://getdailyvox.com/blog/voice-journal-for-dyslexia,getdailyvox,0.0,2.0,5.0
2026-04-14,https://getdailyvox.com/blog/what-is-a-digital-twin,getdailyvox,0.0,7.0,4.428571428571429
2026-04-14,https://getdailyvox.com/faq,getdailyvox,0.0,7.0,5.428571428571429
2026-04-14,https://getdailyvox.com/for/phd-students-health-diagnosis,getdailyvox,0.0,1.0,2.0
2026-04-14,https://getdailyvox.com/journal-app-comparison,digital journal apps market,0.0,2.0,77.0
2026-04-14,https://getdailyvox.com/journal-app-comparison,getdailyvox,0.0,1.0,3.0
2026-04-15,https://getdailyvox.com/,getdailyvox,0.0,2.0,1.0
2026-04-15,https://getdailyvox.com/blog,getdailyvox,0.0,1.0,9.0
2026-04-15,https://getdailyvox.com/blog,untold voice journal,0.0,2.0,34.5
2026-04-15,https://getdailyvox.com/blog/voice-journal-for-dyslexia,getdailyvox,0.0,1.0,5.0
2026-04-15,https://getdailyvox.com/blog/what-is-a-digital-twin,getdailyvox,0.0,2.0,3.5
2026-04-15,https://getdailyvox.com/faq,getdailyvox,0.0,2.0,5.0
2026-04-15,https://getdailyvox.com/journal-app-comparison,digital journal apps market,0.0,2.0,70.0
2026-04-16,https://getdailyvox.com/,getdailyvox,0.0,6.0,1.0
2026-04-16,https://getdailyvox.com/alternative/bearable,getdailyvox,0.0,2.0,10.0
2026-04-16,https://getdailyvox.com/blog,getdailyvox,0.0,6.0,8.166666666666668
2026-04-16,https://getdailyvox.com/blog/dailyvox-vs-apple-journal,getdailyvox,0.0,1.0,24.0
2026-04-16,https://getdailyvox.com/blog/dailyvox-vs-stoic,getdailyvox,0.0,1.0,31.0
2026-04-16,https://getdailyvox.com/blog/journal-app-privacy-comparison,getdailyvox,0.0,1.0,34.0
2026-04-16,https://getdailyvox.com/blog/voice-journal-for-dyslexia,getdailyvox,0.0,1.0,16.0
2026-04-16,https://getdailyvox.com/blog/voice-journal-for-runners,getdailyvox,0.0,1.0,27.0
2026-04-16,https://getdailyvox.com/blog/what-is-a-digital-twin,getdailyvox,0.0,5.0,3.2
2026-04-16,https://getdailyvox.com/compare,getdailyvox,0.0,1.0,19.0
2026-04-16,https://getdailyvox.com/faq,getdailyvox,0.0,6.0,3.6666666666666665
2026-04-16,https://getdailyvox.com/for/accountants-grief-processing,getdailyvox,0.0,1.0,33.0
2026-04-16,https://getdailyvox.com/for/ceos-before-bed,getdailyvox,0.0,1.0,26.0
2026-04-16,https://getdailyvox.com/for/coaches-gratitude-practice,getdailyvox,0.0,1.0,38.0
2026-04-16,https://getdailyvox.com/for/coaches-meditation-alternative,getdailyvox,0.0,1.0,35.0
2026-04-16,https://getdailyvox.com/for/dentists-burnout-recovery,getdailyvox,0.0,1.0,22.0
2026-04-16,https://getdailyvox.com/for/designers-sobriety-journal,getdailyvox,0.0,1.0,21.0
2026-04-16,https://getdailyvox.com/for/developers-goal-setting,getdailyvox,0.0,1.0,18.0
2026-04-16,https://getdailyvox.com/for/phd-students-health-diagnosis,getdailyvox,0.0,1.0,23.0
2026-04-16,https://getdailyvox.com/for/restaurant-workers-after-therapy,getdailyvox,0.0,1.0,30.0
2026-04-16,https://getdailyvox.com/for/shift-workers-before-bed,getdailyvox,0.0,1.0,29.0
2026-04-16,https://getdailyvox.com/for/single-parents-health-diagnosis,getdailyvox,0.0,1.0,37.0
2026-04-16,https://getdailyvox.com/for/therapists,getdailyvox,0.0,1.0,25.0
2026-04-16,https://getdailyvox.com/for/veterinarians-goal-setting,getdailyvox,0.0,1.0,36.0
2026-04-16,https://getdailyvox.com/glossary,getdailyvox,0.0,1.0,32.0
2026-04-16,https://getdailyvox.com/in/guangzhou,getdailyvox,0.0,1.0,20.0
2026-04-16,https://getdailyvox.com/journal-app-comparison,digital journal apps market,0.0,2.0,78.0
2026-04-16,https://getdailyvox.com/journal-app-comparison,getdailyvox,0.0,1.0,28.0
2026-04-17,https://getdailyvox.com/,dailyvox,1.0,3.0,1.3333333333333333
2026-04-17,https://getdailyvox.com/,getdailyvox,0.0,2.0,1.0
2026-04-17,https://getdailyvox.com/alternative/bearable,dailyvox,0.0,1.0,7.0
2026-04-17,https://getdailyvox.com/blog,getdailyvox,0.0,2.0,9.0
2026-04-17,https://getdailyvox.com/blog/what-is-a-digital-twin,getdailyvox,0.0,2.0,3.0
2026-04-17,https://getdailyvox.com/faq,getdailyvox,0.0,2.0,5.0
2026-04-17,https://getdailyvox.com/journal-app-comparison,digital journal apps market,0.0,2.0,76.5
2026-04-18,https://getdailyvox.com/,daily vox,0.0,1.0,4.0
2026-04-18,https://getdailyvox.com/,getdailyvox,1.0,1.0,1.0
2026-04-18,https://getdailyvox.com/blog,getdailyvox,0.0,1.0,9.0
2026-04-18,https://getdailyvox.com/blog/what-is-a-digital-twin,getdailyvox,0.0,1.0,5.0
2026-04-18,https://getdailyvox.com/faq,getdailyvox,0.0,1.0,2.0
2026-04-18,https://getdailyvox.com/journal-app-comparison,digital journal apps market,0.0,3.0,74.0
2026-04-19,https://getdailyvox.com/,daily vox,0.0,1.0,6.0
2026-04-19,https://getdailyvox.com/,vox daily,0.0,1.0,7.0
2026-04-19,https://getdailyvox.com/journal-app-comparison,digital journal apps market,0.0,3.0,74.66666666666667
2026-04-20,https://getdailyvox.com/,getdailyvox,0.0,1.0,1.0
2026-04-20,https://getdailyvox.com/alternative/bearable,getdailyvox,0.0,1.0,19.0
2026-04-20,https://getdailyvox.com/blog,getdailyvox,0.0,1.0,12.0
2026-04-20,https://getdailyvox.com/blog/voice-journal-for-dyslexia,getdailyvox,0.0,1.0,16.0
2026-04-20,https://getdailyvox.com/blog/what-is-a-digital-twin,getdailyvox,0.0,1.0,2.0
2026-04-20,https://getdailyvox.com/compare,getdailyvox,0.0,1.0,21.0
2026-04-20,https://getdailyvox.com/faq,getdailyvox,0.0,1.0,8.0
2026-04-20,https://getdailyvox.com/for/developers-goal-setting,getdailyvox,0.0,1.0,22.0
2026-04-20,https://getdailyvox.com/journal-app-comparison,digital journal apps market,0.0,2.0,73.5
2026-04-21,https://getdailyvox.com/,the daily vox,0.0,1.0,8.0
2026-04-21,https://getdailyvox.com/journal-app-comparison,digital journal apps market,0.0,1.0,74.0
2026-04-22,https://getdailyvox.com/,dailyvox,1.0,1.0,1.0
2026-04-22,https://getdailyvox.com/in/ranchi,dailyvox,0.0,1.0,8.0
2026-04-22,https://getdailyvox.com/journal-app-comparison,digital journal apps market,0.0,5.0,76.0
2026-04-23,https://getdailyvox.com/journal-app-comparison,digital journal apps market,0.0,2.0,71.0
2026-04-24,https://getdailyvox.com/journal-app-comparison,digital journal apps market,0.0,4.0,73.0
2026-04-25,https://getdailyvox.com/journal-app-comparison,digital journal apps market,0.0,4.0,71.25
2026-04-26,https://getdailyvox.com/journal-app-comparison,digital journal apps market,0.0,4.0,76.75
2026-04-27,https://getdailyvox.com/compare,journaling app vergleich,0.0,2.0,90.0
2026-04-27,https://getdailyvox.com/journal-app-comparison,digital journal apps market,0.0,4.0,72.75
2026-04-27,https://getdailyvox.com/journal-app-comparison,journaling app vergleich,0.0,1.0,75.0
2026-04-28,https://getdailyvox.com/,getdailyvox,0.0,1.0,1.0
2026-04-28,https://getdailyvox.com/alternative/bearable,getdailyvox,0.0,1.0,8.0
2026-04-28,https://getdailyvox.com/blog,getdailyvox,0.0,1.0,6.0
2026-04-28,https://getdailyvox.com/blog/journal-app-privacy-comparison,getdailyvox,0.0,1.0,2.0
2026-04-28,https://getdailyvox.com/blog/voice-journal-for-runners,getdailyvox,0.0,1.0,34.0
2026-04-28,https://getdailyvox.com/compare,getdailyvox,0.0,1.0,12.0
2026-04-28,https://getdailyvox.com/faq,getdailyvox,0.0,1.0,2.0
2026-04-28,https://getdailyvox.com/for/accountants-grief-processing,getdailyvox,0.0,1.0,2.0
2026-04-28,https://getdailyvox.com/for/shift-workers-before-bed,getdailyvox,0.0,1.0,31.0
2026-04-28,https://getdailyvox.com/for/teachers-burnout-recovery,getdailyvox,0.0,1.0,33.0
2026-04-28,https://getdailyvox.com/for/therapists,getdailyvox,0.0,1.0,17.0
2026-04-28,https://getdailyvox.com/for/truck-drivers-goal-setting,getdailyvox,0.0,1.0,20.0
2026-04-28,https://getdailyvox.com/for/veterinarians-goal-setting,getdailyvox,0.0,1.0,32.0
2026-04-28,https://getdailyvox.com/glossary,getdailyvox,0.0,1.0,2.0
2026-04-28,https://getdailyvox.com/in/guangzhou,getdailyvox,0.0,1.0,2.0
2026-04-28,https://getdailyvox.com/journal-app-comparison,digital journal apps market,0.0,3.0,72.33333333333333
2026-04-28,https://getdailyvox.com/journal-app-comparison,getdailyvox,0.0,1.0,2.0
2026-04-29,https://getdailyvox.com/,dailyvox,1.0,1.0,1.0
2026-04-29,https://getdailyvox.com/faq,dailyvox,0.0,1.0,6.0
2026-04-29,https://getdailyvox.com/journal-app-comparison,day one journal pricing 2026,0.0,1.0,12.0
2026-04-29,https://getdailyvox.com/journal-app-comparison,digital journal apps market,0.0,1.0,80.0
2026-04-30,https://getdailyvox.com/,dailyvox,1.0,1.0,1.0
2026-04-30,https://getdailyvox.com/journal-app-comparison,digital journal apps market,0.0,2.0,84.5
2026-05-01,https://getdailyvox.com/journal-app-comparison,digital journal apps market,0.0,2.0,74.5
2026-05-02,https://getdailyvox.com/,dailyvox,4.0,5.0,1.0
2026-05-02,https://getdailyvox.com/journal-app-comparison,digital journal apps market,0.0,2.0,77.5
2026-05-03,https://getdailyvox.com/,dailyvox,0.0,2.0,1.0
2026-05-03,https://getdailyvox.com/faq,dailyvox,0.0,1.0,5.0
2026-05-03,https://getdailyvox.com/journal-app-comparison,digital journal apps market,0.0,1.0,71.0
2026-05-04,https://getdailyvox.com/journal-app-comparison,digital journal apps market,0.0,3.0,74.33333333333333
2026-05-05,https://getdailyvox.com/journal-app-comparison,digital journal apps market,0.0,2.0,73.0
2026-05-06,https://getdailyvox.com/,dailyvox,1.0,2.0,1.5
2026-05-07,https://getdailyvox.com/journal-app-comparison,digital journal apps market,0.0,1.0,80.0
2026-05-08,https://getdailyvox.com/journal-app-comparison,digital journal apps market,0.0,2.0,70.5
2026-05-09,https://getdailyvox.com/,dailyvox,2.0,2.0,1.0
2026-05-09,https://getdailyvox.com/blog,dailyvox,0.0,1.0,2.0
2026-05-09,https://getdailyvox.com/blog,most effective app features for recording obsession and possessiveness,0.0,1.0,10.0
2026-05-09,https://getdailyvox.com/faq,dailyvox,0.0,2.0,6.5
2026-05-10,https://getdailyvox.com/alternative/bearable,bearable alternative,0.0,1.0,10.0
2026-05-10,https://getdailyvox.com/journal-app-comparison,digital journal apps market,0.0,1.0,70.0
2026-05-12,https://getdailyvox.com/journal-app-comparison,digital journal apps market,0.0,3.0,84.66666666666667
2026-05-13,https://getdailyvox.com/,dailyvox,1.0,1.0,1.0
2026-05-13,https://getdailyvox.com/faq,dailyvox,0.0,1.0,7.0
2026-05-13,https://getdailyvox.com/journal-app-comparison,digital journal apps market,0.0,1.0,87.0
2026-05-14,https://getdailyvox.com/journal-app-comparison,digital journal apps market,0.0,1.0,65.0
2026-05-15,https://getdailyvox.com/journal-app-comparison,digital journal apps market,0.0,5.0,80.0
2026-05-17,https://getdailyvox.com/journal-app-comparison,digital journal apps market,0.0,6.0,73.66666666666667
2026-05-18,https://getdailyvox.com/,dailyvox,0.0,2.0,1.0
2026-05-18,https://getdailyvox.com/faq,dailyvox,0.0,2.0,4.5
2026-05-18,https://getdailyvox.com/journal-app-comparison,apple journal app features 2026,0.0,1.0,11.0
2026-05-18,https://getdailyvox.com/journal-app-comparison,digital journal apps market,0.0,2.0,67.5
2026-05-18,https://getdailyvox.com/privacy,dailyvox,0.0,1.0,19.0
2026-05-19,https://getdailyvox.com/journal-app-comparison,digital journal apps market,0.0,5.0,79.6
2026-05-20,https://getdailyvox.com/journal-app-comparison,digital journal apps market,0.0,4.0,79.5
2026-05-21,https://getdailyvox.com/,dailyvox,1.0,1.0,1.0
2026-05-21,https://getdailyvox.com/faq,dailyvox,0.0,1.0,6.0
2026-05-21,https://getdailyvox.com/journal-app-comparison,digital journal apps market,0.0,2.0,82.5
2026-05-22,https://getdailyvox.com/,dailyvox,0.0,1.0,1.0
2026-05-22,https://getdailyvox.com/journal-app-comparison,digital journal apps market,0.0,3.0,84.33333333333333
2026-05-22,https://getdailyvox.com/support,dailyvox,0.0,1.0,7.0
2026-05-23,https://getdailyvox.com/blog/voice-recorder-diary-app,audio journal app,0.0,1.0,36.0
2026-05-23,https://getdailyvox.com/blog/voice-recorder-diary-app,audio journaling app,0.0,1.0,53.0
2026-05-23,https://getdailyvox.com/blog/voice-recorder-diary-app,voice diary,0.0,1.0,41.0
2026-05-23,https://getdailyvox.com/blog/voice-recorder-diary-app,voice diary app,0.0,1.0,32.0
2026-05-23,https://getdailyvox.com/blog/voice-recorder-diary-app,voice journal app,0.0,1.0,46.0
2026-05-23,https://getdailyvox.com/journal-app-comparison,digital journal apps market,0.0,3.0,82.66666666666667
2026-05-24,https://getdailyvox.com/about,"""id widgetkit"" android app",0.0,1.0,5.0
2026-05-24,https://getdailyvox.com/alternative/finch,free finch online,0.0,1.0,96.0
2026-05-24,https://getdailyvox.com/blog/voice-recorder-diary-app,audio diary app,0.0,1.0,38.0
2026-05-24,https://getdailyvox.com/blog/voice-recorder-diary-app,voice diary,0.0,1.0,41.0
2026-05-24,https://getdailyvox.com/blog/voice-recorder-diary-app,voice diary app,0.0,1.0,33.0
2026-05-24,https://getdailyvox.com/blog/voice-recorder-diary-app,voice journaling app,0.0,1.0,46.0
2026-05-24,https://getdailyvox.com/blog/voice-recorder-diary-app,voice to text journal,0.0,1.0,45.0
2026-05-24,https://getdailyvox.com/journal-app-comparison,digital journal apps market,0.0,3.0,83.0
2026-05-25,https://getdailyvox.com/,dailyvox,1.0,1.0,1.0
2026-05-25,https://getdailyvox.com/about,"""id widgetkit"" android",0.0,3.0,5.0
2026-05-25,https://getdailyvox.com/about,"""id widgetkit"" android app",0.0,3.0,5.0
2026-05-25,https://getdailyvox.com/blog/best-free-journal-app-2026,best free journal publication,0.0,1.0,62.0
2026-05-25,https://getdailyvox.com/blog/best-free-journal-app-2026,best journal app free,0.0,1.0,68.0
2026-05-25,https://getdailyvox.com/faq,dailyvox,0.0,1.0,7.0
2026-05-25,https://getdailyvox.com/journal-app-comparison,digital journal apps market,0.0,3.0,82.66666666666667
2026-05-25,https://getdailyvox.com/use/interview-prep,voice-first journaling,0.0,1.0,64.0
2026-05-26,https://getdailyvox.com/,dailyvox,0.0,2.0,1.0
2026-05-26,https://getdailyvox.com/about,"""id widgetkit"" android",0.0,4.0,6.5
2026-05-26,https://getdailyvox.com/about,"""id widgetkit"" android app",0.0,2.0,5.0
2026-05-26,https://getdailyvox.com/about,"""id widgetkit"" app",0.0,6.0,10.833333333333334
2026-05-26,https://getdailyvox.com/about,dailyvox,0.0,1.0,8.0
2026-05-26,https://getdailyvox.com/blog/best-free-journal-app-2026,app for journaling free,0.0,1.0,50.0
2026-05-26,https://getdailyvox.com/blog/best-free-journal-app-2026,best free diary app,0.0,1.0,83.0
2026-05-26,https://getdailyvox.com/blog/best-free-journal-app-2026,best free journal app,0.0,2.0,68.0
2026-05-26,https://getdailyvox.com/blog/best-free-journal-app-2026,free journal apps,0.0,1.0,56.0
2026-05-26,https://getdailyvox.com/blog/best-free-journal-app-2026,free journaling app,0.0,1.0,56.0
2026-05-26,https://getdailyvox.com/blog/best-free-journal-app-2026,journal free,0.0,1.0,50.0
2026-05-26,https://getdailyvox.com/blog/best-voice-journal-app,audio journaling app,0.0,1.0,37.0
2026-05-26,https://getdailyvox.com/blog/best-voice-journal-app,best audio journal app,0.0,1.0,47.0
2026-05-26,https://getdailyvox.com/blog/best-voice-journal-app,best voice journaling apps 2026,0.0,1.0,17.0
2026-05-26,https://getdailyvox.com/blog/voice-journaling-for-therapy,voice-first journaling,0.0,3.0,55.666666666666664
2026-05-26,https://getdailyvox.com/blog/voice-journaling-while-walking,voice-first journaling,0.0,3.0,83.33333333333333
2026-05-26,https://getdailyvox.com/blog/voice-recorder-diary-app,audio journaling app,0.0,1.0,45.0
2026-05-26,https://getdailyvox.com/blog/voice-recorder-diary-app,best audio journal app,0.0,1.0,57.0
2026-05-26,https://getdailyvox.com/journal-app-comparison,digital journal apps market,0.0,5.0,79.6
2026-05-26,https://getdailyvox.com/use/interview-prep,voice-first journaling,0.0,4.0,72.75
2026-05-27,https://getdailyvox.com/,dailyvox,0.0,1.0,1.0
2026-05-27,https://getdailyvox.com/blog/best-free-journal-app-2026,best free journal app,0.0,2.0,74.5
2026-05-27,https://getdailyvox.com/blog/best-free-journal-app-2026,best free journal apps,0.0,1.0,73.0
2026-05-27,https://getdailyvox.com/blog/best-free-journal-app-2026,best free journaling app,0.0,1.0,71.0
2026-05-27,https://getdailyvox.com/blog/best-free-journal-app-2026,free journal,0.0,2.0,84.0
2026-05-27,https://getdailyvox.com/blog/best-free-journal-app-2026,journal free,0.0,1.0,82.0
2026-05-27,https://getdailyvox.com/blog/best-voice-journal-app,voice to text journal app,0.0,1.0,41.0
2026-05-27,https://getdailyvox.com/journal-app-comparison,digital journal apps market,0.0,2.0,76.5
2026-05-27,https://getdailyvox.com/use/interview-prep,voice-first journaling,0.0,1.0,63.0
2026-05-28,https://getdailyvox.com/,dailyvox,1.0,2.0,1.0
2026-05-28,https://getdailyvox.com/about,dailyvox,0.0,2.0,4.5
2026-05-28,https://getdailyvox.com/blog,dailyvox,0.0,1.0,1.0
2026-05-28,https://getdailyvox.com/blog/best-free-journal-app-2026,best free journal app,0.0,1.0,68.0
2026-05-28,https://getdailyvox.com/blog/best-free-journal-app-2026,best free journaling app,0.0,2.0,71.0
2026-05-28,https://getdailyvox.com/blog/best-free-journal-app-2026,journal free,0.0,1.0,88.0
2026-05-28,https://getdailyvox.com/blog/best-voice-journal-app,audio diary app,0.0,1.0,47.0
2026-05-28,https://getdailyvox.com/blog/best-voice-journal-app,audio journaling app,0.0,1.0,39.0
2026-05-28,https://getdailyvox.com/blog/best-voice-journal-app,speakwise voice journaling app,0.0,1.0,8.0
2026-05-28,https://getdailyvox.com/blog/best-voice-journal-app,voice diary app,0.0,1.0,36.0
2026-05-28,https://getdailyvox.com/blog/best-voice-journal-app,voice-first journaling,0.0,2.0,60.5
2026-05-28,https://getdailyvox.com/blog/voice-journaling-for-therapy,voice-first journaling,0.0,2.0,70.0
2026-05-28,https://getdailyvox.com/blog/voice-recorder-diary-app,audio diary app,0.0,1.0,33.0
2026-05-28,https://getdailyvox.com/blog/voice-recorder-diary-app,audio journaling app,0.0,1.0,44.0
2026-05-28,https://getdailyvox.com/blog/voice-recorder-diary-app,voice diary app,0.0,1.0,48.0
2026-05-28,https://getdailyvox.com/blog/voice-recorder-diary-app,voice journal app,0.0,1.0,41.0
2026-05-28,https://getdailyvox.com/faq,dailyvox,0.0,2.0,2.5
2026-05-28,https://getdailyvox.com/journal-app-comparison,digital journal apps market,0.0,3.0,86.66666666666667
2026-05-28,https://getdailyvox.com/research,dailyvox,0.0,1.0,1.0
2026-05-28,https://getdailyvox.com/use/interview-prep,voice-first journaling,0.0,2.0,79.0
2026-05-29,https://getdailyvox.com/,dailyvox,1.0,1.0,1.0
2026-05-29,https://getdailyvox.com/about,dailyvox,0.0,1.0,6.0
2026-05-29,https://getdailyvox.com/blog/best-free-journal-app-2026,journal free,0.0,1.0,81.0
2026-05-29,https://getdailyvox.com/blog/best-free-journal-app-2026,journaling app free,0.0,1.0,52.0
2026-05-29,https://getdailyvox.com/blog/voice-journaling-for-therapy,voice diaries help with mental health,0.0,1.0,89.0
2026-05-29,https://getdailyvox.com/blog/voice-journaling-for-therapy,voice-first journaling,0.0,1.0,73.0
2026-05-29,https://getdailyvox.com/blog/voice-recorder-diary-app,audio journaling apps,0.0,1.0,47.0
2026-05-29,https://getdailyvox.com/blog/voice-recorder-diary-app,voice diaries,0.0,1.0,46.0
2026-05-29,https://getdailyvox.com/blog/voice-recorder-diary-app,voice diary app,0.0,2.0,32.5
2026-05-29,https://getdailyvox.com/faq,dailyvox,0.0,1.0,2.0
2026-05-29,https://getdailyvox.com/journal-app-comparison,digital journal apps market,0.0,3.0,74.66666666666667
2026-05-29,https://getdailyvox.com/use/interview-prep,voice-first journaling,0.0,1.0,65.0
2026-05-30,https://getdailyvox.com/,getdailyvox,0.0,1.0,1.0
2026-05-30,https://getdailyvox.com/about,getdailyvox,0.0,1.0,3.0
2026-05-30,https://getdailyvox.com/alternative/finch,getdailyvox,0.0,1.0,2.0
2026-05-30,https://getdailyvox.com/blog/best-free-journal-app-2026,best free journal app,0.0,2.0,70.5
2026-05-30,https://getdailyvox.com/blog/best-free-journal-app-2026,best journal app free,0.0,1.0,70.0
2026-05-30,https://getdailyvox.com/blog/best-free-journal-app-2026,free journal app,0.0,2.0,51.0
2026-05-30,https://getdailyvox.com/blog/best-free-journal-app-2026,journal free,0.0,1.0,85.0
2026-05-30,https://getdailyvox.com/blog/best-voice-journal-app,is there a free voice journal,0.0,1.0,39.0
2026-05-30,https://getdailyvox.com/blog/best-voice-journal-app,voice journaling app trends 2026,0.0,1.0,5.0
2026-05-30,https://getdailyvox.com/blog/how-digital-twin-learns-personality,getdailyvox,0.0,1.0,2.0
2026-05-30,https://getdailyvox.com/blog/journal-app-privacy-comparison,is apple journal private,0.0,1.0,31.0
2026-05-30,https://getdailyvox.com/blog/voice-journaling-for-therapy,voice-first journaling,0.0,1.0,68.0
2026-05-30,https://getdailyvox.com/blog/voice-recorder-diary-app,getdailyvox,0.0,1.0,2.0
2026-05-30,https://getdailyvox.com/blog/voice-recorder-diary-app,voice diary app,0.0,1.0,40.0
2026-05-30,https://getdailyvox.com/changelog,getdailyvox,0.0,1.0,9.0
2026-05-30,https://getdailyvox.com/faq,getdailyvox,0.0,1.0,8.0
2026-05-30,https://getdailyvox.com/for/writers-creative-block,getdailyvox,0.0,1.0,2.0
2026-05-30,https://getdailyvox.com/journal-app-comparison,digital journal apps market,0.0,3.0,74.0
2026-05-30,https://getdailyvox.com/privacy,getdailyvox,0.0,1.0,2.0
2026-05-30,https://getdailyvox.com/research,getdailyvox,0.0,1.0,6.0
2026-05-30,https://getdailyvox.com/support,getdailyvox,0.0,1.0,2.0
2026-05-30,https://getdailyvox.com/use/interview-prep,voice-first journaling,0.0,1.0,80.0
2026-05-30,https://getdailyvox.com/use/study-abroad,getdailyvox,0.0,1.0,2.0
2026-05-31,https://getdailyvox.com/about,"""id widgetkit"" android",0.0,1.0,9.0
2026-05-31,https://getdailyvox.com/about,"""id widgetkit"" android app",0.0,3.0,9.0
2026-05-31,https://getdailyvox.com/blog/best-free-journal-app-2026,best free diary app,0.0,1.0,65.0
2026-05-31,https://getdailyvox.com/blog/best-voice-journal-app,best voice journal app,0.0,1.0,12.0
2026-05-31,https://getdailyvox.com/blog/best-voice-journal-app,voice diary,0.0,1.0,42.0
2026-05-31,https://getdailyvox.com/blog/best-voice-journal-app,voice journaling app,0.0,1.0,54.0
2026-05-31,https://getdailyvox.com/blog/best-voice-journal-app,voice to text journal,0.0,1.0,68.0
2026-05-31,https://getdailyvox.com/blog/voice-journaling-for-therapy,voice-first journaling,0.0,1.0,67.0
2026-05-31,https://getdailyvox.com/blog/voice-recorder-diary-app,voice diary,0.0,1.0,55.0
2026-05-31,https://getdailyvox.com/blog/voice-recorder-diary-app,voice journaling app,0.0,1.0,68.0
2026-05-31,https://getdailyvox.com/blog/voice-recorder-diary-app,voice recorder journal,0.0,1.0,46.0
2026-05-31,https://getdailyvox.com/blog/voice-recorder-diary-app,voice to text journal,0.0,2.0,71.5
2026-05-31,https://getdailyvox.com/journal-app-comparison,digital journal apps market,0.0,2.0,75.0
2026-05-31,https://getdailyvox.com/use/interview-prep,voice-first journaling,0.0,1.0,78.0
2026-06-01,https://getdailyvox.com/,dailyvox,0.0,1.0,1.0
2026-06-01,https://getdailyvox.com/about,"""id widgetkit"" android",0.0,1.0,9.0
2026-06-01,https://getdailyvox.com/about,dailyvox,0.0,1.0,9.0
2026-06-01,https://getdailyvox.com/blog,untold voice journal,0.0,1.0,37.0
2026-06-01,https://getdailyvox.com/blog/42-second-journal,"""short journal entries"" phrase",0.0,4.0,11.0
2026-06-01,https://getdailyvox.com/blog/best-free-journal-app-2026,best free journal app,0.0,1.0,70.0
2026-06-01,https://getdailyvox.com/blog/best-voice-journal-app,untold voice journal,0.0,1.0,31.0
2026-06-01,https://getdailyvox.com/blog/best-voice-journal-app,voice diary app,0.0,1.0,35.0
2026-06-01,https://getdailyvox.com/blog/best-voice-journal-app,voice-first journaling,0.0,1.0,57.0
2026-06-01,https://getdailyvox.com/blog/voice-journaling-for-therapy,voice-first journaling,0.0,2.0,64.5
2026-06-01,https://getdailyvox.com/blog/voice-recorder-diary-app,voice diary,0.0,1.0,37.0
2026-06-01,https://getdailyvox.com/blog/voice-recorder-diary-app,voice diary app,0.0,1.0,48.0
2026-06-01,https://getdailyvox.com/blog/voice-recorder-diary-app,voice journal app,0.0,1.0,66.0
2026-06-01,https://getdailyvox.com/faq,dailyvox,0.0,1.0,4.0
2026-06-01,https://getdailyvox.com/glossary,vocolens,0.0,2.0,43.5
2026-06-01,https://getdailyvox.com/journal-app-comparison,digital journal apps market,0.0,2.0,75.0
2026-06-01,https://getdailyvox.com/use/interview-prep,voice-first journaling,0.0,2.0,73.5
2026-06-02,https://getdailyvox.com/,dailyvox,1.0,3.0,1.0
2026-06-02,https://getdailyvox.com/,getdailyvox,0.0,1.0,1.0
2026-06-02,https://getdailyvox.com/about,"""id widgetkit"" android app",0.0,2.0,5.0
2026-06-02,https://getdailyvox.com/about,"""id widgetkit"" app",0.0,5.0,10.8
2026-06-02,https://getdailyvox.com/about,"""id widgetkit"" play store",0.0,1.0,9.0
2026-06-02,https://getdailyvox.com/about,dailyvox,0.0,3.0,4.0
2026-06-02,https://getdailyvox.com/about,getdailyvox,0.0,1.0,5.0
2026-06-02,https://getdailyvox.com/blog/best-journal-app-for-seniors,getdailyvox,0.0,1.0,74.0
2026-06-02,https://getdailyvox.com/blog/best-voice-journal-app,audio journaling app,0.0,1.0,46.0
2026-06-02,https://getdailyvox.com/blog/best-voice-journal-app,voice-first journaling,0.0,2.0,60.0
2026-06-02,https://getdailyvox.com/blog/journal-app-privacy-comparison,getdailyvox,0.0,1.0,73.0
2026-06-02,https://getdailyvox.com/blog/journal-app-privacy-comparison,is the journal app private,0.0,1.0,11.0
2026-06-02,https://getdailyvox.com/blog/voice-recorder-diary-app,audio journaling app,0.0,1.0,53.0
2026-06-02,https://getdailyvox.com/faq,dailyvox,0.0,3.0,2.666666666666667
2026-06-02,https://getdailyvox.com/faq,getdailyvox,0.0,1.0,8.0
2026-06-02,https://getdailyvox.com/for/truck-drivers-anger-management,getdailyvox,0.0,1.0,71.0
2026-06-02,https://getdailyvox.com/for/veterans-health-diagnosis,getdailyvox,0.0,1.0,72.0
2026-06-02,https://getdailyvox.com/in/bangalore,getdailyvox,0.0,1.0,3.0
2026-06-02,https://getdailyvox.com/journal-app-comparison,digital journal apps market,0.0,1.0,70.0
2026-06-02,https://getdailyvox.com/privacy,getdailyvox,0.0,1.0,2.0
2026-06-02,https://getdailyvox.com/research,getdailyvox,1.0,1.0,7.0
2026-06-02,https://getdailyvox.com/use/interview-prep,voice-first journaling,0.0,1.0,72.0
2026-06-03,https://getdailyvox.com/,dailyvox,0.0,2.0,1.0
2026-06-03,https://getdailyvox.com/about,dailyvox,0.0,2.0,1.0
2026-06-03,https://getdailyvox.com/blog,dailyvox,0.0,1.0,1.0
2026-06-03,https://getdailyvox.com/blog/best-free-journal-app-2026,best free journal app,0.0,3.0,70.33333333333333
2026-06-03,https://getdailyvox.com/blog/best-voice-journal-app,voice-first journaling,0.0,1.0,63.0
2026-06-03,https://getdailyvox.com/faq,dailyvox,0.0,2.0,1.0
2026-06-03,https://getdailyvox.com/technology,dailyvox,0.0,1.0,1.0
2026-06-03,https://getdailyvox.com/use/interview-prep,voice-first journaling,0.0,1.0,76.0
2026-06-04,https://getdailyvox.com/blog/best-voice-journal-app,voice-first journaling,0.0,1.0,58.0
2026-06-04,https://getdailyvox.com/journal-app-comparison,digital journal apps market,0.0,1.0,73.0
2026-06-04,https://getdailyvox.com/use/interview-prep,voice-first journaling,0.0,1.0,73.0
2026-06-05,https://getdailyvox.com/blog/best-voice-journal-app,voice journaling app,0.0,1.0,30.0
2026-06-05,https://getdailyvox.com/blog/voice-recorder-diary-app,audio journaling apps,0.0,2.0,50.5
2026-06-05,https://getdailyvox.com/journal-app-comparison,digital journal apps market,0.0,1.0,78.0
2026-06-05,https://getdailyvox.com/use/interview-prep,voice-first journaling,0.0,1.0,63.0
2026-06-06,https://getdailyvox.com/blog/best-free-journal-app-2026,best free journal app,0.0,1.0,76.0
2026-06-06,https://getdailyvox.com/blog/best-free-journal-app-2026,journaling apps free,0.0,1.0,64.0
2026-06-06,https://getdailyvox.com/blog/best-voice-journal-app,voice-first journaling,0.0,1.0,64.0
2026-06-06,https://getdailyvox.com/use/interview-prep,voice-first journaling,0.0,1.0,75.0
2026-06-07,https://getdailyvox.com/,dailyvox,0.0,3.0,1.3333333333333333
2026-06-07,https://getdailyvox.com/about,"""id widgetkit"" app",0.0,3.0,9.333333333333334
2026-06-07,https://getdailyvox.com/about,dailyvox,0.0,3.0,2.0
2026-06-07,https://getdailyvox.com/blog,dailyvox,0.0,2.0,1.5
2026-06-07,https://getdailyvox.com/blog/best-free-journal-app-2026,best free journal app,0.0,1.0,59.0
2026-06-07,https://getdailyvox.com/blog/best-voice-journal-app,voice journaling,0.0,2.0,63.5
2026-06-07,https://getdailyvox.com/blog/best-voice-journal-app,voice journaling app,0.0,1.0,51.0
2026-06-07,https://getdailyvox.com/blog/best-voice-journal-app,voice to text journal,0.0,3.0,65.0
2026-06-07,https://getdailyvox.com/blog/best-voice-journal-app,voice-first journaling,0.0,1.0,61.0
2026-06-07,https://getdailyvox.com/blog/voice-recorder-diary-app,voice diary,0.0,1.0,35.0
2026-06-07,https://getdailyvox.com/blog/voice-recorder-diary-app,voice journaling app,0.0,1.0,43.0
2026-06-07,https://getdailyvox.com/blog/voice-recorder-diary-app,voice to text journal,0.0,3.0,67.66666666666667
2026-06-07,https://getdailyvox.com/faq,dailyvox,0.0,2.0,1.5
2026-06-07,https://getdailyvox.com/technology,dailyvox,0.0,2.0,1.5
2026-06-07,https://getdailyvox.com/use/interview-prep,voice-first journaling,0.0,1.0,78.0
2026-06-08,https://getdailyvox.com/,getdailyvox,0.0,1.0,1.0
2026-06-08,https://getdailyvox.com/about,"""id widgetkit"" android",0.0,5.0,4.8
2026-06-08,https://getdailyvox.com/about,"""id widgetkit"" android app",0.0,3.0,5.333333333333333
2026-06-08,https://getdailyvox.com/about,getdailyvox,0.0,1.0,5.0
2026-06-08,https://getdailyvox.com/blog/best-free-journal-app-2026,best free journal app,0.0,2.0,56.5
2026-06-08,https://getdailyvox.com/blog/best-free-journal-app-2026,getdailyvox,0.0,1.0,2.0
2026-06-08,https://getdailyvox.com/blog/how-digital-twin-learns-personality,getdailyvox,0.0,1.0,2.0
2026-06-08,https://getdailyvox.com/changelog,getdailyvox,0.0,1.0,20.0
2026-06-08,https://getdailyvox.com/faq,getdailyvox,0.0,1.0,11.0
2026-06-08,https://getdailyvox.com/in/bangalore,getdailyvox,0.0,1.0,3.0
2026-06-08,https://getdailyvox.com/in/los-angeles,getdailyvox,0.0,1.0,19.0
2026-06-08,https://getdailyvox.com/research,getdailyvox,0.0,1.0,10.0
2026-06-08,https://getdailyvox.com/support,getdailyvox,0.0,1.0,7.0
2026-06-08,https://getdailyvox.com/use/interview-prep,voice-first journaling,0.0,1.0,64.0
2026-06-09,https://getdailyvox.com/,dailyvox,1.0,1.0,1.0
2026-06-09,https://getdailyvox.com/about,"""id widgetkit"" app",0.0,2.0,9.0
2026-06-09,https://getdailyvox.com/about,dailyvox,0.0,1.0,2.0
2026-06-09,https://getdailyvox.com/blog/best-free-journal-app-2026,best free journal app,0.0,3.0,51.666666666666664
2026-06-09,https://getdailyvox.com/blog/best-voice-journal-app,voice-first journaling,0.0,2.0,62.0
2026-06-09,https://getdailyvox.com/blog/voice-recorder-diary-app,audio journaling app,0.0,2.0,50.0
2026-06-09,https://getdailyvox.com/faq,dailyvox,0.0,1.0,10.0
2026-06-09,https://getdailyvox.com/journal-app-comparison,digital journal apps market,0.0,1.0,70.0
2026-06-09,https://getdailyvox.com/use/interview-prep,voice-first journaling,0.0,3.0,69.33333333333333
2026-06-09,https://getdailyvox.com/use/public-speaking,voice-first journaling,0.0,3.0,77.66666666666667
2026-06-10,https://getdailyvox.com/,the daily vox,0.0,1.0,7.0
2026-06-10,https://getdailyvox.com/about,"""id widgetkit"" android app",0.0,2.0,3.5
2026-06-10,https://getdailyvox.com/blog,journal that talks back,0.0,1.0,53.0
2026-06-10,https://getdailyvox.com/blog/best-free-journal-app-2026,best free journal,0.0,1.0,51.0
2026-06-10,https://getdailyvox.com/blog/best-free-journal-app-2026,best free journal app,0.0,3.0,59.666666666666664
2026-06-10,https://getdailyvox.com/blog/best-journal-app-for-men,mens journaling app,0.0,1.0,9.0
2026-06-10,https://getdailyvox.com/blog/best-voice-journal-app,audio journal app,0.0,1.0,41.0
2026-06-10,https://getdailyvox.com/blog/journal-app-privacy-comparison,is my diary app safe,0.0,2.0,49.0
2026-06-10,https://getdailyvox.com/blog/voice-recorder-diary-app,voice diary,0.0,1.0,34.0
2026-06-10,https://getdailyvox.com/use/interview-prep,voice-first journaling,0.0,1.0,65.0
2026-06-10,https://getdailyvox.com/use/public-speaking,voice-first journaling,0.0,1.0,73.0
2026-06-11,https://getdailyvox.com/,dailyvox,1.0,2.0,1.0
2026-06-11,https://getdailyvox.com/about,"""id widgetkit"" android app",0.0,2.0,6.0
2026-06-11,https://getdailyvox.com/about,dailyvox,0.0,2.0,7.0
2026-06-11,https://getdailyvox.com/blog/best-free-journal-app-2026,best free journal app,0.0,3.0,59.333333333333336
2026-06-11,https://getdailyvox.com/blog/best-free-journal-app-2026,free journaling apps,0.0,1.0,59.0
2026-06-11,https://getdailyvox.com/blog/best-free-journal-app-2026,is journal app free,0.0,1.0,34.0
2026-06-11,https://getdailyvox.com/blog/best-free-journal-app-2026,is there a free journal app,0.0,1.0,39.0
2026-06-11,https://getdailyvox.com/blog/best-journal-app-for-anxiety,anxiety journal app,0.0,1.0,13.0
2026-06-11,https://getdailyvox.com/blog/best-voice-journal-app,voice journal app,0.0,1.0,25.0
2026-06-11,https://getdailyvox.com/blog/journal-app-privacy-comparison,is the journal app private,0.0,1.0,12.0
2026-06-11,https://getdailyvox.com/faq,dailyvox,0.0,1.0,4.0
2026-06-11,https://getdailyvox.com/for/writers,voice-first journaling,0.0,1.0,45.0
2026-06-11,https://getdailyvox.com/technology,zlvox,0.0,1.0,67.0
2026-06-11,https://getdailyvox.com/use/interview-prep,voice-first journaling,0.0,1.0,76.0
2026-06-11,https://getdailyvox.com/use/public-speaking,voice-first journaling,0.0,1.0,84.0
2026-06-12,https://getdailyvox.com/,dailyvox,1.0,1.0,1.0
2026-06-12,https://getdailyvox.com/,vox daily,0.0,1.0,7.0
2026-06-12,https://getdailyvox.com/about,dailyvox,0.0,1.0,4.0
2026-06-12,https://getdailyvox.com/blog/best-free-journal-app-2026,best free journaling apps,0.0,1.0,58.0
2026-06-12,https://getdailyvox.com/blog/best-journal-app-for-anxiety,anxiety journal app,0.0,1.0,40.0
2026-06-12,https://getdailyvox.com/blog/best-voice-journal-app,audio journaling apps,0.0,1.0,59.0
2026-06-12,https://getdailyvox.com/blog/best-voice-journal-app,voice-first journaling,0.0,1.0,61.0
2026-06-12,https://getdailyvox.com/faq,dailyvox,0.0,1.0,10.0
2026-06-12,https://getdailyvox.com/use/interview-prep,voice-first journaling,0.0,1.0,65.0
2026-06-12,https://getdailyvox.com/use/public-speaking,voice-first journaling,0.0,2.0,71.0
2026-06-13,https://getdailyvox.com/,dailyvox,0.0,1.0,1.0
2026-06-13,https://getdailyvox.com/about,dailyvox,0.0,1.0,5.0
2026-06-13,https://getdailyvox.com/blog/best-free-journal-app-2026,best free journal app,0.0,1.0,59.0
2026-06-13,https://getdailyvox.com/blog/best-voice-journal-app,voice-first journaling,0.0,1.0,62.0
2026-06-13,https://getdailyvox.com/faq,dailyvox,0.0,1.0,11.0
2026-06-13,https://getdailyvox.com/use/public-speaking,voice-first journaling,0.0,1.0,74.0
2026-06-14,https://getdailyvox.com/,dailyvox,0.0,1.0,1.0
2026-06-14,https://getdailyvox.com/,getdailyvox,1.0,1.0,1.0
2026-06-14,https://getdailyvox.com/about,"""id widgetkit"" android",0.0,6.0,5.5
2026-06-14,https://getdailyvox.com/about,"""id widgetkit"" android app",0.0,3.0,5.333333333333333
2026-06-14,https://getdailyvox.com/about,"""id widgetkit"" app",0.0,3.0,10.333333333333334
2026-06-14,https://getdailyvox.com/about,getdailyvox,0.0,1.0,3.0
2026-06-14,https://getdailyvox.com/blog/best-free-journal-app-2026,best free journal app,0.0,3.0,54.0
2026-06-14,https://getdailyvox.com/blog/best-free-journal-app-2026,best journaling app free,0.0,2.0,60.5
2026-06-14,https://getdailyvox.com/blog/best-free-journal-app-2026,best journaling apps free,0.0,1.0,73.0
2026-06-14,https://getdailyvox.com/blog/best-free-journal-app-2026,free journaling apps,0.0,1.0,55.0
2026-06-14,https://getdailyvox.com/blog/best-free-journal-app-2026,journal apps free,0.0,1.0,29.0
2026-06-14,https://getdailyvox.com/blog/best-free-journal-app-2026,journaling apps free,0.0,1.0,34.0
2026-06-14,https://getdailyvox.com/blog/best-voice-journal-app,speech to text journal app,0.0,1.0,48.0
2026-06-14,https://getdailyvox.com/blog/best-voice-journal-app,talk to text journal app,0.0,1.0,56.0
2026-06-14,https://getdailyvox.com/blog/best-voice-journal-app,voice diary,0.0,1.0,35.0
2026-06-14,https://getdailyvox.com/blog/best-voice-journal-app,voice to text journal,0.0,1.0,67.0
2026-06-14,https://getdailyvox.com/blog/best-voice-journal-app,voice to text journal app,0.0,1.0,43.0
2026-06-14,https://getdailyvox.com/blog/journal-app-privacy-comparison,is apple journal private,0.0,1.0,28.0
2026-06-14,https://getdailyvox.com/blog/voice-recorder-diary-app,voice diary,0.0,1.0,45.0
2026-06-14,https://getdailyvox.com/blog/voice-recorder-diary-app,voice journaling app,0.0,1.0,49.0
2026-06-14,https://getdailyvox.com/blog/voice-recorder-diary-app,voice to text journal,0.0,1.0,76.0
2026-06-14,https://getdailyvox.com/changelog,getdailyvox,0.0,1.0,21.0
2026-06-14,https://getdailyvox.com/faq,dailyvox,0.0,1.0,5.0
2026-06-14,https://getdailyvox.com/faq,getdailyvox,0.0,1.0,2.0
2026-06-14,https://getdailyvox.com/for/writers,voice-first journaling,0.0,1.0,50.0
2026-06-14,https://getdailyvox.com/in/los-angeles,getdailyvox,0.0,1.0,17.0
2026-06-14,https://getdailyvox.com/privacy,getdailyvox,0.0,1.0,12.0
2026-06-14,https://getdailyvox.com/research,getdailyvox,0.0,1.0,13.0
2026-06-14,https://getdailyvox.com/support,getdailyvox,0.0,1.0,6.0
2026-06-14,https://getdailyvox.com/technology,getdailyvox,0.0,1.0,8.0
2026-06-14,https://getdailyvox.com/use/public-speaking,voice journaling,0.0,1.0,66.0
2026-06-14,https://getdailyvox.com/use/public-speaking,voice-first journaling,0.0,1.0,74.0
2026-06-15,https://getdailyvox.com/about,"""id widgetkit"" android",0.0,3.0,6.0
2026-06-15,https://getdailyvox.com/blog/best-free-journal-app-2026,best free journal app,0.0,2.0,60.0
2026-06-15,https://getdailyvox.com/blog/best-voice-journal-app,audio journal app,0.0,1.0,27.0
2026-06-15,https://getdailyvox.com/blog/best-voice-journal-app,best voice journal app,0.0,1.0,46.0
2026-06-15,https://getdailyvox.com/blog/best-voice-journal-app,voice diary app,0.0,1.0,32.0
2026-06-15,https://getdailyvox.com/blog/best-voice-journal-app,voice journal app,0.0,1.0,28.0
2026-06-15,https://getdailyvox.com/blog/best-voice-journal-app,voice-first journaling,0.0,1.0,61.0
2026-06-15,https://getdailyvox.com/blog/journal-app-privacy-labels-explained,journal app ios 2026 market gap ai privacy local on-device no subscription user demand,0.0,2.0,56.5
2026-06-15,https://getdailyvox.com/blog/voice-recorder-diary-app,voice diary app,0.0,1.0,24.0
2026-06-15,https://getdailyvox.com/blog/voice-recorder-diary-app,voice journal app,0.0,1.0,46.0
2026-06-15,https://getdailyvox.com/journal-app-comparison,journal app ios 2026 market gap ai privacy local on-device no subscription user demand,0.0,3.0,113.0
2026-06-15,https://getdailyvox.com/use/public-speaking,voice-first journaling,0.0,1.0,69.0
2026-06-16,https://getdailyvox.com/,dailyvox,1.0,2.0,1.0
2026-06-16,https://getdailyvox.com/about,"""id widgetkit"" android",0.0,3.0,6.0
2026-06-16,https://getdailyvox.com/about,"""id widgetkit"" android app",0.0,3.0,4.666666666666666
2026-06-16,https://getdailyvox.com/about,dailyvox,0.0,2.0,3.0
2026-06-16,https://getdailyvox.com/blog/best-free-journal-app-2026,best free journal app,0.0,1.0,56.0
2026-06-16,https://getdailyvox.com/blog/best-free-journal-app-2026,free journal app,0.0,1.0,36.0
2026-06-16,https://getdailyvox.com/blog/best-free-journal-app-2026,journal for free,0.0,1.0,40.0
2026-06-16,https://getdailyvox.com/blog/best-free-journal-app-2026,journal software free,0.0,1.0,38.0
2026-06-16,https://getdailyvox.com/blog/best-voice-journal-app,audio journaling app,0.0,1.0,38.0
2026-06-16,https://getdailyvox.com/blog/best-voice-journal-app,voice-first journaling,0.0,1.0,60.0
2026-06-16,https://getdailyvox.com/faq,dailyvox,0.0,2.0,5.5
2026-06-16,https://getdailyvox.com/use/public-speaking,voice-first journaling,0.0,1.0,70.0
2026-06-17,https://getdailyvox.com/,getdailyvox,0.0,1.0,1.0
2026-06-17,https://getdailyvox.com/about,"""id widgetkit"" android",0.0,3.0,5.333333333333333
2026-06-17,https://getdailyvox.com/about,"""id widgetkit"" android app",0.0,2.0,5.5
2026-06-17,https://getdailyvox.com/about,getdailyvox,0.0,1.0,3.0
2026-06-17,https://getdailyvox.com/alternative/bear,getdailyvox,0.0,1.0,67.0
2026-06-17,https://getdailyvox.com/alternative/samsung-notes,getdailyvox,0.0,1.0,61.0
2026-06-17,https://getdailyvox.com/blog/adhd-voice-journaling-protocol,getdailyvox,0.0,1.0,63.0
2026-06-17,https://getdailyvox.com/blog/apple-journal-vs-dailyvox,getdailyvox,0.0,1.0,65.0
2026-06-17,https://getdailyvox.com/blog/best-free-journal-app-2026,best free journal app,0.0,2.0,55.0
2026-06-17,https://getdailyvox.com/blog/best-free-journal-app-2026,best free voice journaling apps 2026,0.0,2.0,16.0
2026-06-17,https://getdailyvox.com/blog/best-free-journal-app-2026,voxbloom ai diary app,0.0,4.0,11.0
2026-06-17,https://getdailyvox.com/blog/best-journal-app-for-anxiety,anxiety journal app,0.0,1.0,35.0
2026-06-17,https://getdailyvox.com/blog/best-journal-app-for-seniors,getdailyvox,0.0,1.0,66.0
2026-06-17,https://getdailyvox.com/blog/best-voice-journal-app,voice diary,0.0,1.0,35.0
2026-06-17,https://getdailyvox.com/blog/dailyvox-vs-apple-journal,getdailyvox,0.0,1.0,68.0
2026-06-17,https://getdailyvox.com/blog/dailyvox-vs-stoic,getdailyvox,0.0,1.0,62.0
2026-06-17,https://getdailyvox.com/blog/how-digital-twin-learns-personality,getdailyvox,0.0,1.0,2.0
2026-06-17,https://getdailyvox.com/blog/journal-app-privacy-comparison,getdailyvox,0.0,1.0,64.0
2026-06-17,https://getdailyvox.com/blog/journal-app-privacy-comparison,journal app ios 2026 market gap ai privacy local on-device no subscription user demand,0.0,1.0,142.0
2026-06-17,https://getdailyvox.com/blog/journal-app-privacy-labels-explained,journal app ios 2026 market gap ai privacy local on-device no subscription user demand,0.0,1.0,37.0
2026-06-17,https://getdailyvox.com/blog/voice-recorder-diary-app,voice diary,0.0,1.0,44.0
2026-06-17,https://getdailyvox.com/changelog,getdailyvox,0.0,1.0,19.0
2026-06-17,https://getdailyvox.com/faq,getdailyvox,0.0,1.0,2.0
2026-06-17,https://getdailyvox.com/in/los-angeles,getdailyvox,0.0,1.0,15.0
2026-06-17,https://getdailyvox.com/research,getdailyvox,0.0,1.0,11.0
2026-06-17,https://getdailyvox.com/support,getdailyvox,0.0,1.0,6.0
2026-06-17,https://getdailyvox.com/technology,getdailyvox,0.0,1.0,8.0
2026-06-17,https://getdailyvox.com/technology,vonovox,0.0,1.0,89.0
2026-06-17,https://getdailyvox.com/use/public-speaking,voice-first journaling,0.0,1.0,71.0
2026-06-18,https://getdailyvox.com/,dailyvox,0.0,1.0,1.0
2026-06-18,https://getdailyvox.com/about,dailyvox,0.0,1.0,3.0
2026-06-18,https://getdailyvox.com/blog/best-free-journal-app-2026,best free journal app,0.0,3.0,58.666666666666664
2026-06-18,https://getdailyvox.com/blog/best-voice-journal-app,best voice journal app,0.0,1.0,11.0
2026-06-18,https://getdailyvox.com/blog/best-voice-journal-app,voice diary app,0.0,1.0,21.0
2026-06-18,https://getdailyvox.com/blog/best-voice-journal-app,voice journal app,0.0,2.0,21.5
2026-06-18,https://getdailyvox.com/blog/voice-recorder-diary-app,voice diary app,0.0,1.0,38.0
2026-06-18,https://getdailyvox.com/blog/voice-recorder-diary-app,voice journal app,0.0,1.0,39.0
2026-06-18,https://getdailyvox.com/faq,dailyvox,0.0,1.0,7.0
2026-06-18,https://getdailyvox.com/technology,zlvox,0.0,1.0,69.0
2026-06-18,https://getdailyvox.com/use/public-speaking,voice-first journaling,0.0,1.0,68.0
2026-06-18,https://getdailyvox.com/voice-journaling-statistics,voice journaling app trends 2026,0.0,1.0,9.0
2026-06-19,https://getdailyvox.com/,getdailyvox,0.0,1.0,1.0
2026-06-19,https://getdailyvox.com/about,getdailyvox,0.0,1.0,2.0
2026-06-19,https://getdailyvox.com/alternative/bearable,getdailyvox,0.0,1.0,12.0
2026-06-19,https://getdailyvox.com/blog/ai-journal-that-works-offline,getdailyvox,0.0,1.0,2.0
2026-06-19,https://getdailyvox.com/blog/best-free-journal-app-2026,best free journal app,0.0,2.0,57.5
2026-06-19,https://getdailyvox.com/blog/best-free-journal-app-2026,journal freeware,0.0,1.0,39.0
2026-06-19,https://getdailyvox.com/blog/best-voice-journal-app,audio journaling apps,0.0,1.0,36.0
2026-06-19,https://getdailyvox.com/blog/best-voice-journal-app,best audio journal app,0.0,1.0,44.0
2026-06-19,https://getdailyvox.com/blog/best-voice-journal-app,voice to text journal app free,0.0,1.0,13.0
2026-06-19,https://getdailyvox.com/blog/dailyvox-vs-otter,getdailyvox,0.0,1.0,30.0
2026-06-19,https://getdailyvox.com/blog/how-digital-twin-learns-personality,getdailyvox,0.0,1.0,2.0
2026-06-19,https://getdailyvox.com/blog/page/3,getdailyvox,0.0,1.0,27.0
2026-06-19,https://getdailyvox.com/blog/voice-recorder-diary-app,audio journaling apps,0.0,1.0,63.0
2026-06-19,https://getdailyvox.com/changelog,getdailyvox,0.0,1.0,7.0
2026-06-19,https://getdailyvox.com/faq,getdailyvox,0.0,1.0,2.0
2026-06-19,https://getdailyvox.com/glossary,getdailyvox,0.0,1.0,2.0
2026-06-19,https://getdailyvox.com/in/los-angeles,getdailyvox,0.0,1.0,21.0
2026-06-19,https://getdailyvox.com/journal-app-comparison,getdailyvox,0.0,1.0,2.0
2026-06-19,https://getdailyvox.com/research,getdailyvox,0.0,1.0,8.0
2026-06-19,https://getdailyvox.com/support,getdailyvox,0.0,1.0,17.0
2026-06-19,https://getdailyvox.com/technology,getdailyvox,0.0,1.0,2.0
2026-06-19,https://getdailyvox.com/use/public-speaking,voice-first journaling,0.0,1.0,60.0
2026-06-20,https://getdailyvox.com/about,"""id widgetkit"" android",0.0,1.0,6.0
2026-06-20,https://getdailyvox.com/blog/best-free-journal-app-2026,best free journal app,0.0,1.0,58.0
2026-06-20,https://getdailyvox.com/blog/best-free-journal-app-2026,free journal app,0.0,1.0,53.0
2026-06-20,https://getdailyvox.com/blog/best-free-journal-app-2026,journal software free,0.0,2.0,36.0
2026-06-20,https://getdailyvox.com/blog/best-voice-journal-app,best voice journal app,0.0,1.0,9.0
2026-06-20,https://getdailyvox.com/technology,lumenvox,0.0,1.0,82.0
2026-06-20,https://getdailyvox.com/use/public-speaking,voice-first journaling,0.0,1.0,67.0
2026-06-21,https://getdailyvox.com/about,"""id widgetkit"" android",0.0,1.0,6.0
2026-06-21,https://getdailyvox.com/blog/best-free-journal-app-2026,best free journal app,0.0,2.0,58.5
2026-06-21,https://getdailyvox.com/blog/best-journal-app-for-anxiety,anxiety journal app,0.0,1.0,17.0
2026-06-21,https://getdailyvox.com/blog/best-voice-journal-app,best ai-powered voice journaling apps for ios and android,0.0,1.0,12.0
2026-06-21,https://getdailyvox.com/blog/best-voice-journal-app,voice diary,0.0,1.0,29.0
2026-06-21,https://getdailyvox.com/blog/best-voice-journal-app,voice diary app,0.0,1.0,21.0
2026-06-21,https://getdailyvox.com/blog/best-voice-journal-app,voice journal,0.0,1.0,47.0
2026-06-21,https://getdailyvox.com/blog/best-voice-journal-app,voice journal app free,0.0,2.0,11.0
2026-06-21,https://getdailyvox.com/blog/best-voice-journal-app,voice to text journal,0.0,2.0,34.5
2026-06-21,https://getdailyvox.com/blog/voice-recorder-diary-app,voice diary,0.0,1.0,38.0
2026-06-21,https://getdailyvox.com/blog/voice-recorder-diary-app,voice diary app,0.0,1.0,35.0
2026-06-21,https://getdailyvox.com/blog/voice-recorder-diary-app,voice journaling app,0.0,1.0,50.0
2026-06-21,https://getdailyvox.com/blog/voice-recorder-diary-app,voice to text journal,0.0,4.0,55.75
2026-06-21,https://getdailyvox.com/journal-app-comparison,day one journal pricing official 2026,0.0,1.0,8.0
2026-06-21,https://getdailyvox.com/use/public-speaking,voice journaling,0.0,1.0,65.0
2026-06-21,https://getdailyvox.com/use/public-speaking,voice-first journaling,0.0,1.0,66.0
2026-06-22,https://getdailyvox.com/about,"""id widgetkit"" android",0.0,1.0,6.0
2026-06-22,https://getdailyvox.com/about,"""id widgetkit"" android app",0.0,2.0,6.0
2026-06-22,https://getdailyvox.com/about,"""id widgetkit"" app",0.0,1.0,11.0
2026-06-22,https://getdailyvox.com/blog/best-free-journal-app-2026,best free journal app,0.0,2.0,56.5
2026-06-22,https://getdailyvox.com/blog/best-journal-app-for-anxiety,anxiety journal app,0.0,2.0,31.5
2026-06-22,https://getdailyvox.com/blog/best-voice-journal-app,voice journal app free,0.0,1.0,10.0
2026-06-22,https://getdailyvox.com/blog/journal-app-privacy-comparison,journey cloud vs premium,0.0,1.0,32.0
2026-06-22,https://getdailyvox.com/use/public-speaking,voice-first journaling,0.0,1.0,62.0
2026-06-23,https://getdailyvox.com/blog/best-free-journal-app-2026,best free journal app,0.0,2.0,55.5
2026-06-23,https://getdailyvox.com/blog/best-free-journal-app-2026,journal for free,0.0,2.0,49.0
2026-06-23,https://getdailyvox.com/blog/best-voice-journal-app,voice diary,0.0,1.0,31.0
2026-06-23,https://getdailyvox.com/blog/voice-recorder-diary-app,audio journal app,0.0,1.0,35.0
2026-06-23,https://getdailyvox.com/blog/voice-recorder-diary-app,audio journaling app,0.0,1.0,43.0
2026-06-23,https://getdailyvox.com/blog/voice-recorder-diary-app,voice diary,0.0,1.0,42.0
2026-06-23,https://getdailyvox.com/blog/voice-recorder-diary-app,voice journaling app,0.0,1.0,56.0
2026-06-23,https://getdailyvox.com/use/public-speaking,voice-first journaling,0.0,1.0,67.0
2026-06-23,https://getdailyvox.com/voice-journaling-statistics,voice journaling app trends 2026,0.0,1.0,4.0
2026-06-24,https://getdailyvox.com/blog/best-free-journal-app-2026,best free journal app,0.0,1.0,71.0
2026-06-24,https://getdailyvox.com/blog/best-free-journal-app-2026,journal app free,0.0,1.0,40.0
2026-06-24,https://getdailyvox.com/blog/journal-app-privacy-comparison,journey cloud vs premium,0.0,2.0,26.0
2026-06-24,https://getdailyvox.com/blog/voice-recorder-diary-app,diary voice,0.0,1.0,24.0
2026-06-24,https://getdailyvox.com/journal-app-comparison,digital journal apps market,0.0,1.0,88.0
2026-06-25,https://getdailyvox.com/,dailyvox,0.0,2.0,1.0
2026-06-25,https://getdailyvox.com/,getdailyvox,0.0,1.0,1.0
2026-06-25,https://getdailyvox.com/about,dailyvox,0.0,2.0,2.5
2026-06-25,https://getdailyvox.com/about,getdailyvox,0.0,1.0,3.0
2026-06-25,https://getdailyvox.com/alternative/bearable,getdailyvox,0.0,1.0,37.0
2026-06-25,https://getdailyvox.com/blog,getdailyvox,0.0,1.0,12.0
2026-06-25,https://getdailyvox.com/blog/best-free-journal-app-2026,best free journal app,0.0,2.0,70.5
2026-06-25,https://getdailyvox.com/blog/best-free-journal-app-2026,getdailyvox,0.0,1.0,2.0
2026-06-25,https://getdailyvox.com/blog/best-journal-app-for-anxiety,anxiety journal app,0.0,1.0,39.0
2026-06-25,https://getdailyvox.com/blog/best-voice-journal-app,voice to text journal app free,0.0,1.0,11.0
2026-06-25,https://getdailyvox.com/blog/dailyvox-vs-audio-diary,getdailyvox,0.0,1.0,38.0
2026-06-25,https://getdailyvox.com/blog/how-digital-twin-learns-personality,getdailyvox,0.0,1.0,2.0
2026-06-25,https://getdailyvox.com/blog/journal-app-privacy-comparison,journey cloud vs premium,0.0,2.0,28.0
2026-06-25,https://getdailyvox.com/changelog,getdailyvox,0.0,1.0,24.0
2026-06-25,https://getdailyvox.com/compare,getdailyvox,0.0,1.0,34.0
2026-06-25,https://getdailyvox.com/demo,dailyvox,0.0,2.0,9.0
2026-06-25,https://getdailyvox.com/demo,getdailyvox,0.0,1.0,2.0
2026-06-25,https://getdailyvox.com/faq,dailyvox,0.0,1.0,8.0
2026-06-25,https://getdailyvox.com/faq,getdailyvox,0.0,1.0,2.0
2026-06-25,https://getdailyvox.com/in/los-angeles,getdailyvox,0.0,1.0,19.0
2026-06-25,https://getdailyvox.com/journal-app-comparison,getdailyvox,0.0,1.0,2.0
2026-06-25,https://getdailyvox.com/privacy,getdailyvox,0.0,1.0,27.0
2026-06-25,https://getdailyvox.com/research,getdailyvox,0.0,1.0,30.0
2026-06-25,https://getdailyvox.com/support,getdailyvox,0.0,1.0,2.0
2026-06-25,https://getdailyvox.com/technology,getdailyvox,0.0,1.0,31.0
2026-06-25,https://getdailyvox.com/technology,zlvox,0.0,1.0,66.0
2026-06-26,https://getdailyvox.com/about,"""id widgetkit"" android",0.0,2.0,5.5
2026-06-26,https://getdailyvox.com/about,"""id widgetkit"" android app",0.0,6.0,5.0
2026-06-26,https://getdailyvox.com/about,"""id widgetkit"" play store",0.0,1.0,9.0
2026-06-26,https://getdailyvox.com/blog/best-free-journal-app-2026,best free journal app,0.0,1.0,68.0
2026-06-26,https://getdailyvox.com/blog/best-free-journal-app-2026,best journal app free,0.0,1.0,72.0
2026-06-26,https://getdailyvox.com/blog/best-voice-journal-app,audio journaling apps,0.0,1.0,38.0
2026-06-26,https://getdailyvox.com/blog/best-voice-journal-app,best audio journal app,0.0,1.0,51.0
2026-06-26,https://getdailyvox.com/blog/best-voice-journal-app,speech to text journal app,0.0,1.0,35.0
2026-06-26,https://getdailyvox.com/blog/journal-app-privacy-comparison,journal app privacy,0.0,1.0,19.0
2026-06-26,https://getdailyvox.com/blog/journal-app-privacy-comparison,journey cloud vs premium,0.0,2.0,27.5
2026-06-26,https://getdailyvox.com/blog/voice-recorder-diary-app,audio journaling apps,0.0,2.0,58.0
2026-06-26,https://getdailyvox.com/blog/voice-recorder-diary-app,best audio journal app,0.0,1.0,71.0
2026-06-26,https://getdailyvox.com/blog/voice-recorder-diary-app,speech to text journal app,0.0,1.0,49.0
2026-06-26,https://getdailyvox.com/blog/voice-recorder-diary-app,voice journaling app,0.0,1.0,50.0
2026-06-26,https://getdailyvox.com/technology,lumenvox tts,0.0,1.0,84.0
2026-06-27,https://getdailyvox.com/blog/best-free-journal-app-2026,app for journaling free,0.0,1.0,59.0
2026-06-27,https://getdailyvox.com/blog/best-free-journal-app-2026,best free journal app,0.0,1.0,71.0
2026-06-27,https://getdailyvox.com/blog/best-free-journal-app-2026,free journal app,0.0,1.0,58.0
2026-06-27,https://getdailyvox.com/blog/journal-app-privacy-comparison,journal private,0.0,1.0,58.0
2026-06-27,https://getdailyvox.com/blog/journal-app-privacy-comparison,journey cloud vs premium,0.0,2.0,26.5
2026-06-28,https://getdailyvox.com/,dailyvox,0.0,2.0,1.0
2026-06-28,https://getdailyvox.com/about,dailyvox,0.0,2.0,4.0
2026-06-28,https://getdailyvox.com/alternative/bearable,dailyvox,0.0,1.0,38.0
2026-06-28,https://getdailyvox.com/blog,dailyvox,0.0,1.0,18.0
2026-06-28,https://getdailyvox.com/blog/best-free-journal-app-2026,best free journal app,0.0,4.0,72.25
2026-06-28,https://getdailyvox.com/blog/best-free-journal-app-2026,best free journal apps,0.0,2.0,72.5
2026-06-28,https://getdailyvox.com/blog/best-free-journal-app-2026,free journaling app,0.0,1.0,45.0
2026-06-28,https://getdailyvox.com/blog/best-free-journal-app-2026,free journaling apps,0.0,1.0,81.0
2026-06-28,https://getdailyvox.com/blog/best-voice-journal-app,audio journaling app,0.0,1.0,36.0
2026-06-28,https://getdailyvox.com/blog/dailyvox-vs-granola,dailyvox,0.0,1.0,46.0
2026-06-28,https://getdailyvox.com/blog/journal-app-privacy-comparison,journey cloud vs premium,0.0,1.0,33.0
2026-06-28,https://getdailyvox.com/blog/voice-recorder-diary-app,voice to text journal,0.0,1.0,65.0
2026-06-28,https://getdailyvox.com/compare,dailyvox,0.0,1.0,24.0
2026-06-28,https://getdailyvox.com/demo,dailyvox,0.0,1.0,9.0
2026-06-28,https://getdailyvox.com/faq,dailyvox,0.0,1.0,13.0
2026-06-28,https://getdailyvox.com/glossary,dailyvox,0.0,1.0,41.0
2026-06-28,https://getdailyvox.com/journal-app-comparison,dailyvox,0.0,1.0,10.0
2026-06-28,https://getdailyvox.com/privacy,dailyvox,0.0,1.0,29.0
2026-06-29,https://getdailyvox.com/,dailyvox,1.0,1.0,1.0
2026-06-29,https://getdailyvox.com/,widevox,0.0,1.0,95.0
2026-06-29,https://getdailyvox.com/about,dailyvox,0.0,1.0,5.0
2026-06-29,https://getdailyvox.com/blog,"""dailyvox"" vs ""vox journal"" features comparison",0.0,1.0,2.0
2026-06-29,https://getdailyvox.com/blog/best-free-journal-app-2026,best free journal app,0.0,1.0,73.0
2026-06-29,https://getdailyvox.com/blog/best-journal-app-for-men,mens journaling app,0.0,1.0,10.0
2026-06-29,https://getdailyvox.com/blog/best-voice-journal-app,best voice journal app,0.0,1.0,12.0
2026-06-29,https://getdailyvox.com/blog/best-voice-journal-app,speakwise voice journaling app,0.0,2.0,11.0
2026-06-29,https://getdailyvox.com/blog/best-voice-journal-app,voice diary app,0.0,1.0,36.0
2026-06-29,https://getdailyvox.com/blog/best-voice-journal-app,voice journal app,0.0,1.0,33.0
2026-06-29,https://getdailyvox.com/blog/best-voice-journal-app,voice journal app free,0.0,1.0,11.0
2026-06-29,https://getdailyvox.com/blog/dailyvox-vs-apple-journal,"""dailyvox"" vs ""vox journal"" features comparison",0.0,1.0,10.0
2026-06-29,https://getdailyvox.com/blog/journal-app-privacy-comparison,journal app privacy,0.0,1.0,9.0
2026-06-29,https://getdailyvox.com/blog/journal-app-privacy-comparison,journey cloud vs premium,0.0,1.0,20.0
2026-06-29,https://getdailyvox.com/compare,"""dailyvox"" vs ""vox journal"" features comparison",0.0,1.0,1.0
2026-06-29,https://getdailyvox.com/demo,dailyvox,0.0,1.0,3.0
2026-06-29,https://getdailyvox.com/technology,lumenvox,0.0,1.0,85.0
2026-06-30,https://getdailyvox.com/,dailyvox,0.0,2.0,1.0
2026-06-30,https://getdailyvox.com/about,dailyvox,0.0,2.0,3.5
2026-06-30,https://getdailyvox.com/blog/apple-journal-vs-dailyvox,dailyvox,0.0,1.0,88.0
2026-06-30,https://getdailyvox.com/blog/best-free-journal-app-2026,best free journal app,0.0,3.0,70.66666666666667
2026-06-30,https://getdailyvox.com/blog/best-free-journal-app-2026,best free journaling apps,0.0,1.0,72.0
2026-06-30,https://getdailyvox.com/blog/best-voice-journal-app,audio journaling app,0.0,1.0,34.0
2026-06-30,https://getdailyvox.com/blog/best-voice-journal-app,best voice journaling apps 2026,0.0,1.0,15.0
2026-06-30,https://getdailyvox.com/blog/best-voice-journal-app,speakwise voice journaling app,1.0,1.0,12.0
2026-06-30,https://getdailyvox.com/blog/best-voice-journal-app,voice journaling apps,0.0,1.0,13.0
2026-06-30,https://getdailyvox.com/blog/dailyvox-vs-audio-diary,dailyvox,0.0,1.0,78.0
2026-06-30,https://getdailyvox.com/blog/journal-app-privacy-comparison,journal private,0.0,1.0,64.0
2026-06-30,https://getdailyvox.com/blog/journal-app-privacy-comparison,journey cloud vs premium,0.0,2.0,25.5
2026-06-30,https://getdailyvox.com/blog/voice-recorder-diary-app,best voice journaling apps 2026,0.0,1.0,50.0
2026-06-30,https://getdailyvox.com/blog/voice-recorder-diary-app,voice diaries,0.0,1.0,36.0
2026-06-30,https://getdailyvox.com/blog/voice-recorder-diary-app,voice journaling apps,0.0,1.0,89.0
2026-06-30,https://getdailyvox.com/demo,dailyvox,0.0,2.0,9.5
2026-06-30,https://getdailyvox.com/journal-app-comparison,best voice journaling apps 2026,0.0,1.0,150.0
2026-06-30,https://getdailyvox.com/support,dailyvox,0.0,1.0,71.0
2026-06-30,https://getdailyvox.com/technology,dailyvox,0.0,1.0,85.0
2026-07-01,https://getdailyvox.com/,getdailyvox,0.0,1.0,1.0
2026-07-01,https://getdailyvox.com/about,getdailyvox,0.0,1.0,3.0
2026-07-01,https://getdailyvox.com/blog,getdailyvox,0.0,1.0,2.0
2026-07-01,https://getdailyvox.com/blog/ai-journal-that-works-offline,nlp equipment for commuters,0.0,1.0,201.0
2026-07-01,https://getdailyvox.com/blog/best-free-journal-app-2026,best free journal app,0.0,3.0,69.0
2026-07-01,https://getdailyvox.com/blog/best-voice-journal-app,audio journal app,0.0,1.0,35.0
2026-07-01,https://getdailyvox.com/blog/best-voice-journal-app,voice diary app,0.0,1.0,29.0
2026-07-01,https://getdailyvox.com/blog/best-voice-journal-app,voice journal,0.0,1.0,44.0
2026-07-01,https://getdailyvox.com/blog/best-voice-journal-app,voice journaling app,0.0,2.0,35.0
2026-07-01,https://getdailyvox.com/blog/dailyvox-vs-finch,getdailyvox,0.0,1.0,2.0
2026-07-01,https://getdailyvox.com/blog/journal-app-privacy-comparison,journey cloud vs premium,0.0,2.0,25.0
2026-07-01,https://getdailyvox.com/blog/voice-recorder-diary-app,voice diary app,0.0,1.0,42.0
2026-07-01,https://getdailyvox.com/blog/voice-recorder-diary-app,voice journaling app,0.0,1.0,60.0
2026-07-01,https://getdailyvox.com/changelog,getdailyvox,0.0,1.0,27.0
2026-07-01,https://getdailyvox.com/compare,getdailyvox,0.0,1.0,24.0
2026-07-01,https://getdailyvox.com/demo,getdailyvox,0.0,1.0,2.0
2026-07-01,https://getdailyvox.com/faq,getdailyvox,0.0,1.0,2.0
2026-07-01,https://getdailyvox.com/personal-digital-twin,getdailyvox,0.0,1.0,2.0
2026-07-01,https://getdailyvox.com/privacy,getdailyvox,0.0,1.0,20.0
2026-07-01,https://getdailyvox.com/research,getdailyvox,0.0,1.0,29.0
2026-07-01,https://getdailyvox.com/support,getdailyvox,0.0,1.0,8.0
2026-07-02,https://getdailyvox.com/,dailyvox,2.0,2.0,1.0
2026-07-02,https://getdailyvox.com/about,"""id widgetkit"" android",0.0,1.0,6.0
2026-07-02,https://getdailyvox.com/about,"""id widgetkit"" android app",0.0,2.0,5.5
2026-07-02,https://getdailyvox.com/about,dailyvox,0.0,2.0,3.0
2026-07-02,https://getdailyvox.com/blog,gistvox,0.0,1.0,65.0
2026-07-02,https://getdailyvox.com/blog/best-free-journal-app-2026,best free journal app,0.0,2.0,69.5
2026-07-02,https://getdailyvox.com/blog/best-journal-app-for-anxiety,anxiety journal app,0.0,1.0,43.0
2026-07-02,https://getdailyvox.com/blog/journal-app-privacy-comparison,journey cloud vs premium,0.0,2.0,27.0
2026-07-02,https://getdailyvox.com/demo,dailyvox,0.0,2.0,5.0
2026-07-02,https://getdailyvox.com/faq,dailyvox,0.0,1.0,8.0
2026-07-02,https://getdailyvox.com/personal-digital-twin,personal digital twin,0.0,1.0,43.0
2026-07-03,https://getdailyvox.com/,dailyvox,0.0,2.0,1.0
2026-07-03,https://getdailyvox.com/about,dailyvox,0.0,2.0,3.0
2026-07-03,https://getdailyvox.com/blog/best-free-journal-app-2026,best free journal app,0.0,1.0,66.0
2026-07-03,https://getdailyvox.com/blog/best-voice-journal-app,voice diary app,0.0,1.0,19.0
2026-07-03,https://getdailyvox.com/blog/best-voice-journal-app,voice journal,0.0,1.0,53.0
2026-07-03,https://getdailyvox.com/blog/best-voice-journal-app,voice journaling app,0.0,2.0,33.0
2026-07-03,https://getdailyvox.com/blog/best-voice-journal-app,voice to text journal,0.0,1.0,43.0
2026-07-03,https://getdailyvox.com/blog/best-voice-journal-app,voice to text journal app,0.0,1.0,35.0
2026-07-03,https://getdailyvox.com/blog/journal-app-privacy-comparison,journey cloud vs premium,0.0,2.0,26.0
2026-07-03,https://getdailyvox.com/blog/voice-recorder-diary-app,audio journaling apps,0.0,2.0,50.0
2026-07-03,https://getdailyvox.com/blog/voice-recorder-diary-app,voice diary app,0.0,1.0,38.0
2026-07-03,https://getdailyvox.com/blog/voice-recorder-diary-app,voice journaling app,0.0,2.0,48.5
2026-07-03,https://getdailyvox.com/blog/voice-recorder-diary-app,voice to text journal,0.0,1.0,65.0
2026-07-03,https://getdailyvox.com/blog/voice-recorder-diary-app,voice to text journal app,0.0,1.0,49.0
2026-07-03,https://getdailyvox.com/changelog,"""sparkle.magnifyingglass"" sf symbols",0.0,13.0,9.538461538461538
2026-07-03,https://getdailyvox.com/faq,dailyvox,0.0,1.0,7.0
2026-07-03,https://getdailyvox.com/personal-digital-twin,personal digital twin,0.0,1.0,42.0
2026-07-04,https://getdailyvox.com/,dailyvox,2.0,3.0,1.0
2026-07-04,https://getdailyvox.com/about,dailyvox,0.0,3.0,5.333333333333333
2026-07-04,https://getdailyvox.com/alternative/bearable,dailyvox,0.0,1.0,8.0
2026-07-04,https://getdailyvox.com/blog,dailyvox,0.0,1.0,38.0
2026-07-04,https://getdailyvox.com/blog/best-free-journal-app-2026,best free journal app,0.0,2.0,68.0
2026-07-04,https://getdailyvox.com/blog/best-free-journal-app-2026,free journaling apps,0.0,1.0,81.0
2026-07-04,https://getdailyvox.com/blog/dailyvox-vs-finch,dailyvox,0.0,1.0,27.0
2026-07-04,https://getdailyvox.com/blog/journal-app-privacy-comparison,journey cloud vs premium,0.0,1.0,34.0
2026-07-04,https://getdailyvox.com/changelog,"""sparkle.magnifyingglass"" sf symbols",0.0,8.0,9.25
2026-07-04,https://getdailyvox.com/demo,dailyvox,0.0,3.0,7.333333333333333
2026-07-04,https://getdailyvox.com/faq,dailyvox,0.0,1.0,12.0
2026-07-04,https://getdailyvox.com/glossary,dailyvox,0.0,1.0,33.0
2026-07-04,https://getdailyvox.com/personal-digital-twin,personal digital twin,0.0,1.0,42.0
2026-07-04,https://getdailyvox.com/privacy,dailyvox,0.0,1.0,20.0
2026-07-04,https://getdailyvox.com/technology,dailyvox,0.0,1.0,4.0
2026-07-05,https://getdailyvox.com/,dailyvox,0.0,3.0,1.0
2026-07-05,https://getdailyvox.com/,vox daily,0.0,1.0,8.0
2026-07-05,https://getdailyvox.com/about,dailyvox,0.0,3.0,1.3333333333333333
2026-07-05,https://getdailyvox.com/blog,dailyvox,0.0,2.0,1.0
2026-07-05,https://getdailyvox.com/blog/best-free-journal-app-2026,best free journal app,0.0,1.0,65.0
2026-07-05,https://getdailyvox.com/blog/best-free-journal-app-2026,best free journal apps,0.0,1.0,64.0
2026-07-05,https://getdailyvox.com/blog/best-voice-journal-app,best voice journaling apps,0.0,1.0,27.0
2026-07-05,https://getdailyvox.com/blog/voice-recorder-diary-app,audio journal app,0.0,1.0,48.0
2026-07-05,https://getdailyvox.com/blog/voice-recorder-diary-app,voice diaries,0.0,1.0,43.0
2026-07-05,https://getdailyvox.com/blog/voice-recorder-diary-app,voice diary app,0.0,1.0,47.0
2026-07-05,https://getdailyvox.com/blog/voice-recorder-diary-app,voice journal app,0.0,1.0,46.0
2026-07-05,https://getdailyvox.com/changelog,"""sparkle.magnifyingglass"" sf symbols",0.0,4.0,10.0
2026-07-05,https://getdailyvox.com/faq,dailyvox,0.0,2.0,1.0
2026-07-05,https://getdailyvox.com/personal-digital-twin,personal digital twin,0.0,1.0,42.0
2026-07-05,https://getdailyvox.com/technology,dailyvox,0.0,3.0,2.0
2026-07-06,https://getdailyvox.com/about,"""id widgetkit"" android",0.0,3.0,4.666666666666666
2026-07-06,https://getdailyvox.com/about,"""id widgetkit"" app",0.0,3.0,10.666666666666666
2026-07-06,https://getdailyvox.com/blog/journal-app-privacy-comparison,journey cloud vs premium,0.0,1.0,20.0
2026-07-06,https://getdailyvox.com/personal-digital-twin,personal digital twin,0.0,1.0,30.0
2026-07-07,https://getdailyvox.com/,dailyvox,0.0,1.0,1.0
2026-07-07,https://getdailyvox.com/,dailywav,0.0,1.0,35.0
2026-07-07,https://getdailyvox.com/about,dailyvox,0.0,1.0,4.0
2026-07-07,https://getdailyvox.com/blog/best-voice-journal-app,best voice journal app,0.0,1.0,9.0
2026-07-07,https://getdailyvox.com/blog/best-voice-journal-app,voice diary app,0.0,1.0,29.0
2026-07-07,https://getdailyvox.com/blog/journal-app-privacy-comparison,journey cloud vs premium,0.0,1.0,33.0
2026-07-07,https://getdailyvox.com/blog/voice-recorder-diary-app,audio journal app,0.0,1.0,40.0
2026-07-07,https://getdailyvox.com/blog/voice-recorder-diary-app,audio journaling app,0.0,1.0,41.0
2026-07-07,https://getdailyvox.com/blog/voice-recorder-diary-app,voice diary app,0.0,1.0,42.0
2026-07-07,https://getdailyvox.com/blog/voice-recorder-diary-app,voice journaling app,0.0,2.0,64.0
2026-07-07,https://getdailyvox.com/demo,dailyvox,0.0,1.0,7.0
2026-07-08,https://getdailyvox.com/,dailyvox,0.0,1.0,1.0
2026-07-08,https://getdailyvox.com/about,"""id widgetkit"" android",0.0,2.0,4.5
2026-07-08,https://getdailyvox.com/about,"""id widgetkit"" app",0.0,1.0,11.0
2026-07-08,https://getdailyvox.com/about,dailyvox,0.0,1.0,2.0
2026-07-08,https://getdailyvox.com/blog/best-voice-journal-app,audio journal app,0.0,2.0,29.5
2026-07-08,https://getdailyvox.com/blog/best-voice-journal-app,voice journaling apps,0.0,1.0,11.0
2026-07-08,https://getdailyvox.com/blog/voice-recorder-diary-app,audio journal app,0.0,1.0,47.0
2026-07-08,https://getdailyvox.com/blog/voice-recorder-diary-app,voice journaling app,0.0,1.0,34.0
2026-07-08,https://getdailyvox.com/demo,dailyvox,0.0,1.0,3.0
2026-07-08,https://getdailyvox.com/faq,dailyvox,0.0,1.0,5.0
2026-07-08,https://getdailyvox.com/personal-digital-twin,digital twin of a person,0.0,1.0,37.0
2026-07-08,https://getdailyvox.com/personal-digital-twin,personal digital twin,0.0,1.0,43.0
2026-07-09,https://getdailyvox.com/blog/best-free-journal-app-2026,journal software free,0.0,1.0,35.0
2026-07-09,https://getdailyvox.com/blog/best-journal-app-for-anxiety,anxiety journal app,0.0,1.0,17.0
2026-07-09,https://getdailyvox.com/blog/best-voice-journal-app,voice diary apps,0.0,1.0,25.0
2026-07-09,https://getdailyvox.com/blog/best-voice-journal-app,voice journaling app,0.0,2.0,37.0
2026-07-09,https://getdailyvox.com/blog/best-voice-journal-app,voice to text journal,0.0,1.0,47.0
2026-07-09,https://getdailyvox.com/blog/journal-app-privacy-comparison,journey cloud vs premium,0.0,1.0,20.0
2026-07-09,https://getdailyvox.com/blog/voice-recorder-diary-app,voice diary,0.0,1.0,93.0
2026-07-09,https://getdailyvox.com/blog/voice-recorder-diary-app,voice diary app,0.0,1.0,32.0
2026-07-09,https://getdailyvox.com/blog/voice-recorder-diary-app,voice journaling app,0.0,1.0,34.0
2026-07-09,https://getdailyvox.com/technology,nltagger,0.0,1.0,45.0
2026-07-10,https://getdailyvox.com/blog/best-journal-app-for-anxiety,journal app for anxiety,0.0,1.0,49.0
2026-07-10,https://getdailyvox.com/blog/best-voice-journal-app,audio journaling apps,0.0,1.0,44.0
2026-07-10,https://getdailyvox.com/blog/best-voice-journal-app,voice to text journal app free,0.0,1.0,11.0
2026-07-10,https://getdailyvox.com/blog/journal-app-privacy-comparison,journey cloud vs premium,0.0,2.0,25.5
2026-07-10,https://getdailyvox.com/blog/voice-recorder-diary-app,voice diary,0.0,1.0,51.0
2026-07-10,https://getdailyvox.com/blog/voice-recorder-diary-app,voice diary app,0.0,1.0,54.0
2026-07-10,https://getdailyvox.com/blog/voice-recorder-diary-app,voice journaling app,0.0,2.0,38.0
2026-07-10,https://getdailyvox.com/personal-digital-twin,personal digital twin,0.0,2.0,32.5
2026-07-11,https://getdailyvox.com/,vox daily,0.0,1.0,19.0
2026-07-11,https://getdailyvox.com/blog/best-voice-journal-app,best voice journaling app,0.0,2.0,40.0
2026-07-11,https://getdailyvox.com/blog/journal-app-privacy-comparison,journey cloud vs premium,0.0,3.0,27.666666666666668
2026-07-11,https://getdailyvox.com/personal-digital-twin,personal digital twin,0.0,3.0,48.333333333333336
2026-07-12,https://getdailyvox.com/blog/best-free-journal-app,best app for journaling,0.0,1.0,74.0
2026-07-12,https://getdailyvox.com/blog/best-free-journal-app,journaling software free,0.0,1.0,79.0
2026-07-12,https://getdailyvox.com/blog/best-journal-app-for-anxiety,anxiety journal app,0.0,1.0,18.0
2026-07-12,https://getdailyvox.com/blog/best-voice-journal-app,voice journal,0.0,1.0,30.0
2026-07-12,https://getdailyvox.com/blog/best-voice-journal-app,voice to text journal,0.0,3.0,49.333333333333336
2026-07-12,https://getdailyvox.com/blog/voice-recorder-diary-app,voice diary app,0.0,1.0,18.0
2026-07-12,https://getdailyvox.com/blog/voice-recorder-diary-app,voice to text journaling app,0.0,1.0,36.0
2026-07-12,https://getdailyvox.com/changelog,"""sparkle.magnifyingglass"" sf symbols",0.0,3.0,8.666666666666668
2026-07-12,https://getdailyvox.com/personal-digital-twin,personal digital twin,0.0,3.0,32.33333333333333
2026-07-13,https://getdailyvox.com/,dailyvox,0.0,1.0,1.0
2026-07-13,https://getdailyvox.com/about,dailyvox,0.0,1.0,4.0
2026-07-13,https://getdailyvox.com/blog/best-free-journal-app,best online journal,0.0,1.0,53.0
2026-07-13,https://getdailyvox.com/blog/best-free-journal-app,free journal app,0.0,1.0,43.0
2026-07-13,https://getdailyvox.com/blog/best-free-journal-app,journal app free,0.0,2.0,41.0
2026-07-13,https://getdailyvox.com/blog/best-free-journal-app,journaling app free,0.0,1.0,68.0
2026-07-13,https://getdailyvox.com/blog/best-voice-journal-app,voice journal app free,0.0,1.0,31.0
2026-07-13,https://getdailyvox.com/blog/journal-app-privacy-comparison,is apple journal private,0.0,1.0,26.0
2026-07-13,https://getdailyvox.com/blog/voice-recorder-diary-app,voice journal app free,0.0,1.0,40.0
2026-07-13,https://getdailyvox.com/blog/voice-recorder-diary-app,voice journaling app,0.0,1.0,25.0
2026-07-13,https://getdailyvox.com/demo,dailyvox,0.0,1.0,6.0
2026-07-13,https://getdailyvox.com/glossary,what is voice journaling,0.0,1.0,30.0
2026-07-13,https://getdailyvox.com/journal-app-comparison,digital journal apps market,0.0,3.0,82.0
2026-07-13,https://getdailyvox.com/personal-digital-twin,personal digital twin,0.0,1.0,40.0
2026-07-14,https://getdailyvox.com/about,"""id widgetkit"" android",0.0,1.0,5.0
2026-07-14,https://getdailyvox.com/about,"""id widgetkit"" android app",0.0,5.0,5.0
2026-07-14,https://getdailyvox.com/about,"""id widgetkit"" app",0.0,1.0,11.0
2026-07-14,https://getdailyvox.com/blog/best-free-journal-app,best free diary app,0.0,2.0,70.5
2026-07-14,https://getdailyvox.com/blog/best-free-journal-app,best free journal app,0.0,4.0,69.0
2026-07-14,https://getdailyvox.com/blog/best-free-journal-app,best free journaling app,0.0,1.0,74.0
2026-07-14,https://getdailyvox.com/blog/best-free-journal-app,best free online journal,0.0,1.0,65.0
2026-07-14,https://getdailyvox.com/blog/best-free-journal-app,best journaling app,0.0,1.0,60.0
2026-07-14,https://getdailyvox.com/blog/best-free-journal-app,best online free journal,0.0,1.0,63.0
2026-07-14,https://getdailyvox.com/blog/best-free-journal-app,free daily journal app,0.0,1.0,50.0
2026-07-14,https://getdailyvox.com/blog/best-free-journal-app,free journal app,0.0,1.0,10.0
2026-07-14,https://getdailyvox.com/blog/best-free-journal-app,free journal software,0.0,1.0,38.0
2026-07-14,https://getdailyvox.com/blog/best-free-journal-app,free online journaling app,0.0,1.0,42.0
2026-07-14,https://getdailyvox.com/blog/best-free-journal-app,journal free,0.0,1.0,59.0
2026-07-14,https://getdailyvox.com/blog/best-journal-app-for-anxiety,anxiety journal app,0.0,1.0,39.0
2026-07-14,https://getdailyvox.com/blog/best-voice-journal-app,audio journal app,0.0,2.0,43.5
2026-07-14,https://getdailyvox.com/blog/best-voice-journal-app,purchase automatic speech to text journal,0.0,1.0,12.0
2026-07-14,https://getdailyvox.com/blog/best-voice-journal-app,voice diary app,0.0,1.0,43.0
2026-07-14,https://getdailyvox.com/blog/best-voice-journal-app,voice journal,0.0,1.0,45.0
2026-07-14,https://getdailyvox.com/blog/best-voice-journal-app,voice journal app,0.0,1.0,42.0
2026-07-14,https://getdailyvox.com/blog/best-voice-journal-app,voice to text journal app free,0.0,1.0,11.0
2026-07-14,https://getdailyvox.com/blog/journal-app-privacy-comparison,journey cloud vs premium,0.0,1.0,19.0
2026-07-14,https://getdailyvox.com/blog/voice-recorder-diary-app,audio journal app,0.0,2.0,37.5
2026-07-14,https://getdailyvox.com/blog/voice-recorder-diary-app,audio journaling app,0.0,1.0,47.0
2026-07-14,https://getdailyvox.com/blog/voice-recorder-diary-app,voice diary app,0.0,1.0,32.0
2026-07-14,https://getdailyvox.com/blog/voice-recorder-diary-app,voice journal app,0.0,1.0,35.0
2026-07-14,https://getdailyvox.com/blog/voice-recorder-diary-app,voice journaling app,0.0,1.0,23.0
2026-07-14,https://getdailyvox.com/journal-app-comparison,digital journal apps market,0.0,3.0,85.33333333333333
2026-07-14,https://getdailyvox.com/journal-app-comparison,journaling app vergleich,0.0,1.0,65.0
2026-07-14,https://getdailyvox.com/personal-digital-twin,personal digital twin,0.0,2.0,34.0
2026-07-15,https://getdailyvox.com/blog/best-free-journal-app,best free journal,0.0,1.0,68.0
2026-07-15,https://getdailyvox.com/blog/best-free-journal-app,best free journal app,0.0,3.0,68.0
2026-07-15,https://getdailyvox.com/blog/best-free-journal-app,best journal app free,0.0,1.0,68.0
2026-07-15,https://getdailyvox.com/blog/best-free-journal-app,best journaling app free,0.0,1.0,66.0
2026-07-15,https://getdailyvox.com/blog/best-free-journal-app,best journaling apps free,0.0,1.0,68.0
2026-07-15,https://getdailyvox.com/blog/best-free-journal-app,free journal,0.0,1.0,82.0
2026-07-15,https://getdailyvox.com/blog/best-free-journal-app,journal apps free,0.0,1.0,83.0
2026-07-15,https://getdailyvox.com/blog/best-voice-journal-app,voice to text journal app free,0.0,1.0,11.0
2026-07-15,https://getdailyvox.com/blog/how-to-journal-for-sleep,journaling for sleep,0.0,1.0,76.0
2026-07-15,https://getdailyvox.com/blog/journal-app-privacy-comparison,journal cloud,0.0,1.0,24.0
2026-07-15,https://getdailyvox.com/blog/journal-app-privacy-comparison,journey cloud vs premium,0.0,2.0,31.0
2026-07-15,https://getdailyvox.com/journal-app-comparison,digital journal apps market,0.0,4.0,85.5
2026-07-15,https://getdailyvox.com/personal-digital-twin,digital twin of a person,0.0,1.0,30.0
2026-07-15,https://getdailyvox.com/personal-digital-twin,personal digital twin,0.0,2.0,34.0
2026-07-16,https://getdailyvox.com/,life vox,0.0,1.0,24.0
2026-07-16,https://getdailyvox.com/blog/best-free-journal-app,best free journal app,0.0,2.0,65.5
2026-07-16,https://getdailyvox.com/blog/best-free-journal-app,best online journals,0.0,2.0,55.5
2026-07-16,https://getdailyvox.com/blog/best-free-journal-app,daily journal app free,0.0,1.0,57.0
2026-07-16,https://getdailyvox.com/blog/best-free-journal-app,journal app free,0.0,1.0,35.0
2026-07-16,https://getdailyvox.com/blog/best-free-journal-app,journaling app free,0.0,1.0,66.0
2026-07-16,https://getdailyvox.com/blog/best-voice-journal-app,voice journaling app,0.0,1.0,48.0
2026-07-16,https://getdailyvox.com/blog/best-voice-journal-app,voice to text journal,0.0,2.0,49.5
2026-07-16,https://getdailyvox.com/blog/journal-app-privacy-comparison,journey cloud vs premium,0.0,1.0,33.0
2026-07-16,https://getdailyvox.com/blog/voice-recorder-diary-app,voice diary,0.0,1.0,43.0
2026-07-16,https://getdailyvox.com/blog/voice-recorder-diary-app,voice journaling app,0.0,2.0,57.5
2026-07-16,https://getdailyvox.com/journal-app-comparison,digital journal apps market,0.0,5.0,82.4
2026-07-16,https://getdailyvox.com/personal-digital-twin,personal digital twin,0.0,1.0,40.0
2026-07-17,https://getdailyvox.com/,dailyvox,2.0,2.0,1.0
2026-07-17,https://getdailyvox.com/about,dailyvox,0.0,2.0,6.0
2026-07-17,https://getdailyvox.com/blog/best-free-journal-app,best free journal app,0.0,1.0,72.0
2026-07-17,https://getdailyvox.com/blog/best-free-journal-app,best free online journal,0.0,2.0,65.5
2026-07-17,https://getdailyvox.com/blog/best-free-journal-app,free journaling app,0.0,1.0,57.0
2026-07-17,https://getdailyvox.com/blog/best-free-journal-app,journal freeware,0.0,1.0,41.0
2026-07-17,https://getdailyvox.com/blog/best-journal-app-for-anxiety,journaling apps for anxiety and depression,0.0,1.0,86.0
2026-07-17,https://getdailyvox.com/blog/best-voice-journal-app,audio journal app,0.0,1.0,36.0
2026-07-17,https://getdailyvox.com/blog/best-voice-journal-app,audio journaling apps,0.0,1.0,41.0
2026-07-17,https://getdailyvox.com/blog/best-voice-journal-app,voice diary app,0.0,1.0,50.0
2026-07-17,https://getdailyvox.com/blog/best-voice-journal-app,voice journal,0.0,1.0,39.0
2026-07-17,https://getdailyvox.com/blog/best-voice-journal-app,voice journaling app,0.0,1.0,21.0
2026-07-17,https://getdailyvox.com/blog/best-voice-journal-app,voice to text journal app,0.0,1.0,47.0
2026-07-17,https://getdailyvox.com/blog/journal-app-privacy-comparison,journey cloud vs premium,0.0,2.0,20.5
2026-07-17,https://getdailyvox.com/blog/journal-app-privacy-comparison,secure journaling app,0.0,1.0,61.0
2026-07-17,https://getdailyvox.com/blog/voice-recorder-diary-app,audio journaling apps,0.0,2.0,45.0
2026-07-17,https://getdailyvox.com/blog/voice-recorder-diary-app,voice diary app,0.0,1.0,30.0
2026-07-17,https://getdailyvox.com/blog/voice-recorder-diary-app,voice to text journal app,0.0,1.0,34.0
2026-07-17,https://getdailyvox.com/changelog,"""sparkle.magnifyingglass"" sf symbols",0.0,1.0,8.0
2026-07-17,https://getdailyvox.com/demo,dailyvox,0.0,2.0,3.0
2026-07-17,https://getdailyvox.com/faq,dailyvox,0.0,1.0,7.0
2026-07-17,https://getdailyvox.com/journal-app-comparison,digital journal apps market,0.0,3.0,80.0
2026-07-17,https://getdailyvox.com/personal-digital-twin,personal digital twin,0.0,1.0,19.0
2026-07-17,https://getdailyvox.com/technology,dailyvox,0.0,1.0,6.0
2026-07-18,https://getdailyvox.com/,vox daily,0.0,1.0,2.0
2026-07-18,https://getdailyvox.com/blog/best-free-journal-app,best free journal app,0.0,1.0,68.0
2026-07-18,https://getdailyvox.com/blog/best-free-journal-app,is there a free journal app,0.0,1.0,35.0
2026-07-18,https://getdailyvox.com/blog/best-voice-journal-app,best voice journaling apps,0.0,1.0,28.0
2026-07-18,https://getdailyvox.com/blog/best-voice-journal-app,voice to text journal app free,0.0,1.0,11.0
2026-07-18,https://getdailyvox.com/blog/journal-app-privacy-comparison,journey cloud vs premium,0.0,1.0,21.0
2026-07-18,https://getdailyvox.com/blog/voice-recorder-diary-app,voice diary app,0.0,1.0,11.0
2026-07-18,https://getdailyvox.com/journal-app-comparison,digital journal apps market,0.0,3.0,87.0
2026-07-18,https://getdailyvox.com/personal-digital-twin,personal digital twin,0.0,1.0,19.0
2026-07-19,https://getdailyvox.com/,dillivox,0.0,2.0,7.0
2026-07-19,https://getdailyvox.com/blog/best-free-journal-app,best free journal app,0.0,1.0,68.0
2026-07-19,https://getdailyvox.com/blog/best-free-journal-app,best journaling app,0.0,1.0,74.0
2026-07-19,https://getdailyvox.com/blog/best-free-journal-app,journal freeware,0.0,1.0,53.0
2026-07-19,https://getdailyvox.com/blog/best-voice-journal-app,automated speech to text family journal review,0.0,1.0,82.0
2026-07-19,https://getdailyvox.com/blog/best-voice-journal-app,free audio journal app,0.0,1.0,39.0
2026-07-19,https://getdailyvox.com/blog/best-voice-journal-app,purchase automatic speech to text journal,0.0,1.0,19.0
2026-07-19,https://getdailyvox.com/blog/best-voice-journal-app,voice journal,0.0,2.0,23.5
2026-07-19,https://getdailyvox.com/blog/how-to-journal-for-sleep,journaling before bed,0.0,3.0,46.666666666666664
2026-07-19,https://getdailyvox.com/changelog,"""sparkle.magnifyingglass"" sf symbols",0.0,2.0,7.5
2026-07-19,https://getdailyvox.com/journal-app-comparison,digital journal apps market,0.0,1.0,90.0
2026-07-19,https://getdailyvox.com/personal-digital-twin,personal digital twin,0.0,1.0,23.0
2026-07-20,https://getdailyvox.com/,dailyvox,0.0,1.0,1.0
2026-07-20,https://getdailyvox.com/,vox daily,0.0,1.0,17.0
2026-07-20,https://getdailyvox.com/about,dailyvox,0.0,1.0,4.0
2026-07-20,https://getdailyvox.com/blog/best-free-journal-app,best free diary app,0.0,1.0,73.0
2026-07-20,https://getdailyvox.com/blog/best-free-journal-app,best free journal app,0.0,1.0,71.0
2026-07-20,https://getdailyvox.com/blog/best-free-journal-app,best free online journal,0.0,1.0,64.0
2026-07-20,https://getdailyvox.com/blog/best-free-journal-app,cheap version digital journaling apps with cloud sync options in israel,0.0,1.0,9.0
2026-07-20,https://getdailyvox.com/blog/best-free-journal-app,cheap version digital journaling apps with cloud sync options in united states,0.0,1.0,10.0
2026-07-20,https://getdailyvox.com/blog/best-free-journal-app,free daily journal app,0.0,1.0,46.0
2026-07-20,https://getdailyvox.com/blog/best-free-journal-app,free journal software,0.0,1.0,63.0
2026-07-20,https://getdailyvox.com/blog/best-voice-journal-app,best voice journal app,0.0,1.0,14.0
2026-07-20,https://getdailyvox.com/blog/best-voice-journal-app,voice diary app,0.0,1.0,41.0
2026-07-20,https://getdailyvox.com/blog/best-voice-journal-app,voice journal app,0.0,1.0,41.0
2026-07-20,https://getdailyvox.com/blog/best-voice-journal-app,voice journaling app,0.0,1.0,54.0
2026-07-20,https://getdailyvox.com/blog/best-voice-journal-app,voice to text journal app free,0.0,2.0,10.5
2026-07-20,https://getdailyvox.com/blog/dailyvox-vs-penzu,is penzu free,0.0,1.0,9.0
2026-07-20,https://getdailyvox.com/blog/how-to-journal-for-sleep,journaling for sleep,0.0,1.0,75.0
2026-07-20,https://getdailyvox.com/blog/how-to-journal-for-sleep,sleep journaling,0.0,1.0,81.0
2026-07-20,https://getdailyvox.com/blog/journal-app-privacy-comparison,journey cloud vs premium,0.0,1.0,21.0
2026-07-20,https://getdailyvox.com/blog/voice-recorder-diary-app,best voice journal app,0.0,1.0,19.0
2026-07-20,https://getdailyvox.com/blog/voice-recorder-diary-app,voice diary app,0.0,1.0,22.0
2026-07-20,https://getdailyvox.com/blog/voice-recorder-diary-app,voice journal app,0.0,1.0,23.0
2026-07-20,https://getdailyvox.com/blog/voice-recorder-diary-app,voice journaling app,0.0,1.0,40.0
2026-07-20,https://getdailyvox.com/compare,dailyvox,0.0,1.0,12.0
2026-07-20,https://getdailyvox.com/demo,dailyvox,0.0,1.0,6.0
2026-07-20,https://getdailyvox.com/faq,dailyvox,0.0,1.0,16.0
2026-07-20,https://getdailyvox.com/journal-app-comparison,digital journal apps market,0.0,2.0,87.0
2026-07-20,https://getdailyvox.com/personal-digital-twin,personal digital twin,0.0,1.0,21.0
2026-07-21,https://getdailyvox.com/blog/best-free-journal-app,best free journal app,0.0,3.0,59.666666666666664
2026-07-21,https://getdailyvox.com/blog/best-free-journal-app,best online journals,0.0,1.0,60.0
2026-07-21,https://getdailyvox.com/blog/best-free-journal-app,best online journals free,0.0,1.0,67.0
2026-07-21,https://getdailyvox.com/blog/best-free-journal-app,cheap version digital journaling apps with cloud sync options in israel,0.0,1.0,8.0
2026-07-21,https://getdailyvox.com/blog/best-free-journal-app,free journal apps,0.0,1.0,66.0
2026-07-21,https://getdailyvox.com/blog/best-free-journal-app,free journal software,0.0,1.0,58.0
2026-07-21,https://getdailyvox.com/blog/best-free-journal-app,free journaling apps,0.0,1.0,54.0
2026-07-21,https://getdailyvox.com/blog/best-journal-app-for-anxiety,anxiety journal app,0.0,1.0,35.0
2026-07-21,https://getdailyvox.com/blog/best-voice-journal-app,audio journal app,0.0,2.0,40.0
2026-07-21,https://getdailyvox.com/blog/best-voice-journal-app,audio journaling app,0.0,1.0,45.0
2026-07-21,https://getdailyvox.com/blog/best-voice-journal-app,voice diary app,0.0,1.0,43.0
2026-07-21,https://getdailyvox.com/blog/best-voice-journal-app,voice journal app,0.0,2.0,13.0
2026-07-21,https://getdailyvox.com/blog/best-voice-journal-app,voice journaling app,0.0,1.0,17.0
2026-07-21,https://getdailyvox.com/blog/best-voice-journal-app,voice journals,0.0,1.0,32.0
2026-07-21,https://getdailyvox.com/blog/journal-app-privacy-comparison,journey cloud vs premium,0.0,3.0,19.0
2026-07-21,https://getdailyvox.com/blog/voice-recorder-diary-app,audio journal app,0.0,1.0,33.0
2026-07-21,https://getdailyvox.com/blog/voice-recorder-diary-app,audio journaling app,0.0,1.0,33.0
2026-07-21,https://getdailyvox.com/blog/voice-recorder-diary-app,voice diary app,0.0,1.0,25.0
2026-07-21,https://getdailyvox.com/journal-app-comparison,best free journal app,0.0,1.0,7.0
2026-07-21,https://getdailyvox.com/journal-app-comparison,digital journal apps market,0.0,2.0,81.0
2026-07-21,https://getdailyvox.com/personal-digital-twin,personal digital twin,0.0,3.0,11.333333333333334
2026-07-22,https://getdailyvox.com/,dailyvox,1.0,2.0,1.0
2026-07-22,https://getdailyvox.com/,widevox,0.0,2.0,71.0
2026-07-22,https://getdailyvox.com/about,dailyvox,0.0,1.0,3.0
2026-07-22,https://getdailyvox.com/blog/best-free-journal-app,journaling apps free,0.0,1.0,79.0
2026-07-22,https://getdailyvox.com/blog/best-voice-journal-app,voice journal,0.0,1.0,5.0
2026-07-22,https://getdailyvox.com/blog/best-voice-journal-app,voice journaling app,0.0,1.0,19.0
2026-07-22,https://getdailyvox.com/blog/journal-app-privacy-comparison,is the journal app private,0.0,1.0,11.0
2026-07-22,https://getdailyvox.com/blog/voice-recorder-diary-app,audio journal that transcribes,0.0,1.0,24.0
2026-07-22,https://getdailyvox.com/demo,dailyvox,0.0,2.0,5.5
2026-07-22,https://getdailyvox.com/journal-app-comparison,digital journal apps market,0.0,3.0,83.66666666666667
2026-07-22,https://getdailyvox.com/personal-digital-twin,digital twin of a person,0.0,2.0,30.5
2026-07-22,https://getdailyvox.com/personal-digital-twin,personal digital twin,0.0,1.0,19.0
2026-07-22,https://getdailyvox.com/technology,dailyvox,0.0,2.0,8.5
2026-07-23,https://getdailyvox.com/,dillivox,0.0,2.0,8.0
2026-07-23,https://getdailyvox.com/,zlvox,0.0,1.0,58.0
2026-07-23,https://getdailyvox.com/blog/best-ai-journal-app,ai journaling app,0.0,1.0,49.0
2026-07-23,https://getdailyvox.com/blog/best-free-journal-app,best journaling app,0.0,1.0,75.0
2026-07-23,https://getdailyvox.com/blog/best-free-journal-app,best online journals,0.0,1.0,59.0
2026-07-23,https://getdailyvox.com/blog/best-free-journal-app,cheap version digital journaling apps with cloud sync options in israel,0.0,1.0,8.0
2026-07-23,https://getdailyvox.com/blog/best-voice-journal-app,audio journal app,0.0,1.0,39.0
2026-07-23,https://getdailyvox.com/blog/best-voice-journal-app,best voice journal app,0.0,1.0,14.0
2026-07-23,https://getdailyvox.com/blog/best-voice-journal-app,voice diary,0.0,1.0,37.0
2026-07-23,https://getdailyvox.com/blog/best-voice-journal-app,voice diary app,0.0,2.0,42.5
2026-07-23,https://getdailyvox.com/blog/best-voice-journal-app,voice journaling app,0.0,1.0,44.0
2026-07-23,https://getdailyvox.com/blog/journal-app-privacy-comparison,journey cloud vs premium,0.0,1.0,18.0
2026-07-23,https://getdailyvox.com/blog/voice-recorder-diary-app,audio journal app,0.0,1.0,31.0
2026-07-23,https://getdailyvox.com/blog/voice-recorder-diary-app,voice diary,0.0,2.0,27.0
2026-07-23,https://getdailyvox.com/blog/voice-recorder-diary-app,voice diary app,0.0,2.0,26.0
2026-07-23,https://getdailyvox.com/blog/voice-recorder-diary-app,voice journaling app,0.0,1.0,31.0
2026-07-23,https://getdailyvox.com/journal-app-comparison,digital journal apps market,0.0,2.0,91.0
2026-07-23,https://getdailyvox.com/personal-digital-twin,personal digital twin,0.0,1.0,22.0
2026-07-24,https://getdailyvox.com/blog/best-free-journal-app,best free journal app,0.0,2.0,70.5
2026-07-24,https://getdailyvox.com/blog/best-free-journal-app,best journaling app,0.0,1.0,76.0
2026-07-24,https://getdailyvox.com/blog/best-free-journal-app,cheap version digital journaling apps with cloud sync options in israel,0.0,1.0,8.0
2026-07-24,https://getdailyvox.com/blog/best-free-journal-app,journal freeware,0.0,2.0,45.5
2026-07-24,https://getdailyvox.com/blog/best-voice-journal-app,audio journaling apps,0.0,1.0,45.0
2026-07-24,https://getdailyvox.com/blog/best-voice-journal-app,voice journal app,0.0,1.0,18.0
2026-07-24,https://getdailyvox.com/blog/best-voice-journal-app,voice to text journal app free,0.0,1.0,10.0
2026-07-24,https://getdailyvox.com/blog/journal-app-privacy-comparison,journey cloud vs premium,0.0,1.0,18.0
2026-07-24,https://getdailyvox.com/blog/voice-to-text-journal,voice to text journal,0.0,1.0,10.0
2026-07-24,https://getdailyvox.com/journal-app-comparison,digital journal apps market,0.0,3.0,85.0
2026-07-24,https://getdailyvox.com/personal-digital-twin,personal digital twin,0.0,1.0,20.0
2026-07-24,https://getdailyvox.com/technology,pix2vox,0.0,1.0,50.0
2026-07-25,https://getdailyvox.com/,dailyvox,1.0,1.0,1.0
2026-07-25,https://getdailyvox.com/about,dailyvox,0.0,1.0,3.0
2026-07-25,https://getdailyvox.com/blog/best-ai-journal-app,ai journaling,0.0,2.0,57.0
2026-07-25,https://getdailyvox.com/blog/best-ai-journal-app,ai journaling app,0.0,1.0,20.0
2026-07-25,https://getdailyvox.com/blog/best-ai-journal-app,ai powered journaling app,0.0,1.0,15.0
2026-07-25,https://getdailyvox.com/blog/best-ai-journal-app,journal ai,0.0,1.0,58.0
2026-07-25,https://getdailyvox.com/blog/best-free-journal-app,free journal app,0.0,3.0,53.0
2026-07-25,https://getdailyvox.com/blog/best-free-journal-app,free journal apps,0.0,1.0,42.0
2026-07-25,https://getdailyvox.com/blog/best-journal-app-for-anxiety,anxiety journal app,0.0,1.0,35.0
2026-07-25,https://getdailyvox.com/blog/best-voice-journal-app,audio journal app,0.0,1.0,39.0
2026-07-25,https://getdailyvox.com/blog/best-voice-journal-app,audio journal apps,0.0,1.0,35.0
2026-07-25,https://getdailyvox.com/blog/best-voice-journal-app,purchase automatic speech to text journal,0.0,1.0,7.0
2026-07-25,https://getdailyvox.com/blog/best-voice-journal-app,voice diary,0.0,1.0,39.0
2026-07-25,https://getdailyvox.com/blog/best-voice-journal-app,voice journal,0.0,2.0,35.0
2026-07-25,https://getdailyvox.com/blog/best-voice-journal-app,voice journal app free,0.0,1.0,10.0
2026-07-25,https://getdailyvox.com/blog/journal-app-privacy-comparison,journey cloud vs premium,0.0,1.0,18.0
2026-07-25,https://getdailyvox.com/blog/voice-recorder-diary-app,audio journal app,0.0,1.0,33.0
2026-07-25,https://getdailyvox.com/blog/voice-recorder-diary-app,voice diary,0.0,1.0,29.0
2026-07-25,https://getdailyvox.com/demo,dailyvox,0.0,1.0,7.0
2026-07-25,https://getdailyvox.com/journal-app-comparison,digital journal apps market,0.0,3.0,82.0
2026-07-25,https://getdailyvox.com/personal-digital-twin,personal digital twin,0.0,1.0,20.0
2026-07-25,https://getdailyvox.com/technology,dailyvox,0.0,1.0,8.0
2026-07-26,https://getdailyvox.com/,dailyvox,1.0,1.0,1.0
2026-07-26,https://getdailyvox.com/about,dailyvox,0.0,1.0,3.0
2026-07-26,https://getdailyvox.com/blog/best-ai-journal-app,ai journaling app,0.0,1.0,49.0
2026-07-26,https://getdailyvox.com/blog/best-ai-journal-app,ai powered journaling app,0.0,2.0,46.5
2026-07-26,https://getdailyvox.com/blog/best-ai-journal-app,journal ai,0.0,1.0,42.0
2026-07-26,https://getdailyvox.com/blog/best-free-journal-app,best free journal app,0.0,2.0,70.0
2026-07-26,https://getdailyvox.com/blog/best-free-journal-app,cheap version digital journaling apps with cloud sync options in united states,0.0,1.0,9.0
2026-07-26,https://getdailyvox.com/blog/best-free-journal-app,diary software free,0.0,1.0,48.0
2026-07-26,https://getdailyvox.com/blog/best-free-journal-app,free journal software,0.0,2.0,44.0
2026-07-26,https://getdailyvox.com/blog/best-free-journal-app,free journal writing software,0.0,1.0,50.0
2026-07-26,https://getdailyvox.com/blog/best-free-journal-app,journal for free,0.0,2.0,78.5
2026-07-26,https://getdailyvox.com/blog/best-free-journal-app,journal software free,0.0,2.0,45.5
2026-07-26,https://getdailyvox.com/blog/best-voice-journal-app,best voice journaling apps 2026,0.0,1.0,14.0
2026-07-26,https://getdailyvox.com/blog/best-voice-journal-app,purchase automatic speech to text journal,0.0,1.0,7.0
2026-07-26,https://getdailyvox.com/blog/dailyvox-vs-penzu,is penzu free,0.0,1.0,23.0
2026-07-26,https://getdailyvox.com/blog/journal-app-privacy-comparison,is diarium safe,0.0,2.0,9.0
2026-07-26,https://getdailyvox.com/blog/journal-app-privacy-comparison,journey cloud vs premium,0.0,1.0,19.0
2026-07-26,https://getdailyvox.com/blog/voice-recorder-diary-app,voice journaling app,0.0,1.0,33.0
2026-07-26,https://getdailyvox.com/blog/voice-to-text-journal,voice to text journal,0.0,1.0,18.0
2026-07-26,https://getdailyvox.com/demo,dailyvox,0.0,1.0,5.0
2026-07-26,https://getdailyvox.com/faq,dailyvox,0.0,1.0,9.0
2026-07-26,https://getdailyvox.com/personal-digital-twin,personal digital twin,0.0,1.0,20.0
2026-07-26,https://getdailyvox.com/technology,dailyvox,0.0,1.0,7.0
2026-07-27,https://getdailyvox.com/,dailyvox,0.0,2.0,1.0
2026-07-27,https://getdailyvox.com/,tw vox,0.0,1.0,45.0
2026-07-27,https://getdailyvox.com/,vox daily,0.0,1.0,8.0
2026-07-27,https://getdailyvox.com/about,dailyvox,0.0,2.0,4.5
2026-07-27,https://getdailyvox.com/blog/best-ai-journal-app,journal ai,0.0,1.0,57.0
2026-07-27,https://getdailyvox.com/blog/best-free-journal-app,best free journal app,0.0,1.0,71.0
2026-07-27,https://getdailyvox.com/blog/best-journal-app-for-privacy,private diary apps,0.0,1.0,34.0
2026-07-27,https://getdailyvox.com/blog/best-offline-journal-app,offline journal app,0.0,3.0,12.0
2026-07-27,https://getdailyvox.com/blog/best-voice-journal-app,voice diary app,0.0,1.0,43.0
2026-07-27,https://getdailyvox.com/blog/best-voice-journal-app,voice journaling app,0.0,2.0,50.5
2026-07-27,https://getdailyvox.com/blog/dailyvox-vs-penzu,is penzu free,0.0,1.0,9.0
2026-07-27,https://getdailyvox.com/blog/journal-app-privacy-comparison,journey cloud vs premium,0.0,2.0,26.5
2026-07-27,https://getdailyvox.com/blog/voice-recorder-diary-app,voice diary app,0.0,1.0,25.0
2026-07-27,https://getdailyvox.com/blog/voice-recorder-diary-app,voice journaling app,0.0,4.0,33.5
2026-07-27,https://getdailyvox.com/demo,dailyvox,0.0,2.0,3.5
2026-07-27,https://getdailyvox.com/personal-digital-twin,personal digital twin,0.0,1.0,22.0
2026-07-28,https://getdailyvox.com/,daily vox,0.0,1.0,1.0
2026-07-28,https://getdailyvox.com/,widevox,0.0,1.0,96.0
2026-07-28,https://getdailyvox.com/blog/best-ai-journal-app,ai journal app,0.0,2.0,64.0
2026-07-28,https://getdailyvox.com/blog/best-ai-journal-app,ai journaling app,0.0,1.0,48.0
2026-07-28,https://getdailyvox.com/blog/best-ai-journal-app,best ai journal app,0.0,1.0,83.0
2026-07-28,https://getdailyvox.com/blog/best-ai-journal-app,journal ai,0.0,2.0,59.5
2026-07-28,https://getdailyvox.com/blog/best-free-journal-app,best free diary app,0.0,2.0,70.0
2026-07-28,https://getdailyvox.com/blog/best-free-journal-app,best free journal,0.0,1.0,10.0
2026-07-28,https://getdailyvox.com/blog/best-free-journal-app,best free journal app,0.0,2.0,68.5
2026-07-28,https://getdailyvox.com/blog/best-journal-app-for-privacy,private journal app,0.0,1.0,50.0
2026-07-28,https://getdailyvox.com/blog/best-journal-app-for-privacy,secure journal app,0.0,1.0,50.0
2026-07-28,https://getdailyvox.com/blog/best-voice-journal-app,audio journal app,0.0,3.0,38.333333333333336
2026-07-28,https://getdailyvox.com/blog/best-voice-journal-app,audio journaling app,0.0,1.0,45.0
2026-07-28,https://getdailyvox.com/blog/best-voice-journal-app,best voice journaling apps,0.0,1.0,26.0
2026-07-28,https://getdailyvox.com/blog/best-voice-journal-app,voice diary app,0.0,4.0,40.25
2026-07-28,https://getdailyvox.com/blog/best-voice-journal-app,voice journal,0.0,4.0,50.25
2026-07-28,https://getdailyvox.com/blog/best-voice-journal-app,voice journal app,0.0,1.0,44.0
2026-07-28,https://getdailyvox.com/blog/best-voice-journal-app,voice journaling app,0.0,1.0,51.0
2026-07-28,https://getdailyvox.com/blog/best-voice-journal-app,voice to text diary,0.0,1.0,50.0
2026-07-28,https://getdailyvox.com/blog/dailyvox-vs-penzu,is penzu free,0.0,1.0,9.0
2026-07-28,https://getdailyvox.com/blog/journal-app-privacy-comparison,how secure is apple journal,0.0,3.0,26.666666666666668
2026-07-28,https://getdailyvox.com/blog/journal-app-privacy-comparison,journey cloud vs premium,0.0,2.0,27.0
2026-07-28,https://getdailyvox.com/blog/journal-app-privacy-comparison,secure journal app,0.0,2.0,66.5
2026-07-28,https://getdailyvox.com/blog/voice-recorder-diary-app,audio journal app,0.0,2.0,33.0
2026-07-28,https://getdailyvox.com/blog/voice-recorder-diary-app,audio journaling app,0.0,1.0,33.0
2026-07-28,https://getdailyvox.com/blog/voice-recorder-diary-app,voice diary app,0.0,4.0,23.0
2026-07-28,https://getdailyvox.com/blog/voice-recorder-diary-app,voice journal app,0.0,1.0,33.0
2026-07-28,https://getdailyvox.com/blog/voice-recorder-diary-app,voice journaling app,0.0,1.0,40.0
2026-07-28,https://getdailyvox.com/blog/voice-recorder-diary-app,voice to text diary,0.0,1.0,34.0
2026-07-28,https://getdailyvox.com/personal-digital-twin,digital twin of a person,0.0,1.0,33.0
2026-07-28,https://getdailyvox.com/personal-digital-twin,personal digital twin,0.0,2.0,28.5
2026-07-29,https://getdailyvox.com/,dailyvox,0.0,1.0,1.0
2026-07-29,https://getdailyvox.com/about,dailyvox,0.0,1.0,5.0
2026-07-29,https://getdailyvox.com/blog/best-ai-journal-app,journal ai,0.0,1.0,56.0
2026-07-29,https://getdailyvox.com/blog/best-free-journal-app,best free journal app,0.0,3.0,71.33333333333333
2026-07-29,https://getdailyvox.com/blog/best-free-journal-app,best free online journal,0.0,1.0,66.0
2026-07-29,https://getdailyvox.com/blog/best-free-journal-app,best journaling app,0.0,1.0,65.0
2026-07-29,https://getdailyvox.com/blog/best-journal-app-for-privacy,private journal app,0.0,1.0,51.0
2026-07-29,https://getdailyvox.com/blog/journal-app-privacy-comparison,journey cloud vs premium,0.0,1.0,34.0
2026-07-29,https://getdailyvox.com/demo,dailyvox,0.0,1.0,4.0
2026-07-29,https://getdailyvox.com/faq,dailyvox,0.0,1.0,8.0
2026-07-29,https://getdailyvox.com/technology,ultravox realtime,0.0,1.0,44.0
2026-07-30,https://getdailyvox.com/,the daily wav,0.0,1.0,44.0
2026-07-30,https://getdailyvox.com/blog/best-ai-journal-app,ai assisted journaling app,0.0,5.0,47.8
2026-07-30,https://getdailyvox.com/blog/best-ai-journal-app,ai daily journal,0.0,3.0,38.666666666666664
2026-07-30,https://getdailyvox.com/blog/best-ai-journal-app,ai journal app,0.0,2.0,66.5
2026-07-30,https://getdailyvox.com/blog/best-ai-journal-app,ai journaling app,0.0,3.0,61.666666666666664
2026-07-30,https://getdailyvox.com/blog/best-ai-journal-app,ai powered journaling apps,0.0,1.0,67.0
2026-07-30,https://getdailyvox.com/blog/best-ai-journal-app,best ai journaling apps,0.0,1.0,86.0
2026-07-30,https://getdailyvox.com/blog/best-ai-journal-app,journal ai,0.0,2.0,56.5
2026-07-30,https://getdailyvox.com/blog/best-free-journal-app,app for journaling free,0.0,1.0,87.0
2026-07-30,https://getdailyvox.com/blog/best-free-journal-app,best free diary app,0.0,1.0,72.0
2026-07-30,https://getdailyvox.com/blog/best-free-journal-app,best free journal app,0.0,3.0,72.0
2026-07-30,https://getdailyvox.com/blog/best-free-journal-app,best free journal publication,0.0,1.0,57.0
2026-07-30,https://getdailyvox.com/blog/best-free-journal-app,best journal app free,0.0,1.0,72.0
2026-07-30,https://getdailyvox.com/blog/best-free-journal-app,best journaling app,0.0,2.0,73.5
2026-07-30,https://getdailyvox.com/blog/best-free-journal-app,best journaling apps for free,0.0,1.0,70.0
2026-07-30,https://getdailyvox.com/blog/best-free-journal-app,free digital journal app,0.0,1.0,39.0
2026-07-30,https://getdailyvox.com/blog/best-free-journal-app,free journal app,0.0,1.0,67.0
2026-07-30,https://getdailyvox.com/blog/best-free-journal-app,free journal apps,0.0,1.0,68.0
2026-07-30,https://getdailyvox.com/blog/best-free-journal-app,free journal software,0.0,1.0,62.0
2026-07-30,https://getdailyvox.com/blog/best-free-journal-app,journal free app,0.0,1.0,42.0
2026-07-30,https://getdailyvox.com/blog/best-free-journal-app,journal software free,0.0,1.0,25.0
2026-07-30,https://getdailyvox.com/blog/best-journal-app-for-privacy,best secure journal app,0.0,2.0,65.5
2026-07-30,https://getdailyvox.com/blog/best-journal-app-for-privacy,private journal app,0.0,1.0,49.0
2026-07-30,https://getdailyvox.com/blog/best-voice-journal-app,best audio journal app,0.0,1.0,55.0
2026-07-30,https://getdailyvox.com/blog/best-voice-journal-app,voice diary app,0.0,1.0,47.0
2026-07-30,https://getdailyvox.com/blog/best-voice-journal-app,voice journaling app,0.0,2.0,52.0
2026-07-30,https://getdailyvox.com/blog/best-voice-journal-app,voice to text journal,0.0,1.0,55.0
2026-07-30,https://getdailyvox.com/blog/how-to-journal-for-sleep,journaling before sleep,0.0,1.0,37.0
2026-07-30,https://getdailyvox.com/blog/how-to-journal-for-sleep,journaling for better sleep,0.0,1.0,97.0
2026-07-30,https://getdailyvox.com/blog/how-to-journal-for-sleep,journaling for sleep,0.0,1.0,78.0
2026-07-30,https://getdailyvox.com/blog/journal-app-privacy-comparison,best secure journal app,0.0,1.0,42.0
2026-07-30,https://getdailyvox.com/blog/journal-app-privacy-comparison,journey cloud vs premium,0.0,3.0,24.333333333333332
2026-07-30,https://getdailyvox.com/blog/voice-recorder-diary-app,best audio journal app,0.0,1.0,43.0
2026-07-30,https://getdailyvox.com/blog/voice-recorder-diary-app,voice diary,0.0,1.0,46.0
2026-07-30,https://getdailyvox.com/blog/voice-recorder-diary-app,voice diary app,0.0,1.0,28.0
2026-07-30,https://getdailyvox.com/blog/voice-recorder-diary-app,voice journaling app,0.0,2.0,39.0
2026-07-30,https://getdailyvox.com/blog/voice-recorder-diary-app,voice note diary app,0.0,1.0,19.0
2026-07-30,https://getdailyvox.com/blog/voice-recorder-diary-app,voice to text journal,0.0,1.0,45.0
2026-07-31,https://getdailyvox.com/,daily vo,0.0,1.0,76.0
2026-07-31,https://getdailyvox.com/,dailyvox,1.0,1.0,1.0
2026-07-31,https://getdailyvox.com/,thediegovox,0.0,2.0,37.5
2026-07-31,https://getdailyvox.com/about,dailyvox,0.0,1.0,7.0
2026-07-31,https://getdailyvox.com/blog/best-ai-journal-app,ai journaling,0.0,1.0,46.0
2026-07-31,https://getdailyvox.com/blog/best-ai-journal-app,journal ai,0.0,1.0,44.0
2026-07-31,https://getdailyvox.com/blog/best-ai-journal-app,journal entry maker ai,0.0,1.0,50.0
2026-07-31,https://getdailyvox.com/blog/best-free-journal-app,best free journal app,0.0,3.0,72.0
2026-07-31,https://getdailyvox.com/blog/best-free-journal-app,best free online journal,0.0,1.0,66.0
2026-07-31,https://getdailyvox.com/blog/best-free-journal-app,best online journals,0.0,1.0,64.0
2026-07-31,https://getdailyvox.com/blog/best-free-journal-app,free journal app,0.0,1.0,67.0
2026-07-31,https://getdailyvox.com/blog/best-free-journal-app,free journaling,0.0,1.0,81.0
2026-07-31,https://getdailyvox.com/blog/best-free-journal-app,journal app free,0.0,2.0,49.0
2026-07-31,https://getdailyvox.com/blog/best-free-journal-app,journal freeware,0.0,1.0,43.0
2026-07-31,https://getdailyvox.com/blog/best-free-journal-app,journaling apps free,0.0,1.0,83.0
2026-07-31,https://getdailyvox.com/blog/best-offline-journal-app,offline journal app,0.0,1.0,7.0
2026-07-31,https://getdailyvox.com/blog/best-voice-journal-app,ai voice journal,0.0,1.0,38.0
2026-07-31,https://getdailyvox.com/blog/best-voice-journal-app,ai voice journal app,0.0,1.0,32.0
2026-07-31,https://getdailyvox.com/blog/best-voice-journal-app,audio journaling apps,0.0,2.0,62.5
2026-07-31,https://getdailyvox.com/blog/best-voice-journal-app,best personalized voice experience app with daily delivery,0.0,1.0,6.0
2026-07-31,https://getdailyvox.com/blog/journal-app-privacy-comparison,apple journal app privacy,0.0,1.0,13.0
2026-07-31,https://getdailyvox.com/blog/journal-app-privacy-comparison,journal private,0.0,1.0,59.0
2026-07-31,https://getdailyvox.com/blog/voice-recorder-diary-app,audio journaling apps,0.0,1.0,37.0
2026-07-31,https://getdailyvox.com/demo,dailyvox,0.0,1.0,2.0
2026-07-31,https://getdailyvox.com/personal-digital-twin,personal digital twin,0.0,1.0,27.0
2026-08-01,https://getdailyvox.com/,daily v1,0.0,1.0,3.0
2026-08-01,https://getdailyvox.com/blog/best-ai-journal-app,ai journaling app,0.0,2.0,44.5
2026-08-01,https://getdailyvox.com/blog/best-ai-journal-app,journal ai,0.0,2.0,57.5
2026-08-01,https://getdailyvox.com/blog/best-free-journal-app,best free journal app,0.0,2.0,68.5
2026-08-01,https://getdailyvox.com/blog/best-free-journal-app,best online journals,0.0,1.0,63.0
2026-08-01,https://getdailyvox.com/blog/best-free-journal-app,diary software free,0.0,1.0,55.0
2026-08-01,https://getdailyvox.com/blog/best-free-journal-app,free journal app,0.0,1.0,51.0
2026-08-01,https://getdailyvox.com/blog/best-free-journal-app,free journaling app,0.0,1.0,56.0
2026-08-01,https://getdailyvox.com/blog/best-free-journal-app,free journaling apps,0.0,1.0,56.0
2026-08-01,https://getdailyvox.com/blog/best-free-journal-app,journal for free,0.0,1.0,22.0
2026-08-01,https://getdailyvox.com/blog/best-journal-app-for-privacy,private journal app,0.0,2.0,40.5
2026-08-01,https://getdailyvox.com/blog/best-journal-app-for-privacy,private writing app,0.0,1.0,37.0
2026-08-01,https://getdailyvox.com/blog/best-voice-journal-app,voice journal app,0.0,1.0,35.0
2026-08-01,https://getdailyvox.com/blog/how-to-journal-for-sleep,journaling before bed,0.0,1.0,74.0
2026-08-01,https://getdailyvox.com/blog/journal-app-privacy-comparison,journey cloud vs premium,0.0,2.0,26.5
2026-08-01,https://getdailyvox.com/blog/journal-app-with-ai,ai journaling,0.0,1.0,74.0
2026-08-02,https://getdailyvox.com/,daily v1,0.0,2.0,5.0
2026-08-02,https://getdailyvox.com/,dailyvox,0.0,1.0,1.0
2026-08-02,https://getdailyvox.com/,jewelvox,0.0,1.0,40.0
2026-08-02,https://getdailyvox.com/about,dailyvox,0.0,1.0,6.0
2026-08-02,https://getdailyvox.com/blog/best-ai-journal-app,ai journaling app,0.0,1.0,48.0
2026-08-02,https://getdailyvox.com/blog/best-ai-journal-app,ai powered journaling app,0.0,1.0,42.0
2026-08-02,https://getdailyvox.com/blog/best-ai-journal-app,journal ai,0.0,1.0,51.0
2026-08-02,https://getdailyvox.com/blog/best-free-journal-app,app for journaling free,0.0,1.0,43.0
2026-08-02,https://getdailyvox.com/blog/best-free-journal-app,best free journal app,0.0,4.0,71.5
2026-08-02,https://getdailyvox.com/blog/best-free-journal-app,best online journals,0.0,1.0,61.0
2026-08-02,https://getdailyvox.com/blog/best-journal-app-for-privacy,private journal app,0.0,2.0,49.5
2026-08-02,https://getdailyvox.com/blog/best-journal-app-iphone,apple journal app for iphone,0.0,1.0,53.0
2026-08-02,https://getdailyvox.com/blog/best-journal-app-iphone,best journaling apps iphone,0.0,1.0,35.0
2026-08-02,https://getdailyvox.com/blog/best-journal-app-iphone,iphone journal app,0.0,1.0,23.0
2026-08-02,https://getdailyvox.com/blog/best-voice-journal-app,automated speech to text family journal review,0.0,1.0,91.0
2026-08-02,https://getdailyvox.com/blog/best-voice-journal-app,purchase automatic speech to text journal,0.0,1.0,44.0
2026-08-02,https://getdailyvox.com/blog/how-to-journal-for-sleep,journaling before bed,0.0,2.0,76.0
2026-08-02,https://getdailyvox.com/blog/journal-app-privacy-comparison,is the journal app private,0.0,1.0,10.0
2026-08-02,https://getdailyvox.com/blog/journal-app-privacy-comparison,journal app privacy,0.0,2.0,8.0
2026-08-02,https://getdailyvox.com/blog/journal-app-privacy-comparison,journey cloud vs premium,0.0,1.0,18.0
2026-08-02,https://getdailyvox.com/blog/journal-app-with-ai,ai journal,0.0,1.0,70.0
2026-08-02,https://getdailyvox.com/blog/journal-app-with-ai,ai journaling,0.0,1.0,78.0
2026-08-02,https://getdailyvox.com/blog/journal-app-with-ai,ai journaling app,0.0,2.0,76.5
2026-08-02,https://getdailyvox.com/blog/journal-app-with-ai,ai powered journaling app,0.0,1.0,73.0
2026-08-02,https://getdailyvox.com/blog/journal-app-with-ai,day one journal app ai features,0.0,1.0,37.0
2026-08-02,https://getdailyvox.com/blog/journal-app-with-ai,journal ai,0.0,1.0,81.0
2026-08-02,https://getdailyvox.com/demo,dailyvox,0.0,1.0,8.0
2026-08-02,https://getdailyvox.com/faq,dailyvox,0.0,1.0,12.0
2026-08-03,https://getdailyvox.com/,dillivox,0.0,3.0,8.0
2026-08-03,https://getdailyvox.com/blog/best-ai-journal-app,ai diary app,0.0,1.0,29.0
2026-08-03,https://getdailyvox.com/blog/best-ai-journal-app,ai journal app,0.0,1.0,27.0
2026-08-03,https://getdailyvox.com/blog/best-ai-journal-app,ai journaling app,0.0,1.0,46.0
2026-08-03,https://getdailyvox.com/blog/best-ai-journal-app,best ai journal,0.0,1.0,25.0
2026-08-03,https://getdailyvox.com/blog/best-ai-journal-app,best ai journal app,0.0,2.0,83.5
2026-08-03,https://getdailyvox.com/blog/best-ai-journal-app,best ai journal that writes back,0.0,1.0,30.0
2026-08-03,https://getdailyvox.com/blog/best-ai-journal-app,journal ai,0.0,1.0,46.0
2026-08-03,https://getdailyvox.com/blog/best-free-journal-app,best free journal app,0.0,2.0,72.5
2026-08-03,https://getdailyvox.com/blog/best-free-journal-app,diary software free,0.0,1.0,55.0
2026-08-03,https://getdailyvox.com/blog/best-free-journal-app,digital journaling free,0.0,1.0,61.0
2026-08-03,https://getdailyvox.com/blog/best-journal-app-iphone,best diary app iphone,0.0,2.0,56.5
2026-08-03,https://getdailyvox.com/blog/best-journal-app-iphone,best journal app ios,0.0,3.0,48.666666666666664
2026-08-03,https://getdailyvox.com/blog/best-journal-app-iphone,iphone journal app,0.0,3.0,23.333333333333332
2026-08-03,https://getdailyvox.com/blog/best-journal-app-iphone,journal apps for iphone,0.0,3.0,34.666666666666664
2026-08-03,https://getdailyvox.com/blog/best-journal-app-iphone,journaling apps for ios,0.0,3.0,38.0
2026-08-03,https://getdailyvox.com/blog/best-journal-app-iphone,journaling apps for iphone,0.0,2.0,40.5
2026-08-03,https://getdailyvox.com/blog/best-voice-journal-app,audio journal app,0.0,1.0,39.0
2026-08-03,https://getdailyvox.com/blog/best-voice-journal-app,voice journal app,0.0,1.0,46.0
2026-08-03,https://getdailyvox.com/blog/best-voice-journal-app,voice journaling,0.0,1.0,46.0
2026-08-03,https://getdailyvox.com/blog/best-voice-journal-app,voice journaling app,0.0,1.0,50.0
2026-08-03,https://getdailyvox.com/blog/best-voice-journal-app,voice to text journal app free,0.0,1.0,8.0
2026-08-03,https://getdailyvox.com/blog/free-mood-tracker-app,app for tracking mood,0.0,1.0,31.0
2026-08-03,https://getdailyvox.com/blog/free-mood-tracker-app,mood tracking app,0.0,1.0,22.0
2026-08-03,https://getdailyvox.com/blog/how-to-journal-for-sleep,sleep journaling,0.0,1.0,80.0
2026-08-03,https://getdailyvox.com/blog/journal-app-with-ai,journal ai,0.0,1.0,83.0
2026-08-03,https://getdailyvox.com/blog/voice-recorder-diary-app,voice diary app,0.0,1.0,27.0
2026-08-03,https://getdailyvox.com/blog/voice-recorder-diary-app,voice journal app,0.0,1.0,35.0
2026-08-03,https://getdailyvox.com/blog/voice-recorder-diary-app,voice journaling app,0.0,1.0,40.0
2026-08-03,https://getdailyvox.com/personal-digital-twin,personal digital twin,0.0,1.0,26.0
2026-08-04,https://getdailyvox.com/,daily v1,0.0,1.0,11.0
2026-08-04,https://getdailyvox.com/,daily vox,0.0,1.0,1.0
2026-08-04,https://getdailyvox.com/blog/best-ai-journal-app,ai daily journal,0.0,1.0,35.0
2026-08-04,https://getdailyvox.com/blog/best-ai-journal-app,ai journal app,0.0,2.0,60.5
2026-08-04,https://getdailyvox.com/blog/best-ai-journal-app,ai journaling app,0.0,2.0,40.5
2026-08-04,https://getdailyvox.com/blog/best-ai-journal-app,ai powered journal app,0.0,1.0,43.0
2026-08-04,https://getdailyvox.com/blog/best-ai-journal-app,best ai journal app,0.0,1.0,86.0
2026-08-04,https://getdailyvox.com/blog/best-ai-journal-app,journal ai,0.0,2.0,52.5
2026-08-04,https://getdailyvox.com/blog/best-free-journal-app,best free journal app,0.0,2.0,66.0
2026-08-04,https://getdailyvox.com/blog/best-free-journal-app,best journal app,0.0,1.0,75.0
2026-08-04,https://getdailyvox.com/blog/best-free-journal-app,best journal apps,0.0,1.0,73.0
2026-08-04,https://getdailyvox.com/blog/best-free-journal-app,best journaling app,0.0,3.0,78.66666666666667
2026-08-04,https://getdailyvox.com/blog/best-free-journal-app,free daily journal app,0.0,3.0,36.666666666666664
2026-08-04,https://getdailyvox.com/blog/best-free-journal-app,free journal software,0.0,1.0,29.0
2026-08-04,https://getdailyvox.com/blog/best-journal-app-for-couples,couple journal app,0.0,2.0,10.5
2026-08-04,https://getdailyvox.com/blog/best-journal-app-for-privacy,secure journal app,0.0,1.0,56.0
2026-08-04,https://getdailyvox.com/blog/best-journal-app-for-students,free online journal for students,0.0,1.0,47.0
2026-08-04,https://getdailyvox.com/blog/best-journal-app-iphone,best diary app iphone,0.0,3.0,62.333333333333336
2026-08-04,https://getdailyvox.com/blog/best-journal-app-iphone,best journal app ios,0.0,3.0,49.333333333333336
2026-08-04,https://getdailyvox.com/blog/best-journal-app-iphone,iphone journal app,0.0,1.0,22.0
2026-08-04,https://getdailyvox.com/blog/best-journal-app-iphone,journal app for iphone,0.0,2.0,40.0
2026-08-04,https://getdailyvox.com/blog/best-journal-app-iphone,journal apps for iphone,0.0,1.0,39.0
2026-08-04,https://getdailyvox.com/blog/best-journal-app-iphone,journaling apps for ios,0.0,2.0,38.5
2026-08-04,https://getdailyvox.com/blog/best-offline-journal-app,offline journal app,0.0,1.0,9.0
2026-08-04,https://getdailyvox.com/blog/best-voice-journal-app,audio journal app,0.0,1.0,37.0
2026-08-04,https://getdailyvox.com/blog/best-voice-journal-app,voice journaling,0.0,1.0,33.0
2026-08-04,https://getdailyvox.com/blog/dailyvox-vs-journey,journey cloud vs premium,0.0,3.0,17.0
2026-08-04,https://getdailyvox.com/blog/free-mood-tracker-app,app to track mood,0.0,1.0,26.0
2026-08-04,https://getdailyvox.com/blog/free-mood-tracker-app,mood tracker app market,0.0,1.0,23.0
2026-08-04,https://getdailyvox.com/blog/journal-app-with-ai,ai daily journal,0.0,1.0,70.0
2026-08-04,https://getdailyvox.com/blog/journal-app-with-ai,ai journal app,0.0,1.0,69.0
2026-08-04,https://getdailyvox.com/blog/journal-app-with-ai,ai powered journal app,0.0,1.0,71.0
2026-08-04,https://getdailyvox.com/blog/journal-app-with-ai,journal ai,0.0,2.0,82.0
2026-08-04,https://getdailyvox.com/blog/voice-recorder-diary-app,audio journal app,0.0,1.0,30.0
2026-08-04,https://getdailyvox.com/blog/voice-recorder-diary-app,audio journaling app,0.0,1.0,49.0
2026-08-04,https://getdailyvox.com/blog/voice-recorder-diary-app,voice diary app,0.0,1.0,42.0
2026-08-04,https://getdailyvox.com/personal-digital-twin,digital twin of a person,0.0,1.0,34.0
2026-08-04,https://getdailyvox.com/personal-digital-twin,personal digital twin,0.0,1.0,34.0
2026-08-05,https://getdailyvox.com/,@dailyv1,0.0,2.0,9.0
2026-08-05,https://getdailyvox.com/,dailyvox,0.0,1.0,1.0
2026-08-05,https://getdailyvox.com/about,dailyvox,0.0,1.0,3.0
2026-08-05,https://getdailyvox.com/blog/best-ai-journal-app,ai journal app,0.0,1.0,68.0
2026-08-05,https://getdailyvox.com/blog/best-ai-journal-app,ai journaling,0.0,1.0,36.0
2026-08-05,https://getdailyvox.com/blog/best-ai-journal-app,ai journaling app,0.0,3.0,61.666666666666664
2026-08-05,https://getdailyvox.com/blog/best-ai-journal-app,ai journaling apps,0.0,1.0,64.0
2026-08-05,https://getdailyvox.com/blog/best-ai-journal-app,best ai journal app,0.0,3.0,84.66666666666667
2026-08-05,https://getdailyvox.com/blog/best-ai-journal-app,journal ai,0.0,1.0,52.0
2026-08-05,https://getdailyvox.com/blog/best-free-journal-app,best app for journaling,0.0,1.0,77.0
2026-08-05,https://getdailyvox.com/blog/best-free-journal-app,best free journal app,0.0,2.0,66.0
2026-08-05,https://getdailyvox.com/blog/best-free-journal-app,best journal app,0.0,2.0,77.5
2026-08-05,https://getdailyvox.com/blog/best-free-journal-app,best journaling app,0.0,3.0,81.0
2026-08-05,https://getdailyvox.com/blog/best-free-journal-app,daily journal app,0.0,2.0,36.5
2026-08-05,https://getdailyvox.com/blog/best-free-journal-app,free journaling app,0.0,1.0,31.0
2026-08-05,https://getdailyvox.com/blog/best-free-journal-app,journaling app,0.0,2.0,37.5
2026-08-05,https://getdailyvox.com/blog/best-journal-app-for-couples,diary app that can be shared,0.0,1.0,8.0
2026-08-05,https://getdailyvox.com/blog/best-journal-app-for-couples,journal app for couples,0.0,1.0,20.0
2026-08-05,https://getdailyvox.com/blog/best-journal-app-for-couples,shared journal apps,0.0,1.0,33.0
2026-08-05,https://getdailyvox.com/blog/best-journal-app-for-therapists,patient journal app,0.0,1.0,57.0
2026-08-05,https://getdailyvox.com/blog/best-journal-app-for-travelers,travel note app,0.0,1.0,46.0
2026-08-05,https://getdailyvox.com/blog/best-journal-app-iphone,best diary app iphone,0.0,2.0,53.5
2026-08-05,https://getdailyvox.com/blog/best-journal-app-iphone,best journal app ios,0.0,1.0,47.0
2026-08-05,https://getdailyvox.com/blog/best-journal-app-iphone,iphone journal app,0.0,2.0,23.0
2026-08-05,https://getdailyvox.com/blog/best-journal-app-iphone,journal apps for iphone,0.0,2.0,36.0
2026-08-05,https://getdailyvox.com/blog/best-journal-app-iphone,journaling apps for ios,0.0,1.0,38.0
2026-08-05,https://getdailyvox.com/blog/best-journal-app-iphone,journaling apps for iphone,0.0,3.0,41.333333333333336
2026-08-05,https://getdailyvox.com/blog/best-offline-journal-app,offline journal app,0.0,1.0,6.0
2026-08-05,https://getdailyvox.com/blog/best-voice-journal-app,ai voice journal,0.0,1.0,34.0
2026-08-05,https://getdailyvox.com/blog/best-voice-journal-app,audio journal app,0.0,3.0,39.333333333333336
2026-08-05,https://getdailyvox.com/blog/best-voice-journal-app,voice diary app,0.0,2.0,51.5
2026-08-05,https://getdailyvox.com/blog/best-voice-journal-app,voice journal,0.0,1.0,39.0
2026-08-05,https://getdailyvox.com/blog/best-voice-journal-app,voice journaling app,0.0,3.0,46.666666666666664
2026-08-05,https://getdailyvox.com/blog/best-voice-journal-app,voice note journal app,0.0,2.0,59.0
2026-08-05,https://getdailyvox.com/blog/best-voice-journal-app,voice to text journal app,0.0,1.0,43.0
2026-08-05,https://getdailyvox.com/blog/dailyvox-vs-calmplot,calmplot,0.0,1.0,10.0
2026-08-05,https://getdailyvox.com/blog/dailyvox-vs-journey,journey cloud vs premium,0.0,1.0,28.0
2026-08-05,https://getdailyvox.com/blog/dailyvox-vs-penzu,is penzu free,0.0,2.0,9.0
2026-08-05,https://getdailyvox.com/blog/free-mood-tracker-app,best free mood tracker app,0.0,1.0,9.0
2026-08-05,https://getdailyvox.com/blog/free-mood-tracker-app,mood tracker app,0.0,3.0,17.0
2026-08-05,https://getdailyvox.com/blog/free-mood-tracker-app,mood tracking app,0.0,1.0,21.0
2026-08-05,https://getdailyvox.com/blog/journal-app-privacy-comparison,is apple journal secure,0.0,1.0,34.0
2026-08-05,https://getdailyvox.com/blog/journal-app-with-ai,ai journal,0.0,2.0,95.0
2026-08-05,https://getdailyvox.com/blog/journal-app-with-ai,ai journaling,0.0,1.0,79.0
2026-08-05,https://getdailyvox.com/blog/journal-app-with-ai,journal ai,0.0,1.0,80.0
2026-08-05,https://getdailyvox.com/blog/voice-recorder-diary-app,audio journal app,0.0,1.0,37.0
2026-08-05,https://getdailyvox.com/blog/voice-recorder-diary-app,voice diary app,0.0,2.0,27.5
2026-08-05,https://getdailyvox.com/blog/voice-recorder-diary-app,voice journaling app,0.0,2.0,34.5
2026-08-05,https://getdailyvox.com/blog/voice-recorder-diary-app,voice note journal app,0.0,2.0,36.0
2026-08-05,https://getdailyvox.com/blog/voice-recorder-diary-app,voice to text journal app,0.0,2.0,29.5
2026-08-05,https://getdailyvox.com/for-students,dailyvox,0.0,1.0,4.0
2026-08-05,https://getdailyvox.com/personal-digital-twin,digital twin of a person,0.0,1.0,34.0
2026-08-05,https://getdailyvox.com/personal-digital-twin,personal digital twin,0.0,1.0,11.0
2026-08-05,https://getdailyvox.com/privacy,dailyvox,0.0,1.0,5.0
2026-08-06,https://getdailyvox.com/,dailyvox,1.0,3.0,1.0
2026-08-06,https://getdailyvox.com/,dillivox,0.0,1.0,8.0
2026-08-06,https://getdailyvox.com/about,dailyvox,0.0,3.0,5.333333333333333
2026-08-06,https://getdailyvox.com/blog/best-ai-journal-app,ai diary app,0.0,2.0,29.5
2026-08-06,https://getdailyvox.com/blog/best-ai-journal-app,ai journal app,0.0,1.0,71.0
2026-08-06,https://getdailyvox.com/blog/best-ai-journal-app,ai journaling app,0.0,1.0,45.0
2026-08-06,https://getdailyvox.com/blog/best-ai-journal-app,best ai journal app,0.0,1.0,84.0
2026-08-06,https://getdailyvox.com/blog/best-ai-journal-app,journal ai,0.0,2.0,53.0
2026-08-06,https://getdailyvox.com/blog/best-free-journal-app,apps for journaling,0.0,1.0,56.0
2026-08-06,https://getdailyvox.com/blog/best-free-journal-app,best app for journaling,0.0,2.0,72.5
2026-08-06,https://getdailyvox.com/blog/best-free-journal-app,best daily journal app,0.0,1.0,72.0
2026-08-06,https://getdailyvox.com/blog/best-free-journal-app,best free journal app,0.0,2.0,66.5
2026-08-06,https://getdailyvox.com/blog/best-free-journal-app,best free journaling apps,0.0,1.0,69.0
2026-08-06,https://getdailyvox.com/blog/best-free-journal-app,best journal apps,0.0,1.0,69.0
2026-08-06,https://getdailyvox.com/blog/best-free-journal-app,best journaling app,0.0,3.0,82.0
2026-08-06,https://getdailyvox.com/blog/best-free-journal-app,free journaling apps,0.0,2.0,47.5
2026-08-06,https://getdailyvox.com/blog/best-free-journal-app,journal app free,0.0,1.0,28.0
2026-08-06,https://getdailyvox.com/blog/best-free-journal-app,journaling app,0.0,1.0,34.0
2026-08-06,https://getdailyvox.com/blog/best-free-journal-app,what is the best free online journal?,0.0,2.0,33.0
2026-08-06,https://getdailyvox.com/blog/best-journal-app-for-couples,shared journal,0.0,3.0,45.666666666666664
2026-08-06,https://getdailyvox.com/blog/best-journal-app-for-privacy,private journal app,0.0,2.0,50.5
2026-08-06,https://getdailyvox.com/blog/best-journal-app-for-travelers,best app for travel journal,0.0,2.0,21.0
2026-08-06,https://getdailyvox.com/blog/best-journal-app-iphone,best diary app iphone,0.0,3.0,53.0
2026-08-06,https://getdailyvox.com/blog/best-journal-app-iphone,best journal app ios,0.0,1.0,46.0
2026-08-06,https://getdailyvox.com/blog/best-journal-app-iphone,diary app iphone,0.0,1.0,43.0
2026-08-06,https://getdailyvox.com/blog/best-journal-app-iphone,iphone journal app,0.0,1.0,23.0
2026-08-06,https://getdailyvox.com/blog/best-journal-app-iphone,journal apps for iphone,0.0,2.0,36.0
2026-08-06,https://getdailyvox.com/blog/best-journal-app-iphone,journaling app iphone,0.0,1.0,41.0
2026-08-06,https://getdailyvox.com/blog/best-journal-app-iphone,journaling apps for ios,0.0,2.0,36.5
2026-08-06,https://getdailyvox.com/blog/best-journal-app-iphone,journaling apps for iphone,0.0,1.0,42.0
2026-08-06,https://getdailyvox.com/blog/best-journal-app-iphone,journaling ios,0.0,1.0,35.0
2026-08-06,https://getdailyvox.com/blog/best-offline-journal-app,offline journal app,0.0,3.0,6.666666666666667
2026-08-06,https://getdailyvox.com/blog/best-voice-journal-app,voice diary,0.0,1.0,48.0
2026-08-06,https://getdailyvox.com/blog/best-voice-journal-app,voice diary app,0.0,1.0,51.0
2026-08-06,https://getdailyvox.com/blog/best-voice-journal-app,voice journal,0.0,1.0,26.0
2026-08-06,https://getdailyvox.com/blog/best-voice-journal-app,voice journal app free,0.0,1.0,11.0
2026-08-06,https://getdailyvox.com/blog/best-voice-journal-app,voice journaling,0.0,1.0,39.0
2026-08-06,https://getdailyvox.com/blog/best-voice-journal-app,voice journaling app,0.0,2.0,51.5
2026-08-06,https://getdailyvox.com/blog/best-voice-journal-app,voice to text journal,0.0,1.0,54.0
2026-08-06,https://getdailyvox.com/blog/dailyvox-vs-journey,dailyvox,0.0,2.0,5.5
2026-08-06,https://getdailyvox.com/blog/dailyvox-vs-journey,journey cloud vs premium,0.0,1.0,28.0
2026-08-06,https://getdailyvox.com/blog/free-mood-tracker-app,best free mood tracker,0.0,1.0,11.0
2026-08-06,https://getdailyvox.com/blog/free-mood-tracker-app,best free mood tracker app,0.0,3.0,9.0
2026-08-06,https://getdailyvox.com/blog/free-mood-tracker-app,mood tracker app,0.0,4.0,26.0
2026-08-06,https://getdailyvox.com/blog/free-mood-tracker-app,mood tracker app market,0.0,1.0,21.0
2026-08-06,https://getdailyvox.com/blog/free-mood-tracker-app,mood tracking app,0.0,1.0,21.0
2026-08-06,https://getdailyvox.com/blog/how-to-journal-for-sleep,benefits of journaling before bed,0.0,1.0,91.0
2026-08-06,https://getdailyvox.com/blog/journal-app-privacy-comparison,is the journal app private,0.0,1.0,11.0
2026-08-06,https://getdailyvox.com/blog/journal-app-with-ai,journal ai,0.0,2.0,81.5
2026-08-06,https://getdailyvox.com/blog/voice-recorder-diary-app,voice diary,0.0,2.0,33.5
2026-08-06,https://getdailyvox.com/blog/voice-recorder-diary-app,voice diary app,0.0,1.0,30.0
2026-08-06,https://getdailyvox.com/blog/voice-recorder-diary-app,voice journaling app,0.0,2.0,40.5
2026-08-06,https://getdailyvox.com/blog/voice-recorder-diary-app,voice to text journal,0.0,1.0,44.0
2026-08-06,https://getdailyvox.com/faq,dailyvox,0.0,3.0,6.666666666666667
2026-08-06,https://getdailyvox.com/for-students,dailyvox,1.0,2.0,3.5
2026-08-06,https://getdailyvox.com/technology,ultravox model,0.0,1.0,50.0
2026-08-07,https://getdailyvox.com/,daily vox,0.0,1.0,4.0
2026-08-07,https://getdailyvox.com/,dailyvox,1.0,2.0,1.0
2026-08-07,https://getdailyvox.com/,dillivox,0.0,2.0,10.0
2026-08-07,https://getdailyvox.com/about,dailyvox,0.0,1.0,4.0
2026-08-07,https://getdailyvox.com/blog/best-ai-journal-app,ai assisted journaling app,0.0,1.0,44.0
2026-08-07,https://getdailyvox.com/blog/best-ai-journal-app,ai journal app,0.0,1.0,68.0
2026-08-07,https://getdailyvox.com/blog/best-ai-journal-app,ai journaling app,0.0,1.0,35.0
2026-08-07,https://getdailyvox.com/blog/best-ai-journal-app,ai powered journaling apps,0.0,1.0,22.0
2026-08-07,https://getdailyvox.com/blog/best-ai-journal-app,best ai journal app,0.0,1.0,80.0
2026-08-07,https://getdailyvox.com/blog/best-ai-journal-app,best ai journaling apps,0.0,1.0,90.0
2026-08-07,https://getdailyvox.com/blog/best-free-journal-app,best daily journal app,0.0,1.0,71.0
2026-08-07,https://getdailyvox.com/blog/best-free-journal-app,best free journal app,0.0,2.0,71.0
2026-08-07,https://getdailyvox.com/blog/best-free-journal-app,best journal apps,0.0,1.0,72.0
2026-08-07,https://getdailyvox.com/blog/best-free-journal-app,best journaling app,0.0,4.0,81.25
2026-08-07,https://getdailyvox.com/blog/best-free-journal-app,best journaling apps for free,0.0,1.0,98.0
2026-08-07,https://getdailyvox.com/blog/best-free-journal-app,daily journal app,0.0,1.0,35.0
2026-08-07,https://getdailyvox.com/blog/best-free-journal-app,journal freeware,0.0,1.0,29.0
2026-08-07,https://getdailyvox.com/blog/best-journal-app-for-therapists,therapy journal app,0.0,1.0,54.0
2026-08-07,https://getdailyvox.com/blog/best-journal-app-for-travelers,app for travel journal,0.0,1.0,43.0
2026-08-07,https://getdailyvox.com/blog/best-journal-app-for-travelers,app travel diary,0.0,1.0,51.0
2026-08-07,https://getdailyvox.com/blog/best-journal-app-for-travelers,app travel journal,0.0,1.0,44.0
2026-08-07,https://getdailyvox.com/blog/best-journal-app-for-travelers,best travel journal app,0.0,1.0,64.0
2026-08-07,https://getdailyvox.com/blog/best-journal-app-for-travelers,best trip journal app,0.0,1.0,75.0
2026-08-07,https://getdailyvox.com/blog/best-journal-app-for-travelers,travel diary app,0.0,1.0,53.0
2026-08-07,https://getdailyvox.com/blog/best-journal-app-for-travelers,travel diary apps,0.0,1.0,50.0
2026-08-07,https://getdailyvox.com/blog/best-journal-app-for-travelers,travel journal app,0.0,1.0,46.0
2026-08-07,https://getdailyvox.com/blog/best-journal-app-for-travelers,travel journal apps,0.0,5.0,34.4
2026-08-07,https://getdailyvox.com/blog/best-journal-app-for-travelers,travel journaling app,0.0,1.0,44.0
2026-08-07,https://getdailyvox.com/blog/best-journal-app-for-travelers,travel note app,0.0,1.0,44.0
2026-08-07,https://getdailyvox.com/blog/best-journal-app-for-travelers,trip journal app,0.0,1.0,46.0
2026-08-07,https://getdailyvox.com/blog/best-journal-app-for-travelers,trip journal apps,0.0,1.0,43.0
2026-08-07,https://getdailyvox.com/blog/best-journal-app-for-travelers,vacation journal app,0.0,1.0,43.0
2026-08-07,https://getdailyvox.com/blog/best-journal-app-iphone,apple iphone journal app,0.0,1.0,33.0
2026-08-07,https://getdailyvox.com/blog/best-journal-app-iphone,best diary app for iphone,0.0,3.0,59.666666666666664
2026-08-07,https://getdailyvox.com/blog/best-journal-app-iphone,best diary app iphone,0.0,1.0,51.0
2026-08-07,https://getdailyvox.com/blog/best-journal-app-iphone,best iphone journal app,0.0,1.0,46.0
2026-08-07,https://getdailyvox.com/blog/best-journal-app-iphone,best journal app ios,0.0,4.0,47.0
2026-08-07,https://getdailyvox.com/blog/best-journal-app-iphone,iphone journal app,0.0,1.0,22.0
2026-08-07,https://getdailyvox.com/blog/best-journal-app-iphone,journal apps for iphone,0.0,1.0,36.0
2026-08-07,https://getdailyvox.com/blog/best-journal-app-iphone,journaling apps for ios,0.0,2.0,37.5
2026-08-07,https://getdailyvox.com/blog/best-journal-app-iphone,journaling apps for iphone,0.0,3.0,38.0
2026-08-07,https://getdailyvox.com/blog/best-offline-journal-app,offline journal app,0.0,2.0,6.0
2026-08-07,https://getdailyvox.com/blog/best-voice-journal-app,best voice journal app,0.0,2.0,45.5
2026-08-07,https://getdailyvox.com/blog/best-voice-journal-app,voice journal app,0.0,2.0,42.0
2026-08-07,https://getdailyvox.com/blog/best-voice-journal-app,voice-first journaling,0.0,1.0,32.0
2026-08-07,https://getdailyvox.com/blog/dailyvox-vs-calmplot,calmplot,0.0,2.0,10.0
2026-08-07,https://getdailyvox.com/blog/dailyvox-vs-journey,journey cloud vs premium,0.0,3.0,30.0
2026-08-07,https://getdailyvox.com/blog/free-mood-tracker-app,app for tracking mood,0.0,1.0,30.0
2026-08-07,https://getdailyvox.com/blog/free-mood-tracker-app,best mood tracker app,0.0,1.0,49.0
2026-08-07,https://getdailyvox.com/blog/free-mood-tracker-app,free mood tracker app,0.0,1.0,23.0
2026-08-07,https://getdailyvox.com/blog/free-mood-tracker-app,mood tracker app,0.0,2.0,20.0
2026-08-07,https://getdailyvox.com/blog/free-mood-tracker-app,mood tracker app free,0.0,1.0,23.0
2026-08-07,https://getdailyvox.com/blog/free-mood-tracker-app,mood tracker app market,0.0,1.0,69.0
2026-08-07,https://getdailyvox.com/blog/free-mood-tracker-app,mood tracker free,0.0,2.0,30.0
2026-08-07,https://getdailyvox.com/blog/journal-app-privacy-comparison,is the journal app private,0.0,1.0,11.0
2026-08-07,https://getdailyvox.com/blog/journal-app-privacy-comparison,journal app privacy,0.0,1.0,8.0
2026-08-07,https://getdailyvox.com/blog/journal-app-with-ai,ai journaling app,0.0,1.0,80.0
2026-08-07,https://getdailyvox.com/blog/journal-app-with-ai,journal ai,0.0,1.0,69.0
2026-08-07,https://getdailyvox.com/blog/voice-recorder-diary-app,audio journaling apps,0.0,1.0,37.0
2026-08-07,https://getdailyvox.com/blog/voice-recorder-diary-app,best voice journal app,0.0,1.0,27.0
2026-08-07,https://getdailyvox.com/blog/voice-recorder-diary-app,voice journal app,0.0,2.0,31.5
2026-08-07,https://getdailyvox.com/demo,dailyvox,0.0,1.0,8.0
2026-08-07,https://getdailyvox.com/faq,dailyvox,0.0,2.0,5.5
2026-08-07,https://getdailyvox.com/technology,dailyvox,0.0,1.0,10.0
2026-08-08,https://getdailyvox.com/blog/ai-mood-prediction-vs-tracking,ai mood app,0.0,1.0,7.0
2026-08-08,https://getdailyvox.com/blog/best-ai-journal-app,ai journaling,0.0,1.0,43.0
2026-08-08,https://getdailyvox.com/blog/best-ai-journal-app,journal ai,0.0,1.0,49.0
2026-08-08,https://getdailyvox.com/blog/best-diary-app-ipad,ipad diary app,0.0,1.0,22.0
2026-08-08,https://getdailyvox.com/blog/best-free-journal-app,best daily journal app,0.0,2.0,71.5
2026-08-08,https://getdailyvox.com/blog/best-free-journal-app,best free journal app,0.0,3.0,69.66666666666667
2026-08-08,https://getdailyvox.com/blog/best-free-journal-app,best journaling app,0.0,4.0,83.5
2026-08-08,https://getdailyvox.com/blog/best-free-journal-app,best online journals,0.0,1.0,59.0
2026-08-08,https://getdailyvox.com/blog/best-free-journal-app,daily journal app,0.0,1.0,28.0
2026-08-08,https://getdailyvox.com/blog/best-free-journal-app,journal for free,0.0,1.0,39.0
2026-08-08,https://getdailyvox.com/blog/best-journal-app-for-privacy,private journal app,0.0,4.0,46.0
2026-08-08,https://getdailyvox.com/blog/best-journal-app-iphone,best diary app iphone,0.0,2.0,52.5
2026-08-08,https://getdailyvox.com/blog/best-journal-app-iphone,iphone journal app,0.0,1.0,20.0
2026-08-08,https://getdailyvox.com/blog/best-journal-app-iphone,journal app ios,0.0,2.0,28.5
2026-08-08,https://getdailyvox.com/blog/best-journal-app-iphone,journal apps for iphone,0.0,2.0,39.5
2026-08-08,https://getdailyvox.com/blog/best-journal-app-iphone,journaling apps for ios,0.0,2.0,37.0
2026-08-08,https://getdailyvox.com/blog/best-journal-app-iphone,journaling apps for iphone,0.0,1.0,44.0
2026-08-08,https://getdailyvox.com/blog/best-offline-journal-app,offline journal app,0.0,1.0,9.0
2026-08-08,https://getdailyvox.com/blog/best-voice-journal-app,voice diary app,0.0,4.0,45.0
2026-08-08,https://getdailyvox.com/blog/best-voice-journal-app,voice journal app,0.0,5.0,42.0
2026-08-08,https://getdailyvox.com/blog/best-voice-journal-app,voice journaling,0.0,1.0,39.0
2026-08-08,https://getdailyvox.com/blog/dailyvox-vs-journey,journey cloud vs premium,0.0,2.0,31.5
2026-08-08,https://getdailyvox.com/blog/free-mood-tracker-app,mood tracker app,0.0,6.0,19.166666666666668
2026-08-08,https://getdailyvox.com/blog/journal-app-privacy-comparison,is apple journal private,0.0,1.0,11.0
2026-08-08,https://getdailyvox.com/blog/journal-app-with-ai,ai journal,0.0,2.0,90.0
2026-08-08,https://getdailyvox.com/blog/journal-app-with-ai,ai journaling,0.0,2.0,72.0
2026-08-08,https://getdailyvox.com/blog/journal-app-with-ai,ai journaling app,0.0,1.0,78.0
2026-08-08,https://getdailyvox.com/blog/journal-app-with-ai,journal ai,0.0,1.0,82.0
2026-08-08,https://getdailyvox.com/blog/voice-recorder-diary-app,voice diary app,0.0,5.0,27.8
2026-08-08,https://getdailyvox.com/blog/voice-recorder-diary-app,voice journal app,0.0,6.0,41.666666666666664
2026-08-08,https://getdailyvox.com/blog/voice-recorder-diary-app,voice journaling app,0.0,2.0,30.0
2026-08-09,https://getdailyvox.com/,daily wav,0.0,1.0,43.0
2026-08-09,https://getdailyvox.com/,dailyvox,1.0,4.0,1.0
2026-08-09,https://getdailyvox.com/about,dailyvox,1.0,4.0,3.5
2026-08-09,https://getdailyvox.com/blog/best-ai-journal-app,ai powered journaling app,0.0,1.0,68.0
2026-08-09,https://getdailyvox.com/blog/best-ai-journal-app,best ai journal app,0.0,1.0,84.0
2026-08-09,https://getdailyvox.com/blog/best-ai-journal-app,journal ai,0.0,2.0,48.5
2026-08-09,https://getdailyvox.com/blog/best-diary-app-ipad,journaling app ipad,0.0,1.0,49.0
2026-08-09,https://getdailyvox.com/blog/best-free-journal-app,best daily journal app,0.0,1.0,69.0
2026-08-09,https://getdailyvox.com/blog/best-free-journal-app,best free journal app,0.0,1.0,68.0
2026-08-09,https://getdailyvox.com/blog/best-free-journal-app,best free online journal app,0.0,1.0,21.0
2026-08-09,https://getdailyvox.com/blog/best-free-journal-app,best journal app,0.0,1.0,79.0
2026-08-09,https://getdailyvox.com/blog/best-free-journal-app,best journaling app,0.0,3.0,85.0
2026-08-09,https://getdailyvox.com/blog/best-free-journal-app,best journaling apps,0.0,1.0,80.0
2026-08-09,https://getdailyvox.com/blog/best-free-journal-app,best online journals,0.0,2.0,60.0
2026-08-09,https://getdailyvox.com/blog/best-free-journal-app,daily journal app,0.0,3.0,35.0
2026-08-09,https://getdailyvox.com/blog/best-free-journal-app,journal free app,0.0,1.0,27.0
2026-08-09,https://getdailyvox.com/blog/best-free-journal-app,journaling free app,0.0,1.0,29.0
2026-08-09,https://getdailyvox.com/blog/best-journal-app-for-anxiety,journaling apps for anxiety and depression,0.0,1.0,76.0
2026-08-09,https://getdailyvox.com/blog/best-journal-app-for-couples,shared journal,0.0,1.0,42.0
2026-08-09,https://getdailyvox.com/blog/best-journal-app-for-privacy,private journal app,0.0,1.0,45.0
2026-08-09,https://getdailyvox.com/blog/best-journal-app-for-travelers,apps that turn the places you visit into emotional memories,0.0,1.0,7.0
2026-08-09,https://getdailyvox.com/blog/best-journal-app-for-travelers,best travel journal app,0.0,3.0,52.333333333333336
2026-08-09,https://getdailyvox.com/blog/best-journal-app-for-travelers,travel diary app,0.0,1.0,53.0
2026-08-09,https://getdailyvox.com/blog/best-journal-app-for-travelers,travel journal app,0.0,2.0,47.0
2026-08-09,https://getdailyvox.com/blog/best-journal-app-for-travelers,travel note app,0.0,1.0,43.0
2026-08-09,https://getdailyvox.com/blog/best-journal-app-for-travelers,trip journal app,0.0,1.0,46.0
2026-08-09,https://getdailyvox.com/blog/best-journal-app-for-travelers,vacation journal app,0.0,1.0,44.0
2026-08-09,https://getdailyvox.com/blog/best-journal-app-iphone,best diary app iphone,0.0,3.0,57.333333333333336
2026-08-09,https://getdailyvox.com/blog/best-journal-app-iphone,best journal app ios,0.0,2.0,49.0
2026-08-09,https://getdailyvox.com/blog/best-journal-app-iphone,best journal app iphone,0.0,1.0,50.0
2026-08-09,https://getdailyvox.com/blog/best-journal-app-iphone,diary app for iphone,0.0,1.0,49.0
2026-08-09,https://getdailyvox.com/blog/best-journal-app-iphone,iphone journal app,0.0,1.0,22.0
2026-08-09,https://getdailyvox.com/blog/best-journal-app-iphone,journal apps for iphone,0.0,2.0,37.0
2026-08-09,https://getdailyvox.com/blog/best-journal-app-iphone,journaling apps for ios,0.0,2.0,38.0
2026-08-09,https://getdailyvox.com/blog/best-voice-journal-app,journal voice,0.0,1.0,18.0
2026-08-09,https://getdailyvox.com/blog/best-voice-journal-app,voice diary app,0.0,2.0,44.5
2026-08-09,https://getdailyvox.com/blog/best-voice-journal-app,voice journal app,0.0,2.0,41.5
2026-08-09,https://getdailyvox.com/blog/dailyvox-vs-calmplot,calmplot,0.0,1.0,8.0
2026-08-09,https://getdailyvox.com/blog/dailyvox-vs-journey,journey cloud vs premium,0.0,3.0,30.0
2026-08-09,https://getdailyvox.com/blog/free-mood-tracker-app,best free mood tracker app,0.0,1.0,11.0
2026-08-09,https://getdailyvox.com/blog/free-mood-tracker-app,best mood tracker app free,0.0,1.0,12.0
2026-08-09,https://getdailyvox.com/blog/free-mood-tracker-app,free mood tracker,0.0,1.0,35.0
2026-08-09,https://getdailyvox.com/blog/free-mood-tracker-app,mood tracker app,0.0,3.0,21.333333333333332
2026-08-09,https://getdailyvox.com/blog/free-mood-tracker-app,mood tracking app,0.0,1.0,43.0
2026-08-09,https://getdailyvox.com/blog/how-to-journal-for-sleep,journaling before bed,0.0,1.0,77.0
2026-08-09,https://getdailyvox.com/blog/how-to-journal-for-sleep,journaling for sleep,0.0,1.0,76.0
2026-08-09,https://getdailyvox.com/blog/journal-app-privacy-comparison,is the journal app private,0.0,1.0,9.0
2026-08-09,https://getdailyvox.com/blog/journal-app-with-ai,ai journal,0.0,1.0,91.0
2026-08-09,https://getdailyvox.com/blog/journal-app-with-ai,ai journaling,0.0,1.0,66.0
2026-08-09,https://getdailyvox.com/blog/journal-app-with-ai,ai powered journaling app,0.0,2.0,83.5
2026-08-09,https://getdailyvox.com/blog/journal-app-with-ai,journal ai,0.0,1.0,80.0
2026-08-09,https://getdailyvox.com/blog/voice-recorder-diary-app,speech to text journal app,0.0,2.0,29.5
2026-08-09,https://getdailyvox.com/blog/voice-recorder-diary-app,voice diary app,0.0,2.0,27.5
2026-08-09,https://getdailyvox.com/blog/voice-recorder-diary-app,voice journal app,0.0,3.0,31.333333333333332
2026-08-09,https://getdailyvox.com/changelog,"""sparkle.magnifyingglass"" sf symbols",0.0,1.0,9.0
2026-08-09,https://getdailyvox.com/demo,dailyvox,0.0,1.0,8.0
2026-08-09,https://getdailyvox.com/faq,dailyvox,0.0,3.0,7.0
2026-08-09,https://getdailyvox.com/for-students,dailyvox,0.0,1.0,4.0
2026-08-09,https://getdailyvox.com/personal-digital-twin,personal digital twin,0.0,2.0,17.5
2026-08-09,https://getdailyvox.com/privacy,dailyvox,0.0,1.0,19.0
2026-08-10,https://getdailyvox.com/,daily vox,0.0,2.0,14.0
2026-08-10,https://getdailyvox.com/blog/best-ai-journal-app,ai journaling app,0.0,4.0,40.75
2026-08-10,https://getdailyvox.com/blog/best-ai-journal-app,best ai journaling app,0.0,5.0,87.2
2026-08-10,https://getdailyvox.com/blog/best-ai-journal-app,journal ai,0.0,1.0,76.0
2026-08-10,https://getdailyvox.com/blog/best-free-journal-app,best free journal app,0.0,4.0,65.5
2026-08-10,https://getdailyvox.com/blog/best-free-journal-app,best free journaling app,0.0,1.0,68.0
2026-08-10,https://getdailyvox.com/blog/best-free-journal-app,best journal apps,0.0,1.0,60.0
2026-08-10,https://getdailyvox.com/blog/best-free-journal-app,best journaling app,0.0,2.0,84.0
2026-08-10,https://getdailyvox.com/blog/best-free-journal-app,best online journals,0.0,1.0,59.0
2026-08-10,https://getdailyvox.com/blog/best-free-journal-app,daily journal app,0.0,1.0,31.0
2026-08-10,https://getdailyvox.com/blog/best-free-journal-app,free daily journal app,0.0,1.0,32.0
2026-08-10,https://getdailyvox.com/blog/best-free-journal-app,free journal app,0.0,3.0,29.666666666666668
2026-08-10,https://getdailyvox.com/blog/best-free-journal-app,journaling app free,0.0,1.0,59.0
2026-08-10,https://getdailyvox.com/blog/best-free-journal-app,what is the best free journaling app,0.0,1.0,58.0
2026-08-10,https://getdailyvox.com/blog/best-journal-app-for-couples,couple diary app,0.0,1.0,24.0
2026-08-10,https://getdailyvox.com/blog/best-journal-app-for-couples,couples diary app,0.0,1.0,28.0
2026-08-10,https://getdailyvox.com/blog/best-journal-app-for-couples,shared journal app,0.0,1.0,35.0
2026-08-10,https://getdailyvox.com/blog/best-journal-app-for-privacy,private journal app,0.0,1.0,48.0
2026-08-10,https://getdailyvox.com/blog/best-journal-app-for-privacy,secure journal app,0.0,1.0,56.0
2026-08-10,https://getdailyvox.com/blog/best-journal-app-for-travelers,best travel diary app,0.0,1.0,50.0
2026-08-10,https://getdailyvox.com/blog/best-journal-app-for-travelers,best travel journal app,0.0,5.0,40.6
2026-08-10,https://getdailyvox.com/blog/best-journal-app-for-travelers,travel journal apps,0.0,1.0,42.0
2026-08-10,https://getdailyvox.com/blog/best-journal-app-for-travelers,travel note app,0.0,1.0,42.0
2026-08-10,https://getdailyvox.com/blog/best-journal-app-iphone,best diary app iphone,0.0,2.0,60.0
2026-08-10,https://getdailyvox.com/blog/best-journal-app-iphone,best journal app ios,0.0,2.0,46.0
2026-08-10,https://getdailyvox.com/blog/best-journal-app-iphone,iphone journaling app,0.0,1.0,28.0
2026-08-10,https://getdailyvox.com/blog/best-journal-app-iphone,journal apps for iphone,0.0,4.0,38.75
2026-08-10,https://getdailyvox.com/blog/best-journal-app-iphone,journaling apps for ios,0.0,3.0,35.666666666666664
2026-08-10,https://getdailyvox.com/blog/best-journal-app-iphone,journaling apps for iphone,0.0,2.0,39.0
2026-08-10,https://getdailyvox.com/blog/best-offline-journal-app,offline journal app,0.0,1.0,6.0
2026-08-10,https://getdailyvox.com/blog/best-voice-journal-app,speech to text journal,0.0,1.0,37.0
2026-08-10,https://getdailyvox.com/blog/best-voice-journal-app,voice diary app,0.0,1.0,45.0
2026-08-10,https://getdailyvox.com/blog/best-voice-journal-app,voice journal,0.0,1.0,34.0
2026-08-10,https://getdailyvox.com/blog/best-voice-journal-app,voice journal app,0.0,4.0,44.5
2026-08-10,https://getdailyvox.com/blog/dailyvox-vs-calmplot,calmplot,0.0,1.0,10.0
2026-08-10,https://getdailyvox.com/blog/dailyvox-vs-journey,journey cloud vs premium,0.0,1.0,31.0
2026-08-10,https://getdailyvox.com/blog/dailyvox-vs-penzu,penzu pro,0.0,1.0,30.0
2026-08-10,https://getdailyvox.com/blog/free-mood-tracker-app,digital mood tracker,0.0,1.0,28.0
2026-08-10,https://getdailyvox.com/blog/free-mood-tracker-app,free mood tracker apps,0.0,1.0,11.0
2026-08-10,https://getdailyvox.com/blog/free-mood-tracker-app,mood monitoring app,0.0,1.0,30.0
2026-08-10,https://getdailyvox.com/blog/free-mood-tracker-app,mood tracker app,0.0,7.0,28.428571428571427
2026-08-10,https://getdailyvox.com/blog/free-mood-tracker-app,mood tracker app market,0.0,1.0,71.0
2026-08-10,https://getdailyvox.com/blog/free-mood-tracker-app,mood tracker online,0.0,1.0,26.0
2026-08-10,https://getdailyvox.com/blog/free-mood-tracker-app,mood tracking app,0.0,1.0,21.0
2026-08-10,https://getdailyvox.com/blog/journal-app-privacy-comparison,is diarium safe,0.0,1.0,6.0
2026-08-10,https://getdailyvox.com/blog/journal-app-privacy-comparison,is the journal app private,0.0,1.0,9.0
2026-08-10,https://getdailyvox.com/blog/journal-app-with-ai,ai journal,0.0,1.0,92.0
2026-08-10,https://getdailyvox.com/blog/journal-app-with-ai,ai journaling app,0.0,2.0,79.5
2026-08-10,https://getdailyvox.com/blog/journal-app-with-ai,journal ai,0.0,1.0,95.0
2026-08-10,https://getdailyvox.com/blog/voice-recorder-diary-app,voice diary app,0.0,1.0,28.0
2026-08-10,https://getdailyvox.com/blog/voice-recorder-diary-app,voice journal app,0.0,3.0,33.0
2026-08-11,https://getdailyvox.com/,dailyvox,0.0,1.0,1.0
2026-08-11,https://getdailyvox.com/blog/best-ai-journal-app,ai journal app,0.0,1.0,71.0
2026-08-11,https://getdailyvox.com/blog/best-ai-journal-app,ai journaling,0.0,1.0,72.0
2026-08-11,https://getdailyvox.com/blog/best-ai-journal-app,ai journaling app,0.0,2.0,25.0
2026-08-11,https://getdailyvox.com/blog/best-ai-journal-app,best ai journal app,0.0,1.0,82.0
2026-08-11,https://getdailyvox.com/blog/best-ai-journal-app,journal ai,0.0,1.0,76.0
2026-08-11,https://getdailyvox.com/blog/best-free-journal-app,best free journal app,0.0,2.0,69.0
2026-08-11,https://getdailyvox.com/blog/best-free-journal-app,best journaling app,0.0,4.0,87.5
2026-08-11,https://getdailyvox.com/blog/best-free-journal-app,best online journals,0.0,1.0,63.0
2026-08-11,https://getdailyvox.com/blog/best-free-journal-app,best online journals free,0.0,1.0,46.0
2026-08-11,https://getdailyvox.com/blog/best-free-journal-app,journaling app free,0.0,1.0,67.0
2026-08-11,https://getdailyvox.com/blog/best-journal-app-for-privacy,private journal app,0.0,2.0,57.5
2026-08-11,https://getdailyvox.com/blog/best-journal-app-for-privacy,private journaling app,0.0,6.0,38.833333333333336
2026-08-11,https://getdailyvox.com/blog/best-journal-app-for-travelers,best photo journal app,0.0,1.0,37.0
2026-08-11,https://getdailyvox.com/blog/best-journal-app-for-travelers,best travel journal app,0.0,4.0,41.25
2026-08-11,https://getdailyvox.com/blog/best-journal-app-for-travelers,best travel journal apps,0.0,2.0,53.0
2026-08-11,https://getdailyvox.com/blog/best-journal-app-for-travelers,travel diary app,0.0,1.0,48.0
2026-08-11,https://getdailyvox.com/blog/best-journal-app-for-travelers,trip journal app,0.0,1.0,45.0
2026-08-11,https://getdailyvox.com/blog/best-journal-app-iphone,best diary app iphone,0.0,4.0,58.5
2026-08-11,https://getdailyvox.com/blog/best-journal-app-iphone,best journal app ios,0.0,1.0,47.0
2026-08-11,https://getdailyvox.com/blog/best-journal-app-iphone,journal apps for iphone,0.0,2.0,39.0
2026-08-11,https://getdailyvox.com/blog/best-journal-app-iphone,journaling apps for ios,0.0,2.0,39.5
2026-08-11,https://getdailyvox.com/blog/best-voice-journal-app,audio journal app,0.0,2.0,46.0
2026-08-11,https://getdailyvox.com/blog/best-voice-journal-app,audio journaling app,0.0,1.0,50.0
2026-08-11,https://getdailyvox.com/blog/best-voice-journal-app,voice diary app,0.0,1.0,42.0
2026-08-11,https://getdailyvox.com/blog/best-voice-journal-app,voice journal,0.0,3.0,39.333333333333336
2026-08-11,https://getdailyvox.com/blog/best-voice-journal-app,voice journal app,0.0,2.0,41.0
2026-08-11,https://getdailyvox.com/blog/best-voice-journal-app,voice journaling app,0.0,1.0,49.0
2026-08-11,https://getdailyvox.com/blog/best-voice-journal-app,voice to text journal app free,0.0,1.0,12.0
2026-08-11,https://getdailyvox.com/blog/dailyvox-vs-journey,journey cloud vs premium,0.0,4.0,29.75
2026-08-11,https://getdailyvox.com/blog/free-mood-tracker-app,apps for mood tracking,0.0,1.0,59.0
2026-08-11,https://getdailyvox.com/blog/free-mood-tracker-app,mood tracker app,0.0,6.0,36.833333333333336
2026-08-11,https://getdailyvox.com/blog/free-mood-tracker-app,mood tracker app market,0.0,1.0,72.0
2026-08-11,https://getdailyvox.com/blog/journal-app-with-ai,ai journaling,0.0,1.0,88.0
2026-08-11,https://getdailyvox.com/blog/journal-app-with-ai,journal ai,0.0,4.0,80.75
2026-08-11,https://getdailyvox.com/blog/voice-recorder-diary-app,audio journal app,0.0,3.0,33.333333333333336
2026-08-11,https://getdailyvox.com/blog/voice-recorder-diary-app,voice diary app,0.0,1.0,28.0
2026-08-11,https://getdailyvox.com/blog/voice-recorder-diary-app,voice journal app,0.0,2.0,32.5
2026-08-11,https://getdailyvox.com/blog/voice-recorder-diary-app,voice journaling app,0.0,1.0,37.0
2026-08-11,https://getdailyvox.com/changelog,"""sparkle.magnifyingglass"" sf symbols",0.0,1.0,8.0
2026-08-11,https://getdailyvox.com/for-students,dailyvox,0.0,1.0,6.0
