url,checked_at,verdict,coverage_state,indexed,robots_state,canonical_user,canonical_google,last_crawl_time,rich_results,raw
https://getdailyvox.com/,2026-08-24T02:08:50+00:00,PASS,Submitted and indexed,1,ALLOWED,https://getdailyvox.com/,https://getdailyvox.com/,2026-08-20T08:11:00Z,[],"{""verdict"": ""PASS"", ""coverageState"": ""Submitted and indexed"", ""robotsTxtState"": ""ALLOWED"", ""indexingState"": ""INDEXING_ALLOWED"", ""lastCrawlTime"": ""2026-08-20T08:11:00Z"", ""pageFetchState"": ""SUCCESSFUL"", ""googleCanonical"": ""https://getdailyvox.com/"", ""userCanonical"": ""https://getdailyvox.com/"", ""sitemap"": [""https://getdailyvox.com/sitemap.xml""], ""referringUrls"": [""https://getdailyvox.com/blog/journal-prompts-for-beginners"", ""https://getdailyvox.com/sitemap.xml""], ""crawledAs"": ""MOBILE""}"
https://getdailyvox.com/about,2026-08-24T02:08:50+00:00,PASS,Submitted and indexed,1,ALLOWED,https://getdailyvox.com/about,https://getdailyvox.com/about,2026-08-23T15:05:52Z,[],"{""verdict"": ""PASS"", ""coverageState"": ""Submitted and indexed"", ""robotsTxtState"": ""ALLOWED"", ""indexingState"": ""INDEXING_ALLOWED"", ""lastCrawlTime"": ""2026-08-23T15:05:52Z"", ""pageFetchState"": ""SUCCESSFUL"", ""googleCanonical"": ""https://getdailyvox.com/about"", ""userCanonical"": ""https://getdailyvox.com/about"", ""sitemap"": [""https://getdailyvox.com/sitemap.xml""], ""referringUrls"": [""https://getdailyvox.com/"", ""https://getdailyvox.com/sitemap.xml""], ""crawledAs"": ""MOBILE""}"
https://getdailyvox.com/ai-journaling-app,2026-08-24T02:08:50+00:00,NEUTRAL,Discovered - currently not indexed,0,ROBOTS_TXT_STATE_UNSPECIFIED,,,,[],"{""verdict"": ""NEUTRAL"", ""coverageState"": ""Discovered - currently not indexed"", ""robotsTxtState"": ""ROBOTS_TXT_STATE_UNSPECIFIED"", ""indexingState"": ""INDEXING_STATE_UNSPECIFIED"", ""pageFetchState"": ""PAGE_FETCH_STATE_UNSPECIFIED"", ""sitemap"": [""https://getdailyvox.com/sitemap.xml""], ""referringUrls"": [""https://getdailyvox.com/sitemap-core.xml""], ""crawledAs"": ""CRAWLING_USER_AGENT_UNSPECIFIED""}"
https://getdailyvox.com/blog,2026-08-24T02:08:50+00:00,PASS,Submitted and indexed,1,ALLOWED,https://getdailyvox.com/blog,https://getdailyvox.com/blog,2026-07-23T14:39:09Z,[],"{""verdict"": ""PASS"", ""coverageState"": ""Submitted and indexed"", ""robotsTxtState"": ""ALLOWED"", ""indexingState"": ""INDEXING_ALLOWED"", ""lastCrawlTime"": ""2026-07-23T14:39:09Z"", ""pageFetchState"": ""SUCCESSFUL"", ""googleCanonical"": ""https://getdailyvox.com/blog"", ""userCanonical"": ""https://getdailyvox.com/blog"", ""sitemap"": [""https://getdailyvox.com/sitemap.xml""], ""referringUrls"": [""https://getdailyvox.com/blog/journal-prompts-for-beginners"", ""https://getdailyvox.com/sitemap.xml""], ""crawledAs"": ""MOBILE""}"
https://getdailyvox.com/blog/42-second-journal,2026-08-24T02:08:50+00:00,PASS,Submitted and indexed,1,ALLOWED,https://getdailyvox.com/blog/42-second-journal,https://getdailyvox.com/blog/42-second-journal,2026-07-30T03:37:23Z,"[{""richResultType"": ""Breadcrumbs"", ""items"": [{""name"": ""Unnamed item""}]}]","{""verdict"": ""PASS"", ""coverageState"": ""Submitted and indexed"", ""robotsTxtState"": ""ALLOWED"", ""indexingState"": ""INDEXING_ALLOWED"", ""lastCrawlTime"": ""2026-07-30T03:37:23Z"", ""pageFetchState"": ""SUCCESSFUL"", ""googleCanonical"": ""https://getdailyvox.com/blog/42-second-journal"", ""userCanonical"": ""https://getdailyvox.com/blog/42-second-journal"", ""sitemap"": [""https://getdailyvox.com/sitemap.xml""], ""referringUrls"": [""https://getdailyvox.com/sitemap-blog.xml""], ""crawledAs"": ""MOBILE""}"
https://getdailyvox.com/blog/adhd-voice-journaling-protocol,2026-08-24T02:08:50+00:00,PASS,Submitted and indexed,1,ALLOWED,https://getdailyvox.com/blog/adhd-voice-journaling-protocol,https://getdailyvox.com/blog/adhd-voice-journaling-protocol,2026-06-24T08:13:34Z,"[{""richResultType"": ""Breadcrumbs"", ""items"": [{""name"": ""Unnamed item""}]}]","{""verdict"": ""PASS"", ""coverageState"": ""Submitted and indexed"", ""robotsTxtState"": ""ALLOWED"", ""indexingState"": ""INDEXING_ALLOWED"", ""lastCrawlTime"": ""2026-06-24T08:13:34Z"", ""pageFetchState"": ""SUCCESSFUL"", ""googleCanonical"": ""https://getdailyvox.com/blog/adhd-voice-journaling-protocol"", ""userCanonical"": ""https://getdailyvox.com/blog/adhd-voice-journaling-protocol"", ""sitemap"": [""https://getdailyvox.com/sitemap.xml""], ""referringUrls"": [""https://getdailyvox.com/sitemap.xml""], ""crawledAs"": ""MOBILE""}"
https://getdailyvox.com/blog/ai-journal-that-works-offline,2026-08-24T02:08:50+00:00,PASS,Submitted and indexed,1,ALLOWED,https://getdailyvox.com/blog/ai-journal-that-works-offline,https://getdailyvox.com/blog/ai-journal-that-works-offline,2026-06-27T00:36:51Z,"[{""richResultType"": ""Breadcrumbs"", ""items"": [{""name"": ""Unnamed item""}]}]","{""verdict"": ""PASS"", ""coverageState"": ""Submitted and indexed"", ""robotsTxtState"": ""ALLOWED"", ""indexingState"": ""INDEXING_ALLOWED"", ""lastCrawlTime"": ""2026-06-27T00:36:51Z"", ""pageFetchState"": ""SUCCESSFUL"", ""googleCanonical"": ""https://getdailyvox.com/blog/ai-journal-that-works-offline"", ""userCanonical"": ""https://getdailyvox.com/blog/ai-journal-that-works-offline"", ""referringUrls"": [""https://getdailyvox.com/sitemap.xml""], ""crawledAs"": ""MOBILE""}"
https://getdailyvox.com/blog/ai-journaling-2026,2026-08-24T02:08:50+00:00,NEUTRAL,Discovered - currently not indexed,0,ROBOTS_TXT_STATE_UNSPECIFIED,,,,[],"{""verdict"": ""NEUTRAL"", ""coverageState"": ""Discovered - currently not indexed"", ""robotsTxtState"": ""ROBOTS_TXT_STATE_UNSPECIFIED"", ""indexingState"": ""INDEXING_STATE_UNSPECIFIED"", ""pageFetchState"": ""PAGE_FETCH_STATE_UNSPECIFIED"", ""sitemap"": [""https://getdailyvox.com/sitemap.xml""], ""referringUrls"": [""https://getdailyvox.com/blog/how-on-device-ai-works"", ""https://getdailyvox.com/blog/page/3"", ""https://getdailyvox.com/sitemap.xml""], ""crawledAs"": ""CRAWLING_USER_AGENT_UNSPECIFIED""}"
https://getdailyvox.com/blog/ai-mood-prediction-vs-tracking,2026-08-24T02:08:50+00:00,PASS,Submitted and indexed,1,ALLOWED,https://getdailyvox.com/blog/ai-mood-prediction-vs-tracking,https://getdailyvox.com/blog/ai-mood-prediction-vs-tracking,2026-07-11T16:08:53Z,"[{""richResultType"": ""Breadcrumbs"", ""items"": [{""name"": ""Unnamed item""}]}]","{""verdict"": ""PASS"", ""coverageState"": ""Submitted and indexed"", ""robotsTxtState"": ""ALLOWED"", ""indexingState"": ""INDEXING_ALLOWED"", ""lastCrawlTime"": ""2026-07-11T16:08:53Z"", ""pageFetchState"": ""SUCCESSFUL"", ""googleCanonical"": ""https://getdailyvox.com/blog/ai-mood-prediction-vs-tracking"", ""userCanonical"": ""https://getdailyvox.com/blog/ai-mood-prediction-vs-tracking"", ""sitemap"": [""https://getdailyvox.com/sitemap.xml""], ""referringUrls"": [""https://getdailyvox.com/sitemap.xml""], ""crawledAs"": ""MOBILE""}"
https://getdailyvox.com/blog/anti-optimization-journal,2026-08-24T02:08:50+00:00,PASS,Submitted and indexed,1,ALLOWED,https://getdailyvox.com/blog/anti-optimization-journal,https://getdailyvox.com/blog/anti-optimization-journal,2026-06-08T00:01:39Z,"[{""richResultType"": ""Breadcrumbs"", ""items"": [{""name"": ""Unnamed item""}]}]","{""verdict"": ""PASS"", ""coverageState"": ""Submitted and indexed"", ""robotsTxtState"": ""ALLOWED"", ""indexingState"": ""INDEXING_ALLOWED"", ""lastCrawlTime"": ""2026-06-08T00:01:39Z"", ""pageFetchState"": ""SUCCESSFUL"", ""googleCanonical"": ""https://getdailyvox.com/blog/anti-optimization-journal"", ""userCanonical"": ""https://getdailyvox.com/blog/anti-optimization-journal"", ""sitemap"": [""https://getdailyvox.com/sitemap.xml""], ""referringUrls"": [""https://getdailyvox.com/for/accountants-grief-processing"", ""https://getdailyvox.com/sitemap.xml""], ""crawledAs"": ""MOBILE""}"
https://getdailyvox.com/blog/apple-intelligence-journal,2026-08-24T02:08:50+00:00,PASS,Submitted and indexed,1,ALLOWED,https://getdailyvox.com/blog/apple-intelligence-journal,https://getdailyvox.com/blog/apple-intelligence-journal,2026-07-23T20:58:51Z,"[{""richResultType"": ""Breadcrumbs"", ""items"": [{""name"": ""Unnamed item""}]}]","{""verdict"": ""PASS"", ""coverageState"": ""Submitted and indexed"", ""robotsTxtState"": ""ALLOWED"", ""indexingState"": ""INDEXING_ALLOWED"", ""lastCrawlTime"": ""2026-07-23T20:58:51Z"", ""pageFetchState"": ""SUCCESSFUL"", ""googleCanonical"": ""https://getdailyvox.com/blog/apple-intelligence-journal"", ""userCanonical"": ""https://getdailyvox.com/blog/apple-intelligence-journal"", ""sitemap"": [""https://getdailyvox.com/sitemap.xml""], ""referringUrls"": [""https://getdailyvox.com/blog""], ""crawledAs"": ""MOBILE""}"
https://getdailyvox.com/blog/apple-journal-vs-dailyvox,2026-08-24T02:08:50+00:00,PASS,Submitted and indexed,1,ALLOWED,https://getdailyvox.com/blog/apple-journal-vs-dailyvox,https://getdailyvox.com/blog/apple-journal-vs-dailyvox,2026-07-22T01:11:20Z,"[{""richResultType"": ""Breadcrumbs"", ""items"": [{""name"": ""Unnamed item""}]}]","{""verdict"": ""PASS"", ""coverageState"": ""Submitted and indexed"", ""robotsTxtState"": ""ALLOWED"", ""indexingState"": ""INDEXING_ALLOWED"", ""lastCrawlTime"": ""2026-07-22T01:11:20Z"", ""pageFetchState"": ""SUCCESSFUL"", ""googleCanonical"": ""https://getdailyvox.com/blog/apple-journal-vs-dailyvox"", ""userCanonical"": ""https://getdailyvox.com/blog/apple-journal-vs-dailyvox"", ""referringUrls"": [""https://getdailyvox.com/blog/page/3"", ""https://getdailyvox.com/sitemap.xml""], ""crawledAs"": ""MOBILE""}"
https://getdailyvox.com/blog/best-ai-journal-app,2026-08-24T02:08:50+00:00,PASS,Submitted and indexed,1,ALLOWED,https://getdailyvox.com/blog/best-ai-journal-app,https://getdailyvox.com/blog/best-ai-journal-app,2026-07-23T15:05:04Z,"[{""richResultType"": ""Breadcrumbs"", ""items"": [{""name"": ""Unnamed item""}]}]","{""verdict"": ""PASS"", ""coverageState"": ""Submitted and indexed"", ""robotsTxtState"": ""ALLOWED"", ""indexingState"": ""INDEXING_ALLOWED"", ""lastCrawlTime"": ""2026-07-23T15:05:04Z"", ""pageFetchState"": ""SUCCESSFUL"", ""googleCanonical"": ""https://getdailyvox.com/blog/best-ai-journal-app"", ""userCanonical"": ""https://getdailyvox.com/blog/best-ai-journal-app"", ""sitemap"": [""https://getdailyvox.com/sitemap.xml""], ""referringUrls"": [""https://getdailyvox.com/blog/on-device-ai-vs-cloud-ai-journaling"", ""https://getdailyvox.com/blog/ai-journaling-2026""], ""crawledAs"": ""MOBILE""}"
https://getdailyvox.com/blog/best-diary-app-ipad,2026-08-24T02:08:50+00:00,PASS,Submitted and indexed,1,ALLOWED,https://getdailyvox.com/blog/best-diary-app-ipad,https://getdailyvox.com/blog/best-diary-app-ipad,2026-08-03T01:06:28Z,"[{""richResultType"": ""Breadcrumbs"", ""items"": [{""name"": ""Unnamed item""}]}]","{""verdict"": ""PASS"", ""coverageState"": ""Submitted and indexed"", ""robotsTxtState"": ""ALLOWED"", ""indexingState"": ""INDEXING_ALLOWED"", ""lastCrawlTime"": ""2026-08-03T01:06:28Z"", ""pageFetchState"": ""SUCCESSFUL"", ""googleCanonical"": ""https://getdailyvox.com/blog/best-diary-app-ipad"", ""userCanonical"": ""https://getdailyvox.com/blog/best-diary-app-ipad"", ""sitemap"": [""https://getdailyvox.com/sitemap.xml""], ""referringUrls"": [""https://getdailyvox.com/blog/page/3"", ""https://getdailyvox.com/sitemap.xml""], ""crawledAs"": ""MOBILE""}"
https://getdailyvox.com/blog/best-free-journal-app,2026-08-24T02:08:50+00:00,PASS,Submitted and indexed,1,ALLOWED,https://getdailyvox.com/blog/best-free-journal-app,https://getdailyvox.com/blog/best-free-journal-app,2026-08-03T06:31:53Z,"[{""richResultType"": ""Breadcrumbs"", ""items"": [{""name"": ""Unnamed item""}]}]","{""verdict"": ""PASS"", ""coverageState"": ""Submitted and indexed"", ""robotsTxtState"": ""ALLOWED"", ""indexingState"": ""INDEXING_ALLOWED"", ""lastCrawlTime"": ""2026-08-03T06:31:53Z"", ""pageFetchState"": ""SUCCESSFUL"", ""googleCanonical"": ""https://getdailyvox.com/blog/best-free-journal-app"", ""userCanonical"": ""https://getdailyvox.com/blog/best-free-journal-app"", ""sitemap"": [""https://getdailyvox.com/sitemap.xml""], ""referringUrls"": [""https://getdailyvox.com/blog/best-free-journal-app-2026"", ""https://getdailyvox.com/blog""], ""crawledAs"": ""MOBILE""}"
https://getdailyvox.com/blog/best-journal-app-for-adhd,2026-08-24T02:08:50+00:00,NEUTRAL,Discovered - currently not indexed,0,ROBOTS_TXT_STATE_UNSPECIFIED,,,,[],"{""verdict"": ""NEUTRAL"", ""coverageState"": ""Discovered - currently not indexed"", ""robotsTxtState"": ""ROBOTS_TXT_STATE_UNSPECIFIED"", ""indexingState"": ""INDEXING_STATE_UNSPECIFIED"", ""pageFetchState"": ""PAGE_FETCH_STATE_UNSPECIFIED"", ""sitemap"": [""https://getdailyvox.com/sitemap.xml""], ""referringUrls"": [""https://getdailyvox.com/compare"", ""https://getdailyvox.com/blog""], ""crawledAs"": ""CRAWLING_USER_AGENT_UNSPECIFIED""}"
https://getdailyvox.com/blog/best-journal-app-for-anxiety,2026-08-24T02:08:50+00:00,PASS,Submitted and indexed,1,ALLOWED,https://getdailyvox.com/blog/best-journal-app-for-anxiety,https://getdailyvox.com/blog/best-journal-app-for-anxiety,2026-06-09T01:21:58Z,"[{""richResultType"": ""Breadcrumbs"", ""items"": [{""name"": ""Unnamed item""}]}]","{""verdict"": ""PASS"", ""coverageState"": ""Submitted and indexed"", ""robotsTxtState"": ""ALLOWED"", ""indexingState"": ""INDEXING_ALLOWED"", ""lastCrawlTime"": ""2026-06-09T01:21:58Z"", ""pageFetchState"": ""SUCCESSFUL"", ""googleCanonical"": ""https://getdailyvox.com/blog/best-journal-app-for-anxiety"", ""userCanonical"": ""https://getdailyvox.com/blog/best-journal-app-for-anxiety"", ""sitemap"": [""https://getdailyvox.com/sitemap.xml""], ""referringUrls"": [""https://getdailyvox.com/sitemap.xml""], ""crawledAs"": ""MOBILE""}"
https://getdailyvox.com/blog/best-journal-app-for-couples,2026-08-24T02:08:50+00:00,PASS,Submitted and indexed,1,ALLOWED,https://getdailyvox.com/blog/best-journal-app-for-couples,https://getdailyvox.com/blog/best-journal-app-for-couples,2026-08-20T04:06:40Z,"[{""richResultType"": ""Breadcrumbs"", ""items"": [{""name"": ""Unnamed item""}]}]","{""verdict"": ""PASS"", ""coverageState"": ""Submitted and indexed"", ""robotsTxtState"": ""ALLOWED"", ""indexingState"": ""INDEXING_ALLOWED"", ""lastCrawlTime"": ""2026-08-20T04:06:40Z"", ""pageFetchState"": ""SUCCESSFUL"", ""googleCanonical"": ""https://getdailyvox.com/blog/best-journal-app-for-couples"", ""userCanonical"": ""https://getdailyvox.com/blog/best-journal-app-for-couples"", ""sitemap"": [""https://getdailyvox.com/sitemap.xml""], ""referringUrls"": [""https://getdailyvox.com/sitemap.xml""], ""crawledAs"": ""MOBILE""}"
https://getdailyvox.com/blog/best-journal-app-for-men,2026-08-24T02:08:50+00:00,PASS,Submitted and indexed,1,ALLOWED,https://getdailyvox.com/blog/best-journal-app-for-men,https://getdailyvox.com/blog/best-journal-app-for-men,2026-08-02T23:42:16Z,"[{""richResultType"": ""Breadcrumbs"", ""items"": [{""name"": ""Unnamed item""}]}]","{""verdict"": ""PASS"", ""coverageState"": ""Submitted and indexed"", ""robotsTxtState"": ""ALLOWED"", ""indexingState"": ""INDEXING_ALLOWED"", ""lastCrawlTime"": ""2026-08-02T23:42:16Z"", ""pageFetchState"": ""SUCCESSFUL"", ""googleCanonical"": ""https://getdailyvox.com/blog/best-journal-app-for-men"", ""userCanonical"": ""https://getdailyvox.com/blog/best-journal-app-for-men"", ""sitemap"": [""https://getdailyvox.com/sitemap.xml""], ""referringUrls"": [""https://getdailyvox.com/sitemap.xml""], ""crawledAs"": ""MOBILE""}"
https://getdailyvox.com/blog/best-journal-app-for-people-who-hate-writing,2026-08-24T02:08:50+00:00,NEUTRAL,Discovered - currently not indexed,0,ROBOTS_TXT_STATE_UNSPECIFIED,,,,[],"{""verdict"": ""NEUTRAL"", ""coverageState"": ""Discovered - currently not indexed"", ""robotsTxtState"": ""ROBOTS_TXT_STATE_UNSPECIFIED"", ""indexingState"": ""INDEXING_STATE_UNSPECIFIED"", ""pageFetchState"": ""PAGE_FETCH_STATE_UNSPECIFIED"", ""sitemap"": [""https://getdailyvox.com/sitemap.xml""], ""referringUrls"": [""https://getdailyvox.com/blog/feed.xml""], ""crawledAs"": ""CRAWLING_USER_AGENT_UNSPECIFIED""}"
https://getdailyvox.com/blog/best-journal-app-for-privacy,2026-08-24T02:08:50+00:00,PASS,Submitted and indexed,1,ALLOWED,https://getdailyvox.com/blog/best-journal-app-for-privacy,https://getdailyvox.com/blog/best-journal-app-for-privacy,2026-07-24T23:56:27Z,"[{""richResultType"": ""Breadcrumbs"", ""items"": [{""name"": ""Unnamed item""}]}]","{""verdict"": ""PASS"", ""coverageState"": ""Submitted and indexed"", ""robotsTxtState"": ""ALLOWED"", ""indexingState"": ""INDEXING_ALLOWED"", ""lastCrawlTime"": ""2026-07-24T23:56:27Z"", ""pageFetchState"": ""SUCCESSFUL"", ""googleCanonical"": ""https://getdailyvox.com/blog/best-journal-app-for-privacy"", ""userCanonical"": ""https://getdailyvox.com/blog/best-journal-app-for-privacy"", ""sitemap"": [""https://getdailyvox.com/sitemap.xml""], ""referringUrls"": [""https://getdailyvox.com/for/photographers-morning-routine"", ""https://getdailyvox.com/blog""], ""crawledAs"": ""MOBILE""}"
https://getdailyvox.com/blog/best-journal-app-for-seniors,2026-08-24T02:08:50+00:00,PASS,Submitted and indexed,1,ALLOWED,https://getdailyvox.com/blog/best-journal-app-for-seniors,https://getdailyvox.com/blog/best-journal-app-for-seniors,2026-08-05T09:11:17Z,"[{""richResultType"": ""Breadcrumbs"", ""items"": [{""name"": ""Unnamed item""}]}]","{""verdict"": ""PASS"", ""coverageState"": ""Submitted and indexed"", ""robotsTxtState"": ""ALLOWED"", ""indexingState"": ""INDEXING_ALLOWED"", ""lastCrawlTime"": ""2026-08-05T09:11:17Z"", ""pageFetchState"": ""SUCCESSFUL"", ""googleCanonical"": ""https://getdailyvox.com/blog/best-journal-app-for-seniors"", ""userCanonical"": ""https://getdailyvox.com/blog/best-journal-app-for-seniors"", ""sitemap"": [""https://getdailyvox.com/sitemap.xml""], ""referringUrls"": [""https://getdailyvox.com/sitemap.xml""], ""crawledAs"": ""MOBILE""}"
https://getdailyvox.com/blog/best-journal-app-for-students,2026-08-24T02:08:50+00:00,PASS,Submitted and indexed,1,ALLOWED,https://getdailyvox.com/blog/best-journal-app-for-students,https://getdailyvox.com/blog/best-journal-app-for-students,2026-08-02T18:19:08Z,"[{""richResultType"": ""Breadcrumbs"", ""items"": [{""name"": ""Unnamed item""}]}]","{""verdict"": ""PASS"", ""coverageState"": ""Submitted and indexed"", ""robotsTxtState"": ""ALLOWED"", ""indexingState"": ""INDEXING_ALLOWED"", ""lastCrawlTime"": ""2026-08-02T18:19:08Z"", ""pageFetchState"": ""SUCCESSFUL"", ""googleCanonical"": ""https://getdailyvox.com/blog/best-journal-app-for-students"", ""userCanonical"": ""https://getdailyvox.com/blog/best-journal-app-for-students"", ""sitemap"": [""https://getdailyvox.com/sitemap.xml""], ""referringUrls"": [""https://getdailyvox.com/blog""], ""crawledAs"": ""MOBILE""}"
https://getdailyvox.com/blog/best-journal-app-for-therapists,2026-08-24T02:08:50+00:00,PASS,Submitted and indexed,1,ALLOWED,https://getdailyvox.com/blog/best-journal-app-for-therapists,https://getdailyvox.com/blog/best-journal-app-for-therapists,2026-08-01T08:38:15Z,"[{""richResultType"": ""Breadcrumbs"", ""items"": [{""name"": ""Unnamed item""}]}]","{""verdict"": ""PASS"", ""coverageState"": ""Submitted and indexed"", ""robotsTxtState"": ""ALLOWED"", ""indexingState"": ""INDEXING_ALLOWED"", ""lastCrawlTime"": ""2026-08-01T08:38:15Z"", ""pageFetchState"": ""SUCCESSFUL"", ""googleCanonical"": ""https://getdailyvox.com/blog/best-journal-app-for-therapists"", ""userCanonical"": ""https://getdailyvox.com/blog/best-journal-app-for-therapists"", ""sitemap"": [""https://getdailyvox.com/sitemap.xml""], ""referringUrls"": [""https://getdailyvox.com/sitemap.xml""], ""crawledAs"": ""MOBILE""}"
https://getdailyvox.com/blog/best-journal-app-for-travelers,2026-08-24T02:08:50+00:00,PASS,Submitted and indexed,1,ALLOWED,https://getdailyvox.com/blog/best-journal-app-for-travelers,https://getdailyvox.com/blog/best-journal-app-for-travelers,2026-08-03T11:48:24Z,"[{""richResultType"": ""Breadcrumbs"", ""items"": [{""name"": ""Unnamed item""}]}]","{""verdict"": ""PASS"", ""coverageState"": ""Submitted and indexed"", ""robotsTxtState"": ""ALLOWED"", ""indexingState"": ""INDEXING_ALLOWED"", ""lastCrawlTime"": ""2026-08-03T11:48:24Z"", ""pageFetchState"": ""SUCCESSFUL"", ""googleCanonical"": ""https://getdailyvox.com/blog/best-journal-app-for-travelers"", ""userCanonical"": ""https://getdailyvox.com/blog/best-journal-app-for-travelers"", ""sitemap"": [""https://getdailyvox.com/sitemap.xml""], ""referringUrls"": [""https://getdailyvox.com/compare"", ""https://getdailyvox.com/blog""], ""crawledAs"": ""MOBILE""}"
https://getdailyvox.com/blog/best-journal-app-iphone,2026-08-24T02:08:50+00:00,PASS,Submitted and indexed,1,ALLOWED,https://getdailyvox.com/blog/best-journal-app-iphone,https://getdailyvox.com/blog/best-journal-app-iphone,2026-08-01T17:32:51Z,"[{""richResultType"": ""Breadcrumbs"", ""items"": [{""name"": ""Unnamed item""}]}]","{""verdict"": ""PASS"", ""coverageState"": ""Submitted and indexed"", ""robotsTxtState"": ""ALLOWED"", ""indexingState"": ""INDEXING_ALLOWED"", ""lastCrawlTime"": ""2026-08-01T17:32:51Z"", ""pageFetchState"": ""SUCCESSFUL"", ""googleCanonical"": ""https://getdailyvox.com/blog/best-journal-app-iphone"", ""userCanonical"": ""https://getdailyvox.com/blog/best-journal-app-iphone"", ""sitemap"": [""https://getdailyvox.com/sitemap.xml""], ""referringUrls"": [""https://getdailyvox.com/for/photographers-job-search"", ""https://getdailyvox.com/sitemap.xml""], ""crawledAs"": ""MOBILE""}"
https://getdailyvox.com/blog/best-journal-app-without-subscription,2026-08-24T02:08:50+00:00,NEUTRAL,Discovered - currently not indexed,0,ROBOTS_TXT_STATE_UNSPECIFIED,,,,[],"{""verdict"": ""NEUTRAL"", ""coverageState"": ""Discovered - currently not indexed"", ""robotsTxtState"": ""ROBOTS_TXT_STATE_UNSPECIFIED"", ""indexingState"": ""INDEXING_STATE_UNSPECIFIED"", ""pageFetchState"": ""PAGE_FETCH_STATE_UNSPECIFIED"", ""sitemap"": [""https://getdailyvox.com/sitemap.xml""], ""referringUrls"": [""https://getdailyvox.com/blog""], ""crawledAs"": ""CRAWLING_USER_AGENT_UNSPECIFIED""}"
https://getdailyvox.com/blog/best-offline-journal-app,2026-08-24T02:08:50+00:00,PASS,Submitted and indexed,1,ALLOWED,https://getdailyvox.com/blog/best-offline-journal-app,https://getdailyvox.com/blog/best-offline-journal-app,2026-07-26T00:58:18Z,"[{""richResultType"": ""Breadcrumbs"", ""items"": [{""name"": ""Unnamed item""}]}]","{""verdict"": ""PASS"", ""coverageState"": ""Submitted and indexed"", ""robotsTxtState"": ""ALLOWED"", ""indexingState"": ""INDEXING_ALLOWED"", ""lastCrawlTime"": ""2026-07-26T00:58:18Z"", ""pageFetchState"": ""SUCCESSFUL"", ""googleCanonical"": ""https://getdailyvox.com/blog/best-offline-journal-app"", ""userCanonical"": ""https://getdailyvox.com/blog/best-offline-journal-app"", ""referringUrls"": [""https://getdailyvox.com/for/truck-drivers"", ""https://getdailyvox.com/sitemap.xml""], ""crawledAs"": ""MOBILE""}"
https://getdailyvox.com/blog/best-voice-journal-app,2026-08-24T02:08:50+00:00,PASS,Submitted and indexed,1,ALLOWED,https://getdailyvox.com/blog/best-voice-journal-app,https://getdailyvox.com/blog/best-voice-journal-app,2026-08-08T11:59:35Z,"[{""richResultType"": ""Breadcrumbs"", ""items"": [{""name"": ""Unnamed item""}]}]","{""verdict"": ""PASS"", ""coverageState"": ""Submitted and indexed"", ""robotsTxtState"": ""ALLOWED"", ""indexingState"": ""INDEXING_ALLOWED"", ""lastCrawlTime"": ""2026-08-08T11:59:35Z"", ""pageFetchState"": ""SUCCESSFUL"", ""googleCanonical"": ""https://getdailyvox.com/blog/best-voice-journal-app"", ""userCanonical"": ""https://getdailyvox.com/blog/best-voice-journal-app"", ""sitemap"": [""https://getdailyvox.com/sitemap.xml""], ""referringUrls"": [""https://getdailyvox.com/blog/voice-journaling-while-walking""], ""crawledAs"": ""MOBILE""}"
https://getdailyvox.com/blog/body-twin-healthkit-watch,2026-08-24T02:08:50+00:00,PASS,Submitted and indexed,1,ALLOWED,https://getdailyvox.com/blog/body-twin-healthkit-watch,https://getdailyvox.com/blog/body-twin-healthkit-watch,2026-08-02T08:50:45Z,"[{""richResultType"": ""Breadcrumbs"", ""items"": [{""name"": ""Unnamed item""}]}]","{""verdict"": ""PASS"", ""coverageState"": ""Submitted and indexed"", ""robotsTxtState"": ""ALLOWED"", ""indexingState"": ""INDEXING_ALLOWED"", ""lastCrawlTime"": ""2026-08-02T08:50:45Z"", ""pageFetchState"": ""SUCCESSFUL"", ""googleCanonical"": ""https://getdailyvox.com/blog/body-twin-healthkit-watch"", ""userCanonical"": ""https://getdailyvox.com/blog/body-twin-healthkit-watch"", ""sitemap"": [""https://getdailyvox.com/sitemap.xml""], ""referringUrls"": [""https://getdailyvox.com/""], ""crawledAs"": ""MOBILE""}"
https://getdailyvox.com/blog/body-twin-v1-5-what-shipped,2026-08-24T02:08:50+00:00,NEUTRAL,Discovered - currently not indexed,0,ROBOTS_TXT_STATE_UNSPECIFIED,,,,[],"{""verdict"": ""NEUTRAL"", ""coverageState"": ""Discovered - currently not indexed"", ""robotsTxtState"": ""ROBOTS_TXT_STATE_UNSPECIFIED"", ""indexingState"": ""INDEXING_STATE_UNSPECIFIED"", ""pageFetchState"": ""PAGE_FETCH_STATE_UNSPECIFIED"", ""sitemap"": [""https://getdailyvox.com/sitemap.xml""], ""crawledAs"": ""CRAWLING_USER_AGENT_UNSPECIFIED""}"
https://getdailyvox.com/blog/complete-guide-to-private-journaling,2026-08-24T02:08:50+00:00,NEUTRAL,Crawled - currently not indexed,0,ALLOWED,https://getdailyvox.com/blog/complete-guide-to-private-journaling,https://getdailyvox.com/blog/complete-guide-to-private-journaling,2026-05-24T08:36:45Z,[],"{""verdict"": ""NEUTRAL"", ""coverageState"": ""Crawled - currently not indexed"", ""robotsTxtState"": ""ALLOWED"", ""indexingState"": ""INDEXING_ALLOWED"", ""lastCrawlTime"": ""2026-05-24T08:36:45Z"", ""pageFetchState"": ""SUCCESSFUL"", ""googleCanonical"": ""https://getdailyvox.com/blog/complete-guide-to-private-journaling"", ""userCanonical"": ""https://getdailyvox.com/blog/complete-guide-to-private-journaling"", ""sitemap"": [""https://getdailyvox.com/sitemap.xml""], ""referringUrls"": [""https://getdailyvox.com/blog/journal-prompts-for-beginners"", ""https://getdailyvox.com/sitemap.xml""], ""crawledAs"": ""MOBILE""}"
https://getdailyvox.com/blog/constellation-update,2026-08-24T02:08:50+00:00,PASS,Submitted and indexed,1,ALLOWED,https://getdailyvox.com/blog/constellation-update,https://getdailyvox.com/blog/constellation-update,2026-06-27T09:14:02Z,"[{""richResultType"": ""Breadcrumbs"", ""items"": [{""name"": ""Unnamed item""}]}]","{""verdict"": ""PASS"", ""coverageState"": ""Submitted and indexed"", ""robotsTxtState"": ""ALLOWED"", ""indexingState"": ""INDEXING_ALLOWED"", ""lastCrawlTime"": ""2026-06-27T09:14:02Z"", ""pageFetchState"": ""SUCCESSFUL"", ""googleCanonical"": ""https://getdailyvox.com/blog/constellation-update"", ""userCanonical"": ""https://getdailyvox.com/blog/constellation-update"", ""sitemap"": [""https://getdailyvox.com/sitemap.xml""], ""referringUrls"": [""https://getdailyvox.com/faq"", ""https://getdailyvox.com/blog/v1-3-5-dynamic-island""], ""crawledAs"": ""MOBILE""}"
https://getdailyvox.com/blog/dailyvox-vs-audio-diary,2026-08-24T02:08:50+00:00,PASS,Submitted and indexed,1,ALLOWED,https://getdailyvox.com/blog/dailyvox-vs-audio-diary,https://getdailyvox.com/blog/dailyvox-vs-audio-diary,2026-08-23T16:46:45Z,"[{""richResultType"": ""Breadcrumbs"", ""items"": [{""name"": ""Unnamed item""}]}]","{""verdict"": ""PASS"", ""coverageState"": ""Submitted and indexed"", ""robotsTxtState"": ""ALLOWED"", ""indexingState"": ""INDEXING_ALLOWED"", ""lastCrawlTime"": ""2026-08-23T16:46:45Z"", ""pageFetchState"": ""SUCCESSFUL"", ""googleCanonical"": ""https://getdailyvox.com/blog/dailyvox-vs-audio-diary"", ""userCanonical"": ""https://getdailyvox.com/blog/dailyvox-vs-audio-diary"", ""sitemap"": [""https://getdailyvox.com/sitemap.xml""], ""referringUrls"": [""https://getdailyvox.com/sitemap.xml""], ""crawledAs"": ""MOBILE""}"
https://getdailyvox.com/blog/dailyvox-vs-bear,2026-08-24T02:08:50+00:00,NEUTRAL,Discovered - currently not indexed,0,ROBOTS_TXT_STATE_UNSPECIFIED,,,,[],"{""verdict"": ""NEUTRAL"", ""coverageState"": ""Discovered - currently not indexed"", ""robotsTxtState"": ""ROBOTS_TXT_STATE_UNSPECIFIED"", ""indexingState"": ""INDEXING_STATE_UNSPECIFIED"", ""pageFetchState"": ""PAGE_FETCH_STATE_UNSPECIFIED"", ""sitemap"": [""https://getdailyvox.com/sitemap.xml""], ""referringUrls"": [""https://getdailyvox.com/sitemap-blog.xml""], ""crawledAs"": ""CRAWLING_USER_AGENT_UNSPECIFIED""}"
https://getdailyvox.com/blog/dailyvox-vs-calmplot,2026-08-24T02:08:50+00:00,PASS,Submitted and indexed,1,ALLOWED,https://getdailyvox.com/blog/dailyvox-vs-calmplot,https://getdailyvox.com/blog/dailyvox-vs-calmplot,2026-08-01T18:08:09Z,"[{""richResultType"": ""Breadcrumbs"", ""items"": [{""name"": ""Unnamed item""}]}]","{""verdict"": ""PASS"", ""coverageState"": ""Submitted and indexed"", ""robotsTxtState"": ""ALLOWED"", ""indexingState"": ""INDEXING_ALLOWED"", ""lastCrawlTime"": ""2026-08-01T18:08:09Z"", ""pageFetchState"": ""SUCCESSFUL"", ""googleCanonical"": ""https://getdailyvox.com/blog/dailyvox-vs-calmplot"", ""userCanonical"": ""https://getdailyvox.com/blog/dailyvox-vs-calmplot"", ""referringUrls"": [""https://getdailyvox.com/blog/best-journal-app-iphone"", ""https://getdailyvox.com/blog/feed.xml""], ""crawledAs"": ""MOBILE""}"
https://getdailyvox.com/blog/dailyvox-vs-day-one,2026-08-24T02:08:50+00:00,PASS,Submitted and indexed,1,ALLOWED,https://getdailyvox.com/blog/dailyvox-vs-day-one,https://getdailyvox.com/blog/dailyvox-vs-day-one,2026-08-01T16:46:47Z,"[{""richResultType"": ""Breadcrumbs"", ""items"": [{""name"": ""Unnamed item""}]}]","{""verdict"": ""PASS"", ""coverageState"": ""Submitted and indexed"", ""robotsTxtState"": ""ALLOWED"", ""indexingState"": ""INDEXING_ALLOWED"", ""lastCrawlTime"": ""2026-08-01T16:46:47Z"", ""pageFetchState"": ""SUCCESSFUL"", ""googleCanonical"": ""https://getdailyvox.com/blog/dailyvox-vs-day-one"", ""userCanonical"": ""https://getdailyvox.com/blog/dailyvox-vs-day-one"", ""referringUrls"": [""https://getdailyvox.com/blog/dailyvox-vs-journey"", ""https://getdailyvox.com/blog""], ""crawledAs"": ""MOBILE""}"
https://getdailyvox.com/blog/dailyvox-vs-daylio,2026-08-24T02:08:50+00:00,PASS,Submitted and indexed,1,ALLOWED,https://getdailyvox.com/blog/dailyvox-vs-daylio,https://getdailyvox.com/blog/dailyvox-vs-daylio,2026-08-03T03:23:17Z,"[{""richResultType"": ""Breadcrumbs"", ""items"": [{""name"": ""Unnamed item""}]}]","{""verdict"": ""PASS"", ""coverageState"": ""Submitted and indexed"", ""robotsTxtState"": ""ALLOWED"", ""indexingState"": ""INDEXING_ALLOWED"", ""lastCrawlTime"": ""2026-08-03T03:23:17Z"", ""pageFetchState"": ""SUCCESSFUL"", ""googleCanonical"": ""https://getdailyvox.com/blog/dailyvox-vs-daylio"", ""userCanonical"": ""https://getdailyvox.com/blog/dailyvox-vs-daylio"", ""sitemap"": [""https://getdailyvox.com/sitemap.xml""], ""referringUrls"": [""https://getdailyvox.com/blog/dailyvox-vs-finch"", ""https://getdailyvox.com/sitemap.xml""], ""crawledAs"": ""MOBILE""}"
https://getdailyvox.com/blog/dailyvox-vs-diarium,2026-08-24T02:08:50+00:00,NEUTRAL,Discovered - currently not indexed,0,ROBOTS_TXT_STATE_UNSPECIFIED,,,,[],"{""verdict"": ""NEUTRAL"", ""coverageState"": ""Discovered - currently not indexed"", ""robotsTxtState"": ""ROBOTS_TXT_STATE_UNSPECIFIED"", ""indexingState"": ""INDEXING_STATE_UNSPECIFIED"", ""pageFetchState"": ""PAGE_FETCH_STATE_UNSPECIFIED"", ""sitemap"": [""https://getdailyvox.com/sitemap.xml""], ""referringUrls"": [""https://getdailyvox.com/blog/page/3"", ""https://getdailyvox.com/sitemap.xml""], ""crawledAs"": ""CRAWLING_USER_AGENT_UNSPECIFIED""}"
https://getdailyvox.com/blog/dailyvox-vs-finch,2026-08-24T02:08:50+00:00,PASS,Submitted and indexed,1,ALLOWED,https://getdailyvox.com/blog/dailyvox-vs-finch,https://getdailyvox.com/blog/dailyvox-vs-finch,2026-06-29T00:52:37Z,"[{""richResultType"": ""Breadcrumbs"", ""items"": [{""name"": ""Unnamed item""}]}]","{""verdict"": ""PASS"", ""coverageState"": ""Submitted and indexed"", ""robotsTxtState"": ""ALLOWED"", ""indexingState"": ""INDEXING_ALLOWED"", ""lastCrawlTime"": ""2026-06-29T00:52:37Z"", ""pageFetchState"": ""SUCCESSFUL"", ""googleCanonical"": ""https://getdailyvox.com/blog/dailyvox-vs-finch"", ""userCanonical"": ""https://getdailyvox.com/blog/dailyvox-vs-finch"", ""sitemap"": [""https://getdailyvox.com/sitemap.xml""], ""referringUrls"": [""https://getdailyvox.com/sitemap-blog.xml""], ""crawledAs"": ""MOBILE""}"
https://getdailyvox.com/blog/dailyvox-vs-five-minute-journal,2026-08-24T02:08:50+00:00,PASS,Submitted and indexed,1,ALLOWED,https://getdailyvox.com/blog/dailyvox-vs-five-minute-journal,https://getdailyvox.com/blog/dailyvox-vs-five-minute-journal,2026-08-01T01:57:40Z,"[{""richResultType"": ""Breadcrumbs"", ""items"": [{""name"": ""Unnamed item""}]}]","{""verdict"": ""PASS"", ""coverageState"": ""Submitted and indexed"", ""robotsTxtState"": ""ALLOWED"", ""indexingState"": ""INDEXING_ALLOWED"", ""lastCrawlTime"": ""2026-08-01T01:57:40Z"", ""pageFetchState"": ""SUCCESSFUL"", ""googleCanonical"": ""https://getdailyvox.com/blog/dailyvox-vs-five-minute-journal"", ""userCanonical"": ""https://getdailyvox.com/blog/dailyvox-vs-five-minute-journal"", ""sitemap"": [""https://getdailyvox.com/sitemap.xml""], ""referringUrls"": [""https://getdailyvox.com/sitemap.xml""], ""crawledAs"": ""MOBILE""}"
https://getdailyvox.com/blog/dailyvox-vs-granola,2026-08-24T02:08:50+00:00,PASS,Submitted and indexed,1,ALLOWED,https://getdailyvox.com/blog/dailyvox-vs-granola,https://getdailyvox.com/blog/dailyvox-vs-granola,2026-08-23T13:20:44Z,"[{""richResultType"": ""Breadcrumbs"", ""items"": [{""name"": ""Unnamed item""}]}]","{""verdict"": ""PASS"", ""coverageState"": ""Submitted and indexed"", ""robotsTxtState"": ""ALLOWED"", ""indexingState"": ""INDEXING_ALLOWED"", ""lastCrawlTime"": ""2026-08-23T13:20:44Z"", ""pageFetchState"": ""SUCCESSFUL"", ""googleCanonical"": ""https://getdailyvox.com/blog/dailyvox-vs-granola"", ""userCanonical"": ""https://getdailyvox.com/blog/dailyvox-vs-granola"", ""sitemap"": [""https://getdailyvox.com/sitemap.xml""], ""referringUrls"": [""https://getdailyvox.com/sitemap-blog.xml""], ""crawledAs"": ""MOBILE""}"
https://getdailyvox.com/blog/dailyvox-vs-grid-diary,2026-08-24T02:08:50+00:00,PASS,Submitted and indexed,1,ALLOWED,https://getdailyvox.com/blog/dailyvox-vs-grid-diary,https://getdailyvox.com/blog/dailyvox-vs-grid-diary,2026-08-02T17:38:23Z,"[{""richResultType"": ""Breadcrumbs"", ""items"": [{""name"": ""Unnamed item""}]}]","{""verdict"": ""PASS"", ""coverageState"": ""Submitted and indexed"", ""robotsTxtState"": ""ALLOWED"", ""indexingState"": ""INDEXING_ALLOWED"", ""lastCrawlTime"": ""2026-08-02T17:38:23Z"", ""pageFetchState"": ""SUCCESSFUL"", ""googleCanonical"": ""https://getdailyvox.com/blog/dailyvox-vs-grid-diary"", ""userCanonical"": ""https://getdailyvox.com/blog/dailyvox-vs-grid-diary"", ""sitemap"": [""https://getdailyvox.com/sitemap.xml""], ""referringUrls"": [""https://getdailyvox.com/sitemap.xml""], ""crawledAs"": ""MOBILE""}"
https://getdailyvox.com/blog/dailyvox-vs-journey,2026-08-24T02:08:50+00:00,PASS,Submitted and indexed,1,ALLOWED,https://getdailyvox.com/blog/dailyvox-vs-journey,https://getdailyvox.com/blog/dailyvox-vs-journey,2026-08-02T10:39:59Z,"[{""richResultType"": ""Breadcrumbs"", ""items"": [{""name"": ""Unnamed item""}]}]","{""verdict"": ""PASS"", ""coverageState"": ""Submitted and indexed"", ""robotsTxtState"": ""ALLOWED"", ""indexingState"": ""INDEXING_ALLOWED"", ""lastCrawlTime"": ""2026-08-02T10:39:59Z"", ""pageFetchState"": ""SUCCESSFUL"", ""googleCanonical"": ""https://getdailyvox.com/blog/dailyvox-vs-journey"", ""userCanonical"": ""https://getdailyvox.com/blog/dailyvox-vs-journey"", ""sitemap"": [""https://getdailyvox.com/sitemap.xml""], ""referringUrls"": [""https://getdailyvox.com/blog""], ""crawledAs"": ""MOBILE""}"
https://getdailyvox.com/blog/dailyvox-vs-mem,2026-08-24T02:08:50+00:00,PASS,Submitted and indexed,1,ALLOWED,https://getdailyvox.com/blog/dailyvox-vs-mem,https://getdailyvox.com/blog/dailyvox-vs-mem,2026-08-03T02:08:00Z,"[{""richResultType"": ""Breadcrumbs"", ""items"": [{""name"": ""Unnamed item""}]}]","{""verdict"": ""PASS"", ""coverageState"": ""Submitted and indexed"", ""robotsTxtState"": ""ALLOWED"", ""indexingState"": ""INDEXING_ALLOWED"", ""lastCrawlTime"": ""2026-08-03T02:08:00Z"", ""pageFetchState"": ""SUCCESSFUL"", ""googleCanonical"": ""https://getdailyvox.com/blog/dailyvox-vs-mem"", ""userCanonical"": ""https://getdailyvox.com/blog/dailyvox-vs-mem"", ""sitemap"": [""https://getdailyvox.com/sitemap.xml""], ""referringUrls"": [""https://getdailyvox.com/sitemap-blog.xml""], ""crawledAs"": ""MOBILE""}"
https://getdailyvox.com/blog/dailyvox-vs-momento,2026-08-24T02:08:50+00:00,PASS,Submitted and indexed,1,ALLOWED,https://getdailyvox.com/blog/dailyvox-vs-momento,https://getdailyvox.com/blog/dailyvox-vs-momento,2026-08-02T13:35:57Z,"[{""richResultType"": ""Breadcrumbs"", ""items"": [{""name"": ""Unnamed item""}]}]","{""verdict"": ""PASS"", ""coverageState"": ""Submitted and indexed"", ""robotsTxtState"": ""ALLOWED"", ""indexingState"": ""INDEXING_ALLOWED"", ""lastCrawlTime"": ""2026-08-02T13:35:57Z"", ""pageFetchState"": ""SUCCESSFUL"", ""googleCanonical"": ""https://getdailyvox.com/blog/dailyvox-vs-momento"", ""userCanonical"": ""https://getdailyvox.com/blog/dailyvox-vs-momento"", ""sitemap"": [""https://getdailyvox.com/sitemap.xml""], ""referringUrls"": [""https://getdailyvox.com/blog/page/3"", ""https://getdailyvox.com/sitemap.xml""], ""crawledAs"": ""MOBILE""}"
https://getdailyvox.com/blog/dailyvox-vs-notion,2026-08-24T02:08:50+00:00,NEUTRAL,Discovered - currently not indexed,0,ROBOTS_TXT_STATE_UNSPECIFIED,,,,[],"{""verdict"": ""NEUTRAL"", ""coverageState"": ""Discovered - currently not indexed"", ""robotsTxtState"": ""ROBOTS_TXT_STATE_UNSPECIFIED"", ""indexingState"": ""INDEXING_STATE_UNSPECIFIED"", ""pageFetchState"": ""PAGE_FETCH_STATE_UNSPECIFIED"", ""sitemap"": [""https://getdailyvox.com/sitemap.xml""], ""referringUrls"": [""https://getdailyvox.com/blog""], ""crawledAs"": ""CRAWLING_USER_AGENT_UNSPECIFIED""}"
https://getdailyvox.com/blog/dailyvox-vs-obsidian,2026-08-24T02:08:50+00:00,PASS,Submitted and indexed,1,ALLOWED,https://getdailyvox.com/blog/dailyvox-vs-obsidian,https://getdailyvox.com/blog/dailyvox-vs-obsidian,2026-07-31T14:22:21Z,"[{""richResultType"": ""Breadcrumbs"", ""items"": [{""name"": ""Unnamed item""}]}]","{""verdict"": ""PASS"", ""coverageState"": ""Submitted and indexed"", ""robotsTxtState"": ""ALLOWED"", ""indexingState"": ""INDEXING_ALLOWED"", ""lastCrawlTime"": ""2026-07-31T14:22:21Z"", ""pageFetchState"": ""SUCCESSFUL"", ""googleCanonical"": ""https://getdailyvox.com/blog/dailyvox-vs-obsidian"", ""userCanonical"": ""https://getdailyvox.com/blog/dailyvox-vs-obsidian"", ""sitemap"": [""https://getdailyvox.com/sitemap.xml""], ""referringUrls"": [""https://getdailyvox.com/sitemap-blog.xml""], ""crawledAs"": ""MOBILE""}"
https://getdailyvox.com/blog/dailyvox-vs-otter,2026-08-24T02:08:50+00:00,PASS,Submitted and indexed,1,ALLOWED,https://getdailyvox.com/blog/dailyvox-vs-otter,https://getdailyvox.com/blog/dailyvox-vs-otter,2026-07-19T06:56:21Z,"[{""richResultType"": ""Breadcrumbs"", ""items"": [{""name"": ""Unnamed item""}]}]","{""verdict"": ""PASS"", ""coverageState"": ""Submitted and indexed"", ""robotsTxtState"": ""ALLOWED"", ""indexingState"": ""INDEXING_ALLOWED"", ""lastCrawlTime"": ""2026-07-19T06:56:21Z"", ""pageFetchState"": ""SUCCESSFUL"", ""googleCanonical"": ""https://getdailyvox.com/blog/dailyvox-vs-otter"", ""userCanonical"": ""https://getdailyvox.com/blog/dailyvox-vs-otter"", ""sitemap"": [""https://getdailyvox.com/sitemap.xml""], ""referringUrls"": [""https://getdailyvox.com/sitemap-blog.xml""], ""crawledAs"": ""MOBILE""}"
https://getdailyvox.com/blog/dailyvox-vs-penzu,2026-08-24T02:08:50+00:00,PASS,Submitted and indexed,1,ALLOWED,https://getdailyvox.com/blog/dailyvox-vs-penzu,https://getdailyvox.com/blog/dailyvox-vs-penzu,2026-07-17T07:03:20Z,"[{""richResultType"": ""Breadcrumbs"", ""items"": [{""name"": ""Unnamed item""}]}]","{""verdict"": ""PASS"", ""coverageState"": ""Submitted and indexed"", ""robotsTxtState"": ""ALLOWED"", ""indexingState"": ""INDEXING_ALLOWED"", ""lastCrawlTime"": ""2026-07-17T07:03:20Z"", ""pageFetchState"": ""SUCCESSFUL"", ""googleCanonical"": ""https://getdailyvox.com/blog/dailyvox-vs-penzu"", ""userCanonical"": ""https://getdailyvox.com/blog/dailyvox-vs-penzu"", ""sitemap"": [""https://getdailyvox.com/sitemap.xml""], ""referringUrls"": [""https://getdailyvox.com/blog/dailyvox-vs-diarium"", ""https://getdailyvox.com/blog/page/3"", ""https://getdailyvox.com/sitemap.xml""], ""crawledAs"": ""MOBILE""}"
https://getdailyvox.com/blog/dailyvox-vs-reflection,2026-08-24T02:08:50+00:00,PASS,Submitted and indexed,1,ALLOWED,https://getdailyvox.com/blog/dailyvox-vs-reflection,https://getdailyvox.com/blog/dailyvox-vs-reflection,2026-08-18T05:10:14Z,"[{""richResultType"": ""Breadcrumbs"", ""items"": [{""name"": ""Unnamed item""}]}]","{""verdict"": ""PASS"", ""coverageState"": ""Submitted and indexed"", ""robotsTxtState"": ""ALLOWED"", ""indexingState"": ""INDEXING_ALLOWED"", ""lastCrawlTime"": ""2026-08-18T05:10:14Z"", ""pageFetchState"": ""SUCCESSFUL"", ""googleCanonical"": ""https://getdailyvox.com/blog/dailyvox-vs-reflection"", ""userCanonical"": ""https://getdailyvox.com/blog/dailyvox-vs-reflection"", ""sitemap"": [""https://getdailyvox.com/sitemap.xml""], ""referringUrls"": [""https://getdailyvox.com/blog/digital-journal-apps-market""], ""crawledAs"": ""MOBILE""}"
https://getdailyvox.com/blog/dailyvox-vs-reflectly,2026-08-24T02:08:50+00:00,NEUTRAL,URL is unknown to Google,0,ROBOTS_TXT_STATE_UNSPECIFIED,,,,[],"{""verdict"": ""NEUTRAL"", ""coverageState"": ""URL is unknown to Google"", ""robotsTxtState"": ""ROBOTS_TXT_STATE_UNSPECIFIED"", ""indexingState"": ""INDEXING_STATE_UNSPECIFIED"", ""pageFetchState"": ""PAGE_FETCH_STATE_UNSPECIFIED""}"
https://getdailyvox.com/blog/dailyvox-vs-rosebud,2026-08-24T02:08:50+00:00,PASS,Submitted and indexed,1,ALLOWED,https://getdailyvox.com/blog/dailyvox-vs-rosebud,https://getdailyvox.com/blog/dailyvox-vs-rosebud,2026-08-03T11:48:53Z,"[{""richResultType"": ""Breadcrumbs"", ""items"": [{""name"": ""Unnamed item""}]}]","{""verdict"": ""PASS"", ""coverageState"": ""Submitted and indexed"", ""robotsTxtState"": ""ALLOWED"", ""indexingState"": ""INDEXING_ALLOWED"", ""lastCrawlTime"": ""2026-08-03T11:48:53Z"", ""pageFetchState"": ""SUCCESSFUL"", ""googleCanonical"": ""https://getdailyvox.com/blog/dailyvox-vs-rosebud"", ""userCanonical"": ""https://getdailyvox.com/blog/dailyvox-vs-rosebud"", ""sitemap"": [""https://getdailyvox.com/sitemap.xml""], ""referringUrls"": [""https://getdailyvox.com/sitemap.xml""], ""crawledAs"": ""MOBILE""}"
https://getdailyvox.com/blog/dailyvox-vs-speakwise,2026-08-24T02:08:50+00:00,PASS,Submitted and indexed,1,ALLOWED,https://getdailyvox.com/blog/dailyvox-vs-speakwise,https://getdailyvox.com/blog/dailyvox-vs-speakwise,2026-08-17T23:32:39Z,"[{""richResultType"": ""Breadcrumbs"", ""items"": [{""name"": ""Unnamed item""}]}]","{""verdict"": ""PASS"", ""coverageState"": ""Submitted and indexed"", ""robotsTxtState"": ""ALLOWED"", ""indexingState"": ""INDEXING_ALLOWED"", ""lastCrawlTime"": ""2026-08-17T23:32:39Z"", ""pageFetchState"": ""SUCCESSFUL"", ""googleCanonical"": ""https://getdailyvox.com/blog/dailyvox-vs-speakwise"", ""userCanonical"": ""https://getdailyvox.com/blog/dailyvox-vs-speakwise"", ""sitemap"": [""https://getdailyvox.com/sitemap.xml""], ""referringUrls"": [""https://getdailyvox.com/blog/digital-journal-apps-market""], ""crawledAs"": ""MOBILE""}"
https://getdailyvox.com/blog/dailyvox-vs-stoic,2026-08-24T02:08:50+00:00,PASS,Submitted and indexed,1,ALLOWED,https://getdailyvox.com/blog/dailyvox-vs-stoic,https://getdailyvox.com/blog/dailyvox-vs-stoic,2026-08-19T09:17:06Z,"[{""richResultType"": ""Breadcrumbs"", ""items"": [{""name"": ""Unnamed item""}]}]","{""verdict"": ""PASS"", ""coverageState"": ""Submitted and indexed"", ""robotsTxtState"": ""ALLOWED"", ""indexingState"": ""INDEXING_ALLOWED"", ""lastCrawlTime"": ""2026-08-19T09:17:06Z"", ""pageFetchState"": ""SUCCESSFUL"", ""googleCanonical"": ""https://getdailyvox.com/blog/dailyvox-vs-stoic"", ""userCanonical"": ""https://getdailyvox.com/blog/dailyvox-vs-stoic"", ""sitemap"": [""https://getdailyvox.com/sitemap.xml""], ""referringUrls"": [""https://getdailyvox.com/sitemap.xml""], ""crawledAs"": ""MOBILE""}"
https://getdailyvox.com/blog/dailyvox-vs-tinh,2026-08-24T02:08:50+00:00,PASS,Submitted and indexed,1,ALLOWED,https://getdailyvox.com/blog/dailyvox-vs-tinh,https://getdailyvox.com/blog/dailyvox-vs-tinh,2026-08-16T23:06:45Z,"[{""richResultType"": ""Breadcrumbs"", ""items"": [{""name"": ""Unnamed item""}]}]","{""verdict"": ""PASS"", ""coverageState"": ""Submitted and indexed"", ""robotsTxtState"": ""ALLOWED"", ""indexingState"": ""INDEXING_ALLOWED"", ""lastCrawlTime"": ""2026-08-16T23:06:45Z"", ""pageFetchState"": ""SUCCESSFUL"", ""googleCanonical"": ""https://getdailyvox.com/blog/dailyvox-vs-tinh"", ""userCanonical"": ""https://getdailyvox.com/blog/dailyvox-vs-tinh"", ""sitemap"": [""https://getdailyvox.com/sitemap.xml""], ""referringUrls"": [""https://getdailyvox.com/blog/dailyvox-vs-voicescriber"", ""https://getdailyvox.com/blog/digital-journal-apps-market""], ""crawledAs"": ""MOBILE""}"
https://getdailyvox.com/blog/dailyvox-vs-untold,2026-08-24T02:08:50+00:00,PASS,Submitted and indexed,1,ALLOWED,https://getdailyvox.com/blog/dailyvox-vs-untold,https://getdailyvox.com/blog/dailyvox-vs-untold,2026-08-14T11:44:16Z,"[{""richResultType"": ""Breadcrumbs"", ""items"": [{""name"": ""Unnamed item""}]}]","{""verdict"": ""PASS"", ""coverageState"": ""Submitted and indexed"", ""robotsTxtState"": ""ALLOWED"", ""indexingState"": ""INDEXING_ALLOWED"", ""lastCrawlTime"": ""2026-08-14T11:44:16Z"", ""pageFetchState"": ""SUCCESSFUL"", ""googleCanonical"": ""https://getdailyvox.com/blog/dailyvox-vs-untold"", ""userCanonical"": ""https://getdailyvox.com/blog/dailyvox-vs-untold"", ""referringUrls"": [""https://getdailyvox.com/blog/digital-journal-apps-market""], ""crawledAs"": ""MOBILE""}"
https://getdailyvox.com/blog/dailyvox-vs-voicescriber,2026-08-24T02:08:50+00:00,PASS,Submitted and indexed,1,ALLOWED,https://getdailyvox.com/blog/dailyvox-vs-voicescriber,https://getdailyvox.com/blog/dailyvox-vs-voicescriber,2026-08-14T05:57:54Z,"[{""richResultType"": ""Breadcrumbs"", ""items"": [{""name"": ""Unnamed item""}]}]","{""verdict"": ""PASS"", ""coverageState"": ""Submitted and indexed"", ""robotsTxtState"": ""ALLOWED"", ""indexingState"": ""INDEXING_ALLOWED"", ""lastCrawlTime"": ""2026-08-14T05:57:54Z"", ""pageFetchState"": ""SUCCESSFUL"", ""googleCanonical"": ""https://getdailyvox.com/blog/dailyvox-vs-voicescriber"", ""userCanonical"": ""https://getdailyvox.com/blog/dailyvox-vs-voicescriber"", ""sitemap"": [""https://getdailyvox.com/sitemap.xml""], ""referringUrls"": [""https://getdailyvox.com/blog/dailyvox-vs-reflection"", ""https://getdailyvox.com/blog/dailyvox-vs-tinh""], ""crawledAs"": ""MOBILE""}"
https://getdailyvox.com/blog/digital-clone-device-future,2026-08-24T02:08:50+00:00,PASS,Submitted and indexed,1,ALLOWED,https://getdailyvox.com/blog/digital-clone-device-future,https://getdailyvox.com/blog/digital-clone-device-future,2026-07-24T01:11:06Z,[],"{""verdict"": ""PASS"", ""coverageState"": ""Submitted and indexed"", ""robotsTxtState"": ""ALLOWED"", ""indexingState"": ""INDEXING_ALLOWED"", ""lastCrawlTime"": ""2026-07-24T01:11:06Z"", ""pageFetchState"": ""SUCCESSFUL"", ""googleCanonical"": ""https://getdailyvox.com/blog/digital-clone-device-future"", ""userCanonical"": ""https://getdailyvox.com/blog/digital-clone-device-future"", ""sitemap"": [""https://getdailyvox.com/sitemap.xml""], ""referringUrls"": [""https://getdailyvox.com/sitemap-blog.xml""], ""crawledAs"": ""MOBILE""}"
https://getdailyvox.com/blog/digital-clone-personal-use,2026-08-24T02:08:50+00:00,PASS,Submitted and indexed,1,ALLOWED,https://getdailyvox.com/blog/digital-clone-personal-use,https://getdailyvox.com/blog/digital-clone-personal-use,2026-05-26T01:31:28Z,"[{""richResultType"": ""Breadcrumbs"", ""items"": [{""name"": ""Unnamed item""}]}]","{""verdict"": ""PASS"", ""coverageState"": ""Submitted and indexed"", ""robotsTxtState"": ""ALLOWED"", ""indexingState"": ""INDEXING_ALLOWED"", ""lastCrawlTime"": ""2026-05-26T01:31:28Z"", ""pageFetchState"": ""SUCCESSFUL"", ""googleCanonical"": ""https://getdailyvox.com/blog/digital-clone-personal-use"", ""userCanonical"": ""https://getdailyvox.com/blog/digital-clone-personal-use"", ""sitemap"": [""https://getdailyvox.com/sitemap.xml""], ""referringUrls"": [""https://getdailyvox.com/blog/page/3"", ""https://getdailyvox.com/sitemap.xml""], ""crawledAs"": ""MOBILE""}"
https://getdailyvox.com/blog/digital-journal-apps-market,2026-08-24T02:08:50+00:00,PASS,Submitted and indexed,1,ALLOWED,https://getdailyvox.com/blog/digital-journal-apps-market,https://getdailyvox.com/blog/digital-journal-apps-market,2026-08-13T18:50:46Z,"[{""richResultType"": ""Breadcrumbs"", ""items"": [{""name"": ""Unnamed item""}]}]","{""verdict"": ""PASS"", ""coverageState"": ""Submitted and indexed"", ""robotsTxtState"": ""ALLOWED"", ""indexingState"": ""INDEXING_ALLOWED"", ""lastCrawlTime"": ""2026-08-13T18:50:46Z"", ""pageFetchState"": ""SUCCESSFUL"", ""googleCanonical"": ""https://getdailyvox.com/blog/digital-journal-apps-market"", ""userCanonical"": ""https://getdailyvox.com/blog/digital-journal-apps-market"", ""sitemap"": [""https://getdailyvox.com/sitemap.xml""], ""referringUrls"": [""https://getdailyvox.com/sitemap-articles.xml""], ""crawledAs"": ""MOBILE""}"
https://getdailyvox.com/blog/digital-twin-vs-chatgpt-memory,2026-08-24T02:08:50+00:00,NEUTRAL,Discovered - currently not indexed,0,ROBOTS_TXT_STATE_UNSPECIFIED,,,,[],"{""verdict"": ""NEUTRAL"", ""coverageState"": ""Discovered - currently not indexed"", ""robotsTxtState"": ""ROBOTS_TXT_STATE_UNSPECIFIED"", ""indexingState"": ""INDEXING_STATE_UNSPECIFIED"", ""pageFetchState"": ""PAGE_FETCH_STATE_UNSPECIFIED"", ""sitemap"": [""https://getdailyvox.com/sitemap.xml""], ""referringUrls"": [""https://getdailyvox.com/sitemap-blog.xml""], ""crawledAs"": ""CRAWLING_USER_AGENT_UNSPECIFIED""}"
https://getdailyvox.com/blog/disaster-preparedness-journaling,2026-08-24T02:08:50+00:00,PASS,Submitted and indexed,1,ALLOWED,https://getdailyvox.com/blog/disaster-preparedness-journaling,https://getdailyvox.com/blog/disaster-preparedness-journaling,2026-05-28T03:20:36Z,"[{""richResultType"": ""Breadcrumbs"", ""items"": [{""name"": ""Unnamed item""}]}]","{""verdict"": ""PASS"", ""coverageState"": ""Submitted and indexed"", ""robotsTxtState"": ""ALLOWED"", ""indexingState"": ""INDEXING_ALLOWED"", ""lastCrawlTime"": ""2026-05-28T03:20:36Z"", ""pageFetchState"": ""SUCCESSFUL"", ""googleCanonical"": ""https://getdailyvox.com/blog/disaster-preparedness-journaling"", ""userCanonical"": ""https://getdailyvox.com/blog/disaster-preparedness-journaling"", ""sitemap"": [""https://getdailyvox.com/sitemap.xml""], ""referringUrls"": [""https://getdailyvox.com/sitemap.xml""], ""crawledAs"": ""MOBILE""}"
https://getdailyvox.com/blog/entrepreneurs-voice-journal,2026-08-24T02:08:50+00:00,PASS,Submitted and indexed,1,ALLOWED,https://getdailyvox.com/blog/entrepreneurs-voice-journal,https://getdailyvox.com/blog/entrepreneurs-voice-journal,2026-08-02T10:43:29Z,"[{""richResultType"": ""Breadcrumbs"", ""items"": [{""name"": ""Unnamed item""}]}]","{""verdict"": ""PASS"", ""coverageState"": ""Submitted and indexed"", ""robotsTxtState"": ""ALLOWED"", ""indexingState"": ""INDEXING_ALLOWED"", ""lastCrawlTime"": ""2026-08-02T10:43:29Z"", ""pageFetchState"": ""SUCCESSFUL"", ""googleCanonical"": ""https://getdailyvox.com/blog/entrepreneurs-voice-journal"", ""userCanonical"": ""https://getdailyvox.com/blog/entrepreneurs-voice-journal"", ""referringUrls"": [""https://getdailyvox.com/for/executives"", ""https://getdailyvox.com/sitemap.xml""], ""crawledAs"": ""MOBILE""}"
https://getdailyvox.com/blog/five-minute-voice-morning-journal,2026-08-24T02:08:50+00:00,PASS,Submitted and indexed,1,ALLOWED,https://getdailyvox.com/blog/five-minute-voice-morning-journal,https://getdailyvox.com/blog/five-minute-voice-morning-journal,2026-08-02T21:56:59Z,"[{""richResultType"": ""Breadcrumbs"", ""items"": [{""name"": ""Unnamed item""}]}]","{""verdict"": ""PASS"", ""coverageState"": ""Submitted and indexed"", ""robotsTxtState"": ""ALLOWED"", ""indexingState"": ""INDEXING_ALLOWED"", ""lastCrawlTime"": ""2026-08-02T21:56:59Z"", ""pageFetchState"": ""SUCCESSFUL"", ""googleCanonical"": ""https://getdailyvox.com/blog/five-minute-voice-morning-journal"", ""userCanonical"": ""https://getdailyvox.com/blog/five-minute-voice-morning-journal"", ""sitemap"": [""https://getdailyvox.com/sitemap.xml""], ""referringUrls"": [""https://getdailyvox.com/blog/how-to-start-journaling"", ""https://getdailyvox.com/sitemap.xml""], ""crawledAs"": ""MOBILE""}"
https://getdailyvox.com/blog/foundation-models-gate,2026-08-24T02:08:50+00:00,PASS,Submitted and indexed,1,ALLOWED,https://getdailyvox.com/blog/foundation-models-gate,https://getdailyvox.com/blog/foundation-models-gate,2026-07-23T20:49:04Z,"[{""richResultType"": ""Breadcrumbs"", ""items"": [{""name"": ""Unnamed item""}]}]","{""verdict"": ""PASS"", ""coverageState"": ""Submitted and indexed"", ""robotsTxtState"": ""ALLOWED"", ""indexingState"": ""INDEXING_ALLOWED"", ""lastCrawlTime"": ""2026-07-23T20:49:04Z"", ""pageFetchState"": ""SUCCESSFUL"", ""googleCanonical"": ""https://getdailyvox.com/blog/foundation-models-gate"", ""userCanonical"": ""https://getdailyvox.com/blog/foundation-models-gate"", ""sitemap"": [""https://getdailyvox.com/sitemap.xml""], ""referringUrls"": [""https://getdailyvox.com/blog""], ""crawledAs"": ""MOBILE""}"
https://getdailyvox.com/blog/free-mood-tracker-app,2026-08-24T02:08:50+00:00,PASS,Submitted and indexed,1,ALLOWED,https://getdailyvox.com/blog/free-mood-tracker-app,https://getdailyvox.com/blog/free-mood-tracker-app,2026-08-03T11:47:55Z,"[{""richResultType"": ""Breadcrumbs"", ""items"": [{""name"": ""Unnamed item""}]}]","{""verdict"": ""PASS"", ""coverageState"": ""Submitted and indexed"", ""robotsTxtState"": ""ALLOWED"", ""indexingState"": ""INDEXING_ALLOWED"", ""lastCrawlTime"": ""2026-08-03T11:47:55Z"", ""pageFetchState"": ""SUCCESSFUL"", ""googleCanonical"": ""https://getdailyvox.com/blog/free-mood-tracker-app"", ""userCanonical"": ""https://getdailyvox.com/blog/free-mood-tracker-app"", ""referringUrls"": [""https://getdailyvox.com/blog/ai-mood-prediction-vs-tracking"", ""https://getdailyvox.com/blog/what-is-mood-tracking"", ""https://getdailyvox.com/sitemap.xml""], ""crawledAs"": ""MOBILE""}"
https://getdailyvox.com/blog/how-digital-twin-learns-personality,2026-08-24T02:08:50+00:00,PASS,Submitted and indexed,1,ALLOWED,https://getdailyvox.com/blog/how-digital-twin-learns-personality,https://getdailyvox.com/blog/how-digital-twin-learns-personality,2026-07-31T13:33:47Z,"[{""richResultType"": ""Breadcrumbs"", ""items"": [{""name"": ""Unnamed item""}]}]","{""verdict"": ""PASS"", ""coverageState"": ""Submitted and indexed"", ""robotsTxtState"": ""ALLOWED"", ""indexingState"": ""INDEXING_ALLOWED"", ""lastCrawlTime"": ""2026-07-31T13:33:47Z"", ""pageFetchState"": ""SUCCESSFUL"", ""googleCanonical"": ""https://getdailyvox.com/blog/how-digital-twin-learns-personality"", ""userCanonical"": ""https://getdailyvox.com/blog/how-digital-twin-learns-personality"", ""sitemap"": [""https://getdailyvox.com/sitemap.xml""], ""referringUrls"": [""https://getdailyvox.com/"", ""https://getdailyvox.com/sitemap.xml""], ""crawledAs"": ""MOBILE""}"
https://getdailyvox.com/blog/how-on-device-ai-works,2026-08-24T02:08:50+00:00,PASS,Submitted and indexed,1,ALLOWED,https://getdailyvox.com/blog/how-on-device-ai-works,https://getdailyvox.com/blog/how-on-device-ai-works,2026-07-24T13:29:21Z,"[{""richResultType"": ""Breadcrumbs"", ""items"": [{""name"": ""Unnamed item""}]}]","{""verdict"": ""PASS"", ""coverageState"": ""Submitted and indexed"", ""robotsTxtState"": ""ALLOWED"", ""indexingState"": ""INDEXING_ALLOWED"", ""lastCrawlTime"": ""2026-07-24T13:29:21Z"", ""pageFetchState"": ""SUCCESSFUL"", ""googleCanonical"": ""https://getdailyvox.com/blog/how-on-device-ai-works"", ""userCanonical"": ""https://getdailyvox.com/blog/how-on-device-ai-works"", ""sitemap"": [""https://getdailyvox.com/sitemap.xml""], ""referringUrls"": [""https://getdailyvox.com/blog/what-is-mood-tracking"", ""https://getdailyvox.com/blog""], ""crawledAs"": ""MOBILE""}"
https://getdailyvox.com/blog/how-to-export-day-one,2026-08-24T02:08:50+00:00,NEUTRAL,Discovered - currently not indexed,0,ROBOTS_TXT_STATE_UNSPECIFIED,,,,[],"{""verdict"": ""NEUTRAL"", ""coverageState"": ""Discovered - currently not indexed"", ""robotsTxtState"": ""ROBOTS_TXT_STATE_UNSPECIFIED"", ""indexingState"": ""INDEXING_STATE_UNSPECIFIED"", ""pageFetchState"": ""PAGE_FETCH_STATE_UNSPECIFIED"", ""sitemap"": [""https://getdailyvox.com/sitemap.xml""], ""referringUrls"": [""https://getdailyvox.com/blog/page/3"", ""https://getdailyvox.com/sitemap.xml""], ""crawledAs"": ""CRAWLING_USER_AGENT_UNSPECIFIED""}"
https://getdailyvox.com/blog/how-to-journal-for-confidence,2026-08-24T02:08:50+00:00,PASS,Submitted and indexed,1,ALLOWED,https://getdailyvox.com/blog/how-to-journal-for-confidence,https://getdailyvox.com/blog/how-to-journal-for-confidence,2026-08-03T08:22:29Z,"[{""richResultType"": ""Breadcrumbs"", ""items"": [{""name"": ""Unnamed item""}]}]","{""verdict"": ""PASS"", ""coverageState"": ""Submitted and indexed"", ""robotsTxtState"": ""ALLOWED"", ""indexingState"": ""INDEXING_ALLOWED"", ""lastCrawlTime"": ""2026-08-03T08:22:29Z"", ""pageFetchState"": ""SUCCESSFUL"", ""googleCanonical"": ""https://getdailyvox.com/blog/how-to-journal-for-confidence"", ""userCanonical"": ""https://getdailyvox.com/blog/how-to-journal-for-confidence"", ""referringUrls"": [""https://getdailyvox.com/blog/how-to-journal-for-self-improvement"", ""https://getdailyvox.com/blog""], ""crawledAs"": ""MOBILE""}"
https://getdailyvox.com/blog/how-to-journal-for-manifestation,2026-08-24T02:08:50+00:00,PASS,Submitted and indexed,1,ALLOWED,https://getdailyvox.com/blog/how-to-journal-for-manifestation,https://getdailyvox.com/blog/how-to-journal-for-manifestation,2026-08-03T12:58:07Z,"[{""richResultType"": ""Breadcrumbs"", ""items"": [{""name"": ""Unnamed item""}]}]","{""verdict"": ""PASS"", ""coverageState"": ""Submitted and indexed"", ""robotsTxtState"": ""ALLOWED"", ""indexingState"": ""INDEXING_ALLOWED"", ""lastCrawlTime"": ""2026-08-03T12:58:07Z"", ""pageFetchState"": ""SUCCESSFUL"", ""googleCanonical"": ""https://getdailyvox.com/blog/how-to-journal-for-manifestation"", ""userCanonical"": ""https://getdailyvox.com/blog/how-to-journal-for-manifestation"", ""sitemap"": [""https://getdailyvox.com/sitemap.xml""], ""referringUrls"": [""https://getdailyvox.com/blog/journal-prompts-for-gratitude"", ""https://getdailyvox.com/blog""], ""crawledAs"": ""MOBILE""}"
https://getdailyvox.com/blog/how-to-journal-for-mental-health,2026-08-24T02:08:50+00:00,PASS,Submitted and indexed,1,ALLOWED,https://getdailyvox.com/blog/how-to-journal-for-mental-health,https://getdailyvox.com/blog/how-to-journal-for-mental-health,2026-08-02T15:30:45Z,"[{""richResultType"": ""Breadcrumbs"", ""items"": [{""name"": ""Unnamed item""}]}]","{""verdict"": ""PASS"", ""coverageState"": ""Submitted and indexed"", ""robotsTxtState"": ""ALLOWED"", ""indexingState"": ""INDEXING_ALLOWED"", ""lastCrawlTime"": ""2026-08-02T15:30:45Z"", ""pageFetchState"": ""SUCCESSFUL"", ""googleCanonical"": ""https://getdailyvox.com/blog/how-to-journal-for-mental-health"", ""userCanonical"": ""https://getdailyvox.com/blog/how-to-journal-for-mental-health"", ""sitemap"": [""https://getdailyvox.com/sitemap.xml""], ""referringUrls"": [""https://getdailyvox.com/blog""], ""crawledAs"": ""MOBILE""}"
https://getdailyvox.com/blog/how-to-journal-for-productivity,2026-08-24T02:08:50+00:00,PASS,Submitted and indexed,1,ALLOWED,https://getdailyvox.com/blog/how-to-journal-for-productivity,https://getdailyvox.com/blog/how-to-journal-for-productivity,2026-08-02T13:36:28Z,"[{""richResultType"": ""Breadcrumbs"", ""items"": [{""name"": ""Unnamed item""}]}]","{""verdict"": ""PASS"", ""coverageState"": ""Submitted and indexed"", ""robotsTxtState"": ""ALLOWED"", ""indexingState"": ""INDEXING_ALLOWED"", ""lastCrawlTime"": ""2026-08-02T13:36:28Z"", ""pageFetchState"": ""SUCCESSFUL"", ""googleCanonical"": ""https://getdailyvox.com/blog/how-to-journal-for-productivity"", ""userCanonical"": ""https://getdailyvox.com/blog/how-to-journal-for-productivity"", ""sitemap"": [""https://getdailyvox.com/sitemap.xml""], ""referringUrls"": [""https://getdailyvox.com/for/accountants"", ""https://getdailyvox.com/blog/how-to-journal-for-self-improvement"", ""https://getdailyvox.com/blog""], ""crawledAs"": ""MOBILE""}"
https://getdailyvox.com/blog/how-to-journal-for-self-improvement,2026-08-24T02:08:50+00:00,PASS,Submitted and indexed,1,ALLOWED,https://getdailyvox.com/blog/how-to-journal-for-self-improvement,https://getdailyvox.com/blog/how-to-journal-for-self-improvement,2026-08-02T21:20:48Z,"[{""richResultType"": ""Breadcrumbs"", ""items"": [{""name"": ""Unnamed item""}]}]","{""verdict"": ""PASS"", ""coverageState"": ""Submitted and indexed"", ""robotsTxtState"": ""ALLOWED"", ""indexingState"": ""INDEXING_ALLOWED"", ""lastCrawlTime"": ""2026-08-02T21:20:48Z"", ""pageFetchState"": ""SUCCESSFUL"", ""googleCanonical"": ""https://getdailyvox.com/blog/how-to-journal-for-self-improvement"", ""userCanonical"": ""https://getdailyvox.com/blog/how-to-journal-for-self-improvement"", ""referringUrls"": [""https://getdailyvox.com/blog/what-is-mood-tracking"", ""https://getdailyvox.com/blog""], ""crawledAs"": ""MOBILE""}"
https://getdailyvox.com/blog/how-to-journal-for-sleep,2026-08-24T02:08:50+00:00,PASS,Submitted and indexed,1,ALLOWED,https://getdailyvox.com/blog/how-to-journal-for-sleep,https://getdailyvox.com/blog/how-to-journal-for-sleep,2026-07-29T06:34:04Z,"[{""richResultType"": ""Breadcrumbs"", ""items"": [{""name"": ""Unnamed item""}]}]","{""verdict"": ""PASS"", ""coverageState"": ""Submitted and indexed"", ""robotsTxtState"": ""ALLOWED"", ""indexingState"": ""INDEXING_ALLOWED"", ""lastCrawlTime"": ""2026-07-29T06:34:04Z"", ""pageFetchState"": ""SUCCESSFUL"", ""googleCanonical"": ""https://getdailyvox.com/blog/how-to-journal-for-sleep"", ""userCanonical"": ""https://getdailyvox.com/blog/how-to-journal-for-sleep"", ""sitemap"": [""https://getdailyvox.com/sitemap.xml""], ""referringUrls"": [""https://getdailyvox.com/blog""], ""crawledAs"": ""MOBILE""}"
https://getdailyvox.com/blog/how-to-journal-for-stress-relief,2026-08-24T02:08:50+00:00,PASS,Submitted and indexed,1,ALLOWED,https://getdailyvox.com/blog/how-to-journal-for-stress-relief,https://getdailyvox.com/blog/how-to-journal-for-stress-relief,2026-07-30T10:04:18Z,"[{""richResultType"": ""Breadcrumbs"", ""items"": [{""name"": ""Unnamed item""}]}]","{""verdict"": ""PASS"", ""coverageState"": ""Submitted and indexed"", ""robotsTxtState"": ""ALLOWED"", ""indexingState"": ""INDEXING_ALLOWED"", ""lastCrawlTime"": ""2026-07-30T10:04:18Z"", ""pageFetchState"": ""SUCCESSFUL"", ""googleCanonical"": ""https://getdailyvox.com/blog/how-to-journal-for-stress-relief"", ""userCanonical"": ""https://getdailyvox.com/blog/how-to-journal-for-stress-relief"", ""sitemap"": [""https://getdailyvox.com/sitemap.xml""], ""referringUrls"": [""https://getdailyvox.com/blog/best-journal-app-for-men"", ""https://getdailyvox.com/blog""], ""crawledAs"": ""MOBILE""}"
https://getdailyvox.com/blog/how-to-journal-for-trauma-recovery,2026-08-24T02:08:50+00:00,PASS,Submitted and indexed,1,ALLOWED,https://getdailyvox.com/blog/how-to-journal-for-trauma-recovery,https://getdailyvox.com/blog/how-to-journal-for-trauma-recovery,2026-08-04T10:30:23Z,"[{""richResultType"": ""Breadcrumbs"", ""items"": [{""name"": ""Unnamed item""}]}]","{""verdict"": ""PASS"", ""coverageState"": ""Submitted and indexed"", ""robotsTxtState"": ""ALLOWED"", ""indexingState"": ""INDEXING_ALLOWED"", ""lastCrawlTime"": ""2026-08-04T10:30:23Z"", ""pageFetchState"": ""SUCCESSFUL"", ""googleCanonical"": ""https://getdailyvox.com/blog/how-to-journal-for-trauma-recovery"", ""userCanonical"": ""https://getdailyvox.com/blog/how-to-journal-for-trauma-recovery"", ""sitemap"": [""https://getdailyvox.com/sitemap.xml""], ""referringUrls"": [""https://getdailyvox.com/blog""], ""crawledAs"": ""MOBILE""}"
https://getdailyvox.com/blog/how-to-journal-for-weight-loss,2026-08-24T02:08:50+00:00,NEUTRAL,Discovered - currently not indexed,0,ROBOTS_TXT_STATE_UNSPECIFIED,,,,[],"{""verdict"": ""NEUTRAL"", ""coverageState"": ""Discovered - currently not indexed"", ""robotsTxtState"": ""ROBOTS_TXT_STATE_UNSPECIFIED"", ""indexingState"": ""INDEXING_STATE_UNSPECIFIED"", ""pageFetchState"": ""PAGE_FETCH_STATE_UNSPECIFIED"", ""sitemap"": [""https://getdailyvox.com/sitemap.xml""], ""referringUrls"": [""https://getdailyvox.com/blog""], ""crawledAs"": ""CRAWLING_USER_AGENT_UNSPECIFIED""}"
https://getdailyvox.com/blog/how-to-journal-when-you-hate-writing,2026-08-24T02:08:50+00:00,NEUTRAL,Discovered - currently not indexed,0,ROBOTS_TXT_STATE_UNSPECIFIED,,,,[],"{""verdict"": ""NEUTRAL"", ""coverageState"": ""Discovered - currently not indexed"", ""robotsTxtState"": ""ROBOTS_TXT_STATE_UNSPECIFIED"", ""indexingState"": ""INDEXING_STATE_UNSPECIFIED"", ""pageFetchState"": ""PAGE_FETCH_STATE_UNSPECIFIED"", ""sitemap"": [""https://getdailyvox.com/sitemap.xml""], ""referringUrls"": [""https://getdailyvox.com/sitemap.xml""], ""crawledAs"": ""CRAWLING_USER_AGENT_UNSPECIFIED""}"
https://getdailyvox.com/blog/how-to-start-journaling,2026-08-24T02:08:50+00:00,PASS,Submitted and indexed,1,ALLOWED,https://getdailyvox.com/blog/how-to-start-journaling,https://getdailyvox.com/blog/how-to-start-journaling,2026-08-01T04:33:11Z,"[{""richResultType"": ""Breadcrumbs"", ""items"": [{""name"": ""Unnamed item""}]}]","{""verdict"": ""PASS"", ""coverageState"": ""Submitted and indexed"", ""robotsTxtState"": ""ALLOWED"", ""indexingState"": ""INDEXING_ALLOWED"", ""lastCrawlTime"": ""2026-08-01T04:33:11Z"", ""pageFetchState"": ""SUCCESSFUL"", ""googleCanonical"": ""https://getdailyvox.com/blog/how-to-start-journaling"", ""userCanonical"": ""https://getdailyvox.com/blog/how-to-start-journaling"", ""sitemap"": [""https://getdailyvox.com/sitemap.xml""], ""referringUrls"": [""https://getdailyvox.com/for/caregivers-sobriety-journal"", ""https://getdailyvox.com/blog/journal-prompts-for-beginners"", ""https://getdailyvox.com/blog""], ""crawledAs"": ""MOBILE""}"
https://getdailyvox.com/blog/how-to-start-voice-journaling,2026-08-24T02:08:50+00:00,NEUTRAL,Discovered - currently not indexed,0,ROBOTS_TXT_STATE_UNSPECIFIED,,,,[],"{""verdict"": ""NEUTRAL"", ""coverageState"": ""Discovered - currently not indexed"", ""robotsTxtState"": ""ROBOTS_TXT_STATE_UNSPECIFIED"", ""indexingState"": ""INDEXING_STATE_UNSPECIFIED"", ""pageFetchState"": ""PAGE_FETCH_STATE_UNSPECIFIED"", ""sitemap"": [""https://getdailyvox.com/sitemap.xml""], ""referringUrls"": [""https://getdailyvox.com/blog/feed.xml""], ""crawledAs"": ""CRAWLING_USER_AGENT_UNSPECIFIED""}"
https://getdailyvox.com/blog/how-we-optimized-dailyvox-for-ai-search,2026-08-24T02:08:50+00:00,PASS,Submitted and indexed,1,ALLOWED,https://getdailyvox.com/blog/how-we-optimized-dailyvox-for-ai-search,https://getdailyvox.com/blog/how-we-optimized-dailyvox-for-ai-search,2026-07-23T19:07:17Z,"[{""richResultType"": ""Breadcrumbs"", ""items"": [{""name"": ""Unnamed item""}]}]","{""verdict"": ""PASS"", ""coverageState"": ""Submitted and indexed"", ""robotsTxtState"": ""ALLOWED"", ""indexingState"": ""INDEXING_ALLOWED"", ""lastCrawlTime"": ""2026-07-23T19:07:17Z"", ""pageFetchState"": ""SUCCESSFUL"", ""googleCanonical"": ""https://getdailyvox.com/blog/how-we-optimized-dailyvox-for-ai-search"", ""userCanonical"": ""https://getdailyvox.com/blog/how-we-optimized-dailyvox-for-ai-search"", ""sitemap"": [""https://getdailyvox.com/sitemap.xml""], ""referringUrls"": [""https://getdailyvox.com/sitemap-blog.xml""], ""crawledAs"": ""MOBILE""}"
https://getdailyvox.com/blog/is-dailyvox-safe,2026-08-24T02:08:50+00:00,NEUTRAL,Discovered - currently not indexed,0,ROBOTS_TXT_STATE_UNSPECIFIED,,,,[],"{""verdict"": ""NEUTRAL"", ""coverageState"": ""Discovered - currently not indexed"", ""robotsTxtState"": ""ROBOTS_TXT_STATE_UNSPECIFIED"", ""indexingState"": ""INDEXING_STATE_UNSPECIFIED"", ""pageFetchState"": ""PAGE_FETCH_STATE_UNSPECIFIED"", ""sitemap"": [""https://getdailyvox.com/sitemap.xml""], ""crawledAs"": ""CRAWLING_USER_AGENT_UNSPECIFIED""}"
https://getdailyvox.com/blog/is-your-diary-app-private,2026-08-24T02:08:50+00:00,PASS,Submitted and indexed,1,ALLOWED,https://getdailyvox.com/blog/is-your-diary-app-private,https://getdailyvox.com/blog/is-your-diary-app-private,2026-08-02T22:34:55Z,"[{""richResultType"": ""Breadcrumbs"", ""items"": [{""name"": ""Unnamed item""}]}]","{""verdict"": ""PASS"", ""coverageState"": ""Submitted and indexed"", ""robotsTxtState"": ""ALLOWED"", ""indexingState"": ""INDEXING_ALLOWED"", ""lastCrawlTime"": ""2026-08-02T22:34:55Z"", ""pageFetchState"": ""SUCCESSFUL"", ""googleCanonical"": ""https://getdailyvox.com/blog/is-your-diary-app-private"", ""userCanonical"": ""https://getdailyvox.com/blog/is-your-diary-app-private"", ""sitemap"": [""https://getdailyvox.com/sitemap.xml""], ""crawledAs"": ""MOBILE""}"
https://getdailyvox.com/blog/journal-app-privacy-comparison,2026-08-24T02:08:50+00:00,PASS,Submitted and indexed,1,ALLOWED,https://getdailyvox.com/blog/journal-app-privacy-comparison,https://getdailyvox.com/blog/journal-app-privacy-comparison,2026-08-05T08:39:45Z,"[{""richResultType"": ""Breadcrumbs"", ""items"": [{""name"": ""Unnamed item""}]}]","{""verdict"": ""PASS"", ""coverageState"": ""Submitted and indexed"", ""robotsTxtState"": ""ALLOWED"", ""indexingState"": ""INDEXING_ALLOWED"", ""lastCrawlTime"": ""2026-08-05T08:39:45Z"", ""pageFetchState"": ""SUCCESSFUL"", ""googleCanonical"": ""https://getdailyvox.com/blog/journal-app-privacy-comparison"", ""userCanonical"": ""https://getdailyvox.com/blog/journal-app-privacy-comparison"", ""referringUrls"": [""https://getdailyvox.com/sitemap.xml""], ""crawledAs"": ""MOBILE""}"
https://getdailyvox.com/blog/journal-app-privacy-labels-explained,2026-08-24T02:08:50+00:00,NEUTRAL,Crawled - currently not indexed,0,ALLOWED,https://getdailyvox.com/blog/journal-app-privacy-labels-explained,https://getdailyvox.com/blog/journal-app-privacy-labels-explained,2026-07-02T19:11:05Z,[],"{""verdict"": ""NEUTRAL"", ""coverageState"": ""Crawled - currently not indexed"", ""robotsTxtState"": ""ALLOWED"", ""indexingState"": ""INDEXING_ALLOWED"", ""lastCrawlTime"": ""2026-07-02T19:11:05Z"", ""pageFetchState"": ""SUCCESSFUL"", ""googleCanonical"": ""https://getdailyvox.com/blog/journal-app-privacy-labels-explained"", ""userCanonical"": ""https://getdailyvox.com/blog/journal-app-privacy-labels-explained"", ""sitemap"": [""https://getdailyvox.com/sitemap.xml""], ""referringUrls"": [""https://getdailyvox.com/sitemap-blog.xml""], ""crawledAs"": ""MOBILE""}"
https://getdailyvox.com/blog/journal-app-with-ai,2026-08-24T02:08:50+00:00,PASS,Submitted and indexed,1,ALLOWED,https://getdailyvox.com/blog/journal-app-with-ai,https://getdailyvox.com/blog/journal-app-with-ai,2026-08-01T06:44:39Z,"[{""richResultType"": ""Breadcrumbs"", ""items"": [{""name"": ""Unnamed item""}]}]","{""verdict"": ""PASS"", ""coverageState"": ""Submitted and indexed"", ""robotsTxtState"": ""ALLOWED"", ""indexingState"": ""INDEXING_ALLOWED"", ""lastCrawlTime"": ""2026-08-01T06:44:39Z"", ""pageFetchState"": ""SUCCESSFUL"", ""googleCanonical"": ""https://getdailyvox.com/blog/journal-app-with-ai"", ""userCanonical"": ""https://getdailyvox.com/blog/journal-app-with-ai"", ""sitemap"": [""https://getdailyvox.com/sitemap.xml""], ""referringUrls"": [""https://getdailyvox.com/blog/why-your-ai-journal-shouldnt-send-data-to-cloud"", ""https://getdailyvox.com/blog/dailyvox-vs-rosebud"", ""https://getdailyvox.com/sitemap.xml""], ""crawledAs"": ""MOBILE""}"
https://getdailyvox.com/blog/journal-every-day-90-days,2026-08-24T02:08:50+00:00,PASS,Submitted and indexed,1,ALLOWED,https://getdailyvox.com/blog/journal-every-day-90-days,https://getdailyvox.com/blog/journal-every-day-90-days,2026-05-24T12:47:59Z,"[{""richResultType"": ""Breadcrumbs"", ""items"": [{""name"": ""Unnamed item""}]}]","{""verdict"": ""PASS"", ""coverageState"": ""Submitted and indexed"", ""robotsTxtState"": ""ALLOWED"", ""indexingState"": ""INDEXING_ALLOWED"", ""lastCrawlTime"": ""2026-05-24T12:47:59Z"", ""pageFetchState"": ""SUCCESSFUL"", ""googleCanonical"": ""https://getdailyvox.com/blog/journal-every-day-90-days"", ""userCanonical"": ""https://getdailyvox.com/blog/journal-every-day-90-days"", ""sitemap"": [""https://getdailyvox.com/sitemap.xml""], ""referringUrls"": [""https://getdailyvox.com/sitemap.xml""], ""crawledAs"": ""MOBILE""}"
https://getdailyvox.com/blog/journal-prompts-for-anger,2026-08-24T02:08:50+00:00,NEUTRAL,URL is unknown to Google,0,ROBOTS_TXT_STATE_UNSPECIFIED,,,,[],"{""verdict"": ""NEUTRAL"", ""coverageState"": ""URL is unknown to Google"", ""robotsTxtState"": ""ROBOTS_TXT_STATE_UNSPECIFIED"", ""indexingState"": ""INDEXING_STATE_UNSPECIFIED"", ""pageFetchState"": ""PAGE_FETCH_STATE_UNSPECIFIED""}"
https://getdailyvox.com/blog/journal-prompts-for-beginners,2026-08-24T02:08:50+00:00,PASS,Submitted and indexed,1,ALLOWED,https://getdailyvox.com/blog/journal-prompts-for-beginners,https://getdailyvox.com/blog/journal-prompts-for-beginners,2026-08-02T10:44:25Z,"[{""richResultType"": ""Breadcrumbs"", ""items"": [{""name"": ""Unnamed item""}]}]","{""verdict"": ""PASS"", ""coverageState"": ""Submitted and indexed"", ""robotsTxtState"": ""ALLOWED"", ""indexingState"": ""INDEXING_ALLOWED"", ""lastCrawlTime"": ""2026-08-02T10:44:25Z"", ""pageFetchState"": ""SUCCESSFUL"", ""googleCanonical"": ""https://getdailyvox.com/blog/journal-prompts-for-beginners"", ""userCanonical"": ""https://getdailyvox.com/blog/journal-prompts-for-beginners"", ""referringUrls"": [""https://getdailyvox.com/blog/how-to-start-journaling"", ""https://getdailyvox.com/blog""], ""crawledAs"": ""MOBILE""}"
https://getdailyvox.com/blog/journal-prompts-for-career,2026-08-24T02:08:50+00:00,PASS,Submitted and indexed,1,ALLOWED,https://getdailyvox.com/blog/journal-prompts-for-career,https://getdailyvox.com/blog/journal-prompts-for-career,2026-08-03T11:48:46Z,"[{""richResultType"": ""Breadcrumbs"", ""items"": [{""name"": ""Unnamed item""}]}]","{""verdict"": ""PASS"", ""coverageState"": ""Submitted and indexed"", ""robotsTxtState"": ""ALLOWED"", ""indexingState"": ""INDEXING_ALLOWED"", ""lastCrawlTime"": ""2026-08-03T11:48:46Z"", ""pageFetchState"": ""SUCCESSFUL"", ""googleCanonical"": ""https://getdailyvox.com/blog/journal-prompts-for-career"", ""userCanonical"": ""https://getdailyvox.com/blog/journal-prompts-for-career"", ""referringUrls"": [""https://getdailyvox.com/blog""], ""crawledAs"": ""MOBILE""}"
https://getdailyvox.com/blog/journal-prompts-for-depression,2026-08-24T02:08:50+00:00,PASS,Submitted and indexed,1,ALLOWED,https://getdailyvox.com/blog/journal-prompts-for-depression,https://getdailyvox.com/blog/journal-prompts-for-depression,2026-08-04T13:30:22Z,"[{""richResultType"": ""Breadcrumbs"", ""items"": [{""name"": ""Unnamed item""}]}]","{""verdict"": ""PASS"", ""coverageState"": ""Submitted and indexed"", ""robotsTxtState"": ""ALLOWED"", ""indexingState"": ""INDEXING_ALLOWED"", ""lastCrawlTime"": ""2026-08-04T13:30:22Z"", ""pageFetchState"": ""SUCCESSFUL"", ""googleCanonical"": ""https://getdailyvox.com/blog/journal-prompts-for-depression"", ""userCanonical"": ""https://getdailyvox.com/blog/journal-prompts-for-depression"", ""referringUrls"": [""https://getdailyvox.com/blog/journal-prompts-for-grief"", ""https://getdailyvox.com/blog""], ""crawledAs"": ""MOBILE""}"
https://getdailyvox.com/blog/journal-prompts-for-gratitude,2026-08-24T02:08:50+00:00,PASS,Submitted and indexed,1,ALLOWED,https://getdailyvox.com/blog/journal-prompts-for-gratitude,https://getdailyvox.com/blog/journal-prompts-for-gratitude,2026-08-02T13:35:37Z,"[{""richResultType"": ""Breadcrumbs"", ""items"": [{""name"": ""Unnamed item""}]}, {""richResultType"": ""Unparsable structured data"", ""items"": [{""name"": ""Unnamed item"", ""issues"": [{""issueMessage"": ""Parsing error: Missing ',' or '}'"", ""severity"": ""ERROR""}]}]}]","{""verdict"": ""PASS"", ""coverageState"": ""Submitted and indexed"", ""robotsTxtState"": ""ALLOWED"", ""indexingState"": ""INDEXING_ALLOWED"", ""lastCrawlTime"": ""2026-08-02T13:35:37Z"", ""pageFetchState"": ""SUCCESSFUL"", ""googleCanonical"": ""https://getdailyvox.com/blog/journal-prompts-for-gratitude"", ""userCanonical"": ""https://getdailyvox.com/blog/journal-prompts-for-gratitude"", ""referringUrls"": [""https://getdailyvox.com/blog/journal-prompts-for-beginners"", ""https://getdailyvox.com/blog""], ""crawledAs"": ""MOBILE""}"
https://getdailyvox.com/blog/journal-prompts-for-grief,2026-08-24T02:08:50+00:00,PASS,Submitted and indexed,1,ALLOWED,https://getdailyvox.com/blog/journal-prompts-for-grief,https://getdailyvox.com/blog/journal-prompts-for-grief,2026-08-04T13:20:10Z,"[{""richResultType"": ""Breadcrumbs"", ""items"": [{""name"": ""Unnamed item""}]}]","{""verdict"": ""PASS"", ""coverageState"": ""Submitted and indexed"", ""robotsTxtState"": ""ALLOWED"", ""indexingState"": ""INDEXING_ALLOWED"", ""lastCrawlTime"": ""2026-08-04T13:20:10Z"", ""pageFetchState"": ""SUCCESSFUL"", ""googleCanonical"": ""https://getdailyvox.com/blog/journal-prompts-for-grief"", ""userCanonical"": ""https://getdailyvox.com/blog/journal-prompts-for-grief"", ""referringUrls"": [""https://getdailyvox.com/blog/how-to-journal-for-trauma-recovery"", ""https://getdailyvox.com/blog""], ""crawledAs"": ""MOBILE""}"
https://getdailyvox.com/blog/journal-prompts-for-new-year,2026-08-24T02:08:50+00:00,PASS,Submitted and indexed,1,ALLOWED,https://getdailyvox.com/blog/journal-prompts-for-new-year,https://getdailyvox.com/blog/journal-prompts-for-new-year,2026-08-03T12:47:24Z,"[{""richResultType"": ""Breadcrumbs"", ""items"": [{""name"": ""Unnamed item""}]}]","{""verdict"": ""PASS"", ""coverageState"": ""Submitted and indexed"", ""robotsTxtState"": ""ALLOWED"", ""indexingState"": ""INDEXING_ALLOWED"", ""lastCrawlTime"": ""2026-08-03T12:47:24Z"", ""pageFetchState"": ""SUCCESSFUL"", ""googleCanonical"": ""https://getdailyvox.com/blog/journal-prompts-for-new-year"", ""userCanonical"": ""https://getdailyvox.com/blog/journal-prompts-for-new-year"", ""referringUrls"": [""https://getdailyvox.com/blog/how-to-journal-for-manifestation"", ""https://getdailyvox.com/blog""], ""crawledAs"": ""MOBILE""}"
https://getdailyvox.com/blog/journal-prompts-for-relationships,2026-08-24T02:08:50+00:00,NEUTRAL,URL is unknown to Google,0,ROBOTS_TXT_STATE_UNSPECIFIED,,,,[],"{""verdict"": ""NEUTRAL"", ""coverageState"": ""URL is unknown to Google"", ""robotsTxtState"": ""ROBOTS_TXT_STATE_UNSPECIFIED"", ""indexingState"": ""INDEXING_STATE_UNSPECIFIED"", ""pageFetchState"": ""PAGE_FETCH_STATE_UNSPECIFIED""}"
https://getdailyvox.com/blog/journal-prompts-for-self-discovery,2026-08-24T02:08:50+00:00,NEUTRAL,Crawled - currently not indexed,0,ALLOWED,https://getdailyvox.com/blog/journal-prompts-for-self-discovery,https://getdailyvox.com/blog/journal-prompts-for-self-discovery,2026-06-26T21:38:20Z,[],"{""verdict"": ""NEUTRAL"", ""coverageState"": ""Crawled - currently not indexed"", ""robotsTxtState"": ""ALLOWED"", ""indexingState"": ""INDEXING_ALLOWED"", ""lastCrawlTime"": ""2026-06-26T21:38:20Z"", ""pageFetchState"": ""SUCCESSFUL"", ""googleCanonical"": ""https://getdailyvox.com/blog/journal-prompts-for-self-discovery"", ""userCanonical"": ""https://getdailyvox.com/blog/journal-prompts-for-self-discovery"", ""referringUrls"": [""https://getdailyvox.com/use/new-city"", ""https://getdailyvox.com/blog/journal-prompts-for-self-esteem"", ""https://getdailyvox.com/blog""], ""crawledAs"": ""MOBILE""}"
https://getdailyvox.com/blog/journal-prompts-for-self-esteem,2026-08-24T02:08:50+00:00,NEUTRAL,URL is unknown to Google,0,ROBOTS_TXT_STATE_UNSPECIFIED,,,,[],"{""verdict"": ""NEUTRAL"", ""coverageState"": ""URL is unknown to Google"", ""robotsTxtState"": ""ROBOTS_TXT_STATE_UNSPECIFIED"", ""indexingState"": ""INDEXING_STATE_UNSPECIFIED"", ""pageFetchState"": ""PAGE_FETCH_STATE_UNSPECIFIED""}"
https://getdailyvox.com/blog/journaling-for-couples,2026-08-24T02:08:50+00:00,PASS,Submitted and indexed,1,ALLOWED,https://getdailyvox.com/blog/journaling-for-couples,https://getdailyvox.com/blog/journaling-for-couples,2026-06-07T18:53:01Z,"[{""richResultType"": ""Breadcrumbs"", ""items"": [{""name"": ""Unnamed item""}]}]","{""verdict"": ""PASS"", ""coverageState"": ""Submitted and indexed"", ""robotsTxtState"": ""ALLOWED"", ""indexingState"": ""INDEXING_ALLOWED"", ""lastCrawlTime"": ""2026-06-07T18:53:01Z"", ""pageFetchState"": ""SUCCESSFUL"", ""googleCanonical"": ""https://getdailyvox.com/blog/journaling-for-couples"", ""userCanonical"": ""https://getdailyvox.com/blog/journaling-for-couples"", ""sitemap"": [""https://getdailyvox.com/sitemap.xml""], ""referringUrls"": [""https://getdailyvox.com/sitemap.xml""], ""crawledAs"": ""MOBILE""}"
https://getdailyvox.com/blog/journaling-for-mental-fitness,2026-08-24T02:08:50+00:00,NEUTRAL,Crawled - currently not indexed,0,ALLOWED,https://getdailyvox.com/blog/journaling-for-mental-fitness,https://getdailyvox.com/blog/journaling-for-mental-fitness,2026-05-29T02:01:18Z,[],"{""verdict"": ""NEUTRAL"", ""coverageState"": ""Crawled - currently not indexed"", ""robotsTxtState"": ""ALLOWED"", ""indexingState"": ""INDEXING_ALLOWED"", ""lastCrawlTime"": ""2026-05-29T02:01:18Z"", ""pageFetchState"": ""SUCCESSFUL"", ""googleCanonical"": ""https://getdailyvox.com/blog/journaling-for-mental-fitness"", ""userCanonical"": ""https://getdailyvox.com/blog/journaling-for-mental-fitness"", ""sitemap"": [""https://getdailyvox.com/sitemap.xml""], ""referringUrls"": [""https://getdailyvox.com/blog/anti-optimization-journal"", ""https://getdailyvox.com/sitemap.xml""], ""crawledAs"": ""MOBILE""}"
https://getdailyvox.com/blog/journaling-prompts-for-anxiety,2026-08-24T02:08:50+00:00,PASS,Submitted and indexed,1,ALLOWED,https://getdailyvox.com/blog/journaling-prompts-for-anxiety,https://getdailyvox.com/blog/journaling-prompts-for-anxiety,2026-08-03T01:14:25Z,"[{""richResultType"": ""Breadcrumbs"", ""items"": [{""name"": ""Unnamed item""}]}]","{""verdict"": ""PASS"", ""coverageState"": ""Submitted and indexed"", ""robotsTxtState"": ""ALLOWED"", ""indexingState"": ""INDEXING_ALLOWED"", ""lastCrawlTime"": ""2026-08-03T01:14:25Z"", ""pageFetchState"": ""SUCCESSFUL"", ""googleCanonical"": ""https://getdailyvox.com/blog/journaling-prompts-for-anxiety"", ""userCanonical"": ""https://getdailyvox.com/blog/journaling-prompts-for-anxiety"", ""sitemap"": [""https://getdailyvox.com/sitemap.xml""], ""referringUrls"": [""https://getdailyvox.com/blog/dailyvox-vs-finch"", ""https://getdailyvox.com/blog""], ""crawledAs"": ""MOBILE""}"
https://getdailyvox.com/blog/llm-that-cannot-cite-what-it-did-not-read,2026-08-24T02:08:50+00:00,NEUTRAL,Crawled - currently not indexed,0,ALLOWED,https://getdailyvox.com/blog/llm-that-cannot-cite-what-it-did-not-read,https://getdailyvox.com/blog/llm-that-cannot-cite-what-it-did-not-read,2026-08-22T06:12:36Z,[],"{""verdict"": ""NEUTRAL"", ""coverageState"": ""Crawled - currently not indexed"", ""robotsTxtState"": ""ALLOWED"", ""indexingState"": ""INDEXING_ALLOWED"", ""lastCrawlTime"": ""2026-08-22T06:12:36Z"", ""pageFetchState"": ""SUCCESSFUL"", ""googleCanonical"": ""https://getdailyvox.com/blog/llm-that-cannot-cite-what-it-did-not-read"", ""userCanonical"": ""https://getdailyvox.com/blog/llm-that-cannot-cite-what-it-did-not-read"", ""sitemap"": [""https://getdailyvox.com/sitemap.xml""], ""referringUrls"": [""https://getdailyvox.com/sitemap-articles.xml""], ""crawledAs"": ""MOBILE""}"
https://getdailyvox.com/blog/never-leaves-guarantee,2026-08-24T02:08:50+00:00,PASS,Submitted and indexed,1,ALLOWED,https://getdailyvox.com/blog/never-leaves-guarantee,https://getdailyvox.com/blog/never-leaves-guarantee,2026-07-17T07:57:08Z,"[{""richResultType"": ""Breadcrumbs"", ""items"": [{""name"": ""Unnamed item""}]}]","{""verdict"": ""PASS"", ""coverageState"": ""Submitted and indexed"", ""robotsTxtState"": ""ALLOWED"", ""indexingState"": ""INDEXING_ALLOWED"", ""lastCrawlTime"": ""2026-07-17T07:57:08Z"", ""pageFetchState"": ""SUCCESSFUL"", ""googleCanonical"": ""https://getdailyvox.com/blog/never-leaves-guarantee"", ""userCanonical"": ""https://getdailyvox.com/blog/never-leaves-guarantee"", ""sitemap"": [""https://getdailyvox.com/sitemap.xml""], ""referringUrls"": [""https://getdailyvox.com/sitemap-blog.xml""], ""crawledAs"": ""MOBILE""}"
https://getdailyvox.com/blog/on-device-ai-maturity-model,2026-08-24T02:08:50+00:00,NEUTRAL,Crawled - currently not indexed,0,ALLOWED,https://getdailyvox.com/blog/on-device-ai-maturity-model,https://getdailyvox.com/blog/on-device-ai-maturity-model,2026-07-03T08:14:35Z,[],"{""verdict"": ""NEUTRAL"", ""coverageState"": ""Crawled - currently not indexed"", ""robotsTxtState"": ""ALLOWED"", ""indexingState"": ""INDEXING_ALLOWED"", ""lastCrawlTime"": ""2026-07-03T08:14:35Z"", ""pageFetchState"": ""SUCCESSFUL"", ""googleCanonical"": ""https://getdailyvox.com/blog/on-device-ai-maturity-model"", ""userCanonical"": ""https://getdailyvox.com/blog/on-device-ai-maturity-model"", ""sitemap"": [""https://getdailyvox.com/sitemap.xml""], ""referringUrls"": [""https://getdailyvox.com/blog/journal-app-privacy-labels-explained"", ""https://getdailyvox.com/sitemap-blog.xml""], ""crawledAs"": ""MOBILE""}"
https://getdailyvox.com/blog/on-device-ai-vs-cloud-ai-journaling,2026-08-24T02:08:50+00:00,PASS,Submitted and indexed,1,ALLOWED,https://getdailyvox.com/blog/on-device-ai-vs-cloud-ai-journaling,https://getdailyvox.com/blog/on-device-ai-vs-cloud-ai-journaling,2026-07-09T00:12:16Z,"[{""richResultType"": ""Breadcrumbs"", ""items"": [{""name"": ""Unnamed item""}]}]","{""verdict"": ""PASS"", ""coverageState"": ""Submitted and indexed"", ""robotsTxtState"": ""ALLOWED"", ""indexingState"": ""INDEXING_ALLOWED"", ""lastCrawlTime"": ""2026-07-09T00:12:16Z"", ""pageFetchState"": ""SUCCESSFUL"", ""googleCanonical"": ""https://getdailyvox.com/blog/on-device-ai-vs-cloud-ai-journaling"", ""userCanonical"": ""https://getdailyvox.com/blog/on-device-ai-vs-cloud-ai-journaling"", ""sitemap"": [""https://getdailyvox.com/sitemap.xml""], ""referringUrls"": [""https://getdailyvox.com/sitemap-blog.xml""], ""crawledAs"": ""MOBILE""}"
https://getdailyvox.com/blog/on-device-ai-without-apple-frameworks,2026-08-24T02:08:50+00:00,PASS,Submitted and indexed,1,ALLOWED,https://getdailyvox.com/blog/on-device-ai-without-apple-frameworks,https://getdailyvox.com/blog/on-device-ai-without-apple-frameworks,2026-08-23T04:57:47Z,"[{""richResultType"": ""Breadcrumbs"", ""items"": [{""name"": ""Unnamed item""}]}]","{""verdict"": ""PASS"", ""coverageState"": ""Submitted and indexed"", ""robotsTxtState"": ""ALLOWED"", ""indexingState"": ""INDEXING_ALLOWED"", ""lastCrawlTime"": ""2026-08-23T04:57:47Z"", ""pageFetchState"": ""SUCCESSFUL"", ""googleCanonical"": ""https://getdailyvox.com/blog/on-device-ai-without-apple-frameworks"", ""userCanonical"": ""https://getdailyvox.com/blog/on-device-ai-without-apple-frameworks"", ""sitemap"": [""https://getdailyvox.com/sitemap.xml""], ""referringUrls"": [""https://getdailyvox.com/sitemap-articles.xml""], ""crawledAs"": ""MOBILE""}"
https://getdailyvox.com/blog/page/2,2026-08-24T02:08:50+00:00,PASS,Submitted and indexed,1,ALLOWED,https://getdailyvox.com/blog/page/2,https://getdailyvox.com/blog/page/2,2026-06-08T08:39:34Z,[],"{""verdict"": ""PASS"", ""coverageState"": ""Submitted and indexed"", ""robotsTxtState"": ""ALLOWED"", ""indexingState"": ""INDEXING_ALLOWED"", ""lastCrawlTime"": ""2026-06-08T08:39:34Z"", ""pageFetchState"": ""SUCCESSFUL"", ""googleCanonical"": ""https://getdailyvox.com/blog/page/2"", ""userCanonical"": ""https://getdailyvox.com/blog/page/2"", ""referringUrls"": [""https://getdailyvox.com/sitemap.xml""], ""crawledAs"": ""MOBILE""}"
https://getdailyvox.com/blog/page/3,2026-08-24T02:08:50+00:00,PASS,Submitted and indexed,1,ALLOWED,https://getdailyvox.com/blog/page/3,https://getdailyvox.com/blog/page/3,2026-07-18T22:40:04Z,[],"{""verdict"": ""PASS"", ""coverageState"": ""Submitted and indexed"", ""robotsTxtState"": ""ALLOWED"", ""indexingState"": ""INDEXING_ALLOWED"", ""lastCrawlTime"": ""2026-07-18T22:40:04Z"", ""pageFetchState"": ""SUCCESSFUL"", ""googleCanonical"": ""https://getdailyvox.com/blog/page/3"", ""userCanonical"": ""https://getdailyvox.com/blog/page/3"", ""referringUrls"": [""https://getdailyvox.com/sitemap.xml""], ""crawledAs"": ""MOBILE""}"
https://getdailyvox.com/blog/page/4,2026-08-24T02:08:50+00:00,NEUTRAL,URL is unknown to Google,0,ROBOTS_TXT_STATE_UNSPECIFIED,,,,[],"{""verdict"": ""NEUTRAL"", ""coverageState"": ""URL is unknown to Google"", ""robotsTxtState"": ""ROBOTS_TXT_STATE_UNSPECIFIED"", ""indexingState"": ""INDEXING_STATE_UNSPECIFIED"", ""pageFetchState"": ""PAGE_FETCH_STATE_UNSPECIFIED""}"
https://getdailyvox.com/blog/page/5,2026-08-24T02:08:50+00:00,PASS,Submitted and indexed,1,ALLOWED,https://getdailyvox.com/blog/page/5,https://getdailyvox.com/blog/page/5,2026-07-09T02:07:48Z,[],"{""verdict"": ""PASS"", ""coverageState"": ""Submitted and indexed"", ""robotsTxtState"": ""ALLOWED"", ""indexingState"": ""INDEXING_ALLOWED"", ""lastCrawlTime"": ""2026-07-09T02:07:48Z"", ""pageFetchState"": ""SUCCESSFUL"", ""googleCanonical"": ""https://getdailyvox.com/blog/page/5"", ""userCanonical"": ""https://getdailyvox.com/blog/page/5"", ""crawledAs"": ""MOBILE""}"
https://getdailyvox.com/blog/page/6,2026-08-24T02:08:50+00:00,PASS,Submitted and indexed,1,ALLOWED,https://getdailyvox.com/blog/page/6,https://getdailyvox.com/blog/page/6,2026-07-26T03:55:27Z,[],"{""verdict"": ""PASS"", ""coverageState"": ""Submitted and indexed"", ""robotsTxtState"": ""ALLOWED"", ""indexingState"": ""INDEXING_ALLOWED"", ""lastCrawlTime"": ""2026-07-26T03:55:27Z"", ""pageFetchState"": ""SUCCESSFUL"", ""googleCanonical"": ""https://getdailyvox.com/blog/page/6"", ""userCanonical"": ""https://getdailyvox.com/blog/page/6"", ""crawledAs"": ""MOBILE""}"
https://getdailyvox.com/blog/page/7,2026-08-24T02:08:50+00:00,PASS,Submitted and indexed,1,ALLOWED,https://getdailyvox.com/blog/page/7,https://getdailyvox.com/blog/page/7,2026-06-09T01:29:12Z,[],"{""verdict"": ""PASS"", ""coverageState"": ""Submitted and indexed"", ""robotsTxtState"": ""ALLOWED"", ""indexingState"": ""INDEXING_ALLOWED"", ""lastCrawlTime"": ""2026-06-09T01:29:12Z"", ""pageFetchState"": ""SUCCESSFUL"", ""googleCanonical"": ""https://getdailyvox.com/blog/page/7"", ""userCanonical"": ""https://getdailyvox.com/blog/page/7"", ""crawledAs"": ""MOBILE""}"
https://getdailyvox.com/blog/personal-digital-twin,2026-08-24T02:08:50+00:00,PASS,Submitted and indexed,1,ALLOWED,https://getdailyvox.com/blog/personal-digital-twin,https://getdailyvox.com/blog/personal-digital-twin,2026-08-13T20:02:33Z,"[{""richResultType"": ""Breadcrumbs"", ""items"": [{""name"": ""Unnamed item""}]}]","{""verdict"": ""PASS"", ""coverageState"": ""Submitted and indexed"", ""robotsTxtState"": ""ALLOWED"", ""indexingState"": ""INDEXING_ALLOWED"", ""lastCrawlTime"": ""2026-08-13T20:02:33Z"", ""pageFetchState"": ""SUCCESSFUL"", ""googleCanonical"": ""https://getdailyvox.com/blog/personal-digital-twin"", ""userCanonical"": ""https://getdailyvox.com/blog/personal-digital-twin"", ""sitemap"": [""https://getdailyvox.com/sitemap.xml""], ""referringUrls"": [""https://getdailyvox.com/sitemap-articles.xml""], ""crawledAs"": ""MOBILE""}"
https://getdailyvox.com/blog/retrieval-that-worked-in-demos,2026-08-24T02:08:50+00:00,PASS,Submitted and indexed,1,ALLOWED,https://getdailyvox.com/blog/retrieval-that-worked-in-demos,https://getdailyvox.com/blog/retrieval-that-worked-in-demos,2026-08-22T05:51:34Z,"[{""richResultType"": ""Breadcrumbs"", ""items"": [{""name"": ""Unnamed item""}]}]","{""verdict"": ""PASS"", ""coverageState"": ""Submitted and indexed"", ""robotsTxtState"": ""ALLOWED"", ""indexingState"": ""INDEXING_ALLOWED"", ""lastCrawlTime"": ""2026-08-22T05:51:34Z"", ""pageFetchState"": ""SUCCESSFUL"", ""googleCanonical"": ""https://getdailyvox.com/blog/retrieval-that-worked-in-demos"", ""userCanonical"": ""https://getdailyvox.com/blog/retrieval-that-worked-in-demos"", ""sitemap"": [""https://getdailyvox.com/sitemap.xml""], ""referringUrls"": [""https://getdailyvox.com/sitemap-articles.xml""], ""crawledAs"": ""MOBILE""}"
https://getdailyvox.com/blog/science-of-talking-to-yourself,2026-08-24T02:08:50+00:00,PASS,Submitted and indexed,1,ALLOWED,https://getdailyvox.com/blog/science-of-talking-to-yourself,https://getdailyvox.com/blog/science-of-talking-to-yourself,2026-06-08T04:13:27Z,"[{""richResultType"": ""Breadcrumbs"", ""items"": [{""name"": ""Unnamed item""}]}]","{""verdict"": ""PASS"", ""coverageState"": ""Submitted and indexed"", ""robotsTxtState"": ""ALLOWED"", ""indexingState"": ""INDEXING_ALLOWED"", ""lastCrawlTime"": ""2026-06-08T04:13:27Z"", ""pageFetchState"": ""SUCCESSFUL"", ""googleCanonical"": ""https://getdailyvox.com/blog/science-of-talking-to-yourself"", ""userCanonical"": ""https://getdailyvox.com/blog/science-of-talking-to-yourself"", ""referringUrls"": [""https://getdailyvox.com/sitemap.xml""], ""crawledAs"": ""MOBILE""}"
https://getdailyvox.com/blog/science-of-voice-journaling,2026-08-24T02:08:50+00:00,NEUTRAL,Discovered - currently not indexed,0,ROBOTS_TXT_STATE_UNSPECIFIED,,,,[],"{""verdict"": ""NEUTRAL"", ""coverageState"": ""Discovered - currently not indexed"", ""robotsTxtState"": ""ROBOTS_TXT_STATE_UNSPECIFIED"", ""indexingState"": ""INDEXING_STATE_UNSPECIFIED"", ""pageFetchState"": ""PAGE_FETCH_STATE_UNSPECIFIED"", ""sitemap"": [""https://getdailyvox.com/sitemap.xml""], ""referringUrls"": [""https://getdailyvox.com/sitemap-blog.xml""], ""crawledAs"": ""CRAWLING_USER_AGENT_UNSPECIFIED""}"
https://getdailyvox.com/blog/search-journal-by-meaning,2026-08-24T02:08:50+00:00,PASS,Submitted and indexed,1,ALLOWED,https://getdailyvox.com/blog/search-journal-by-meaning,https://getdailyvox.com/blog/search-journal-by-meaning,2026-07-23T22:15:01Z,"[{""richResultType"": ""Breadcrumbs"", ""items"": [{""name"": ""Unnamed item""}]}]","{""verdict"": ""PASS"", ""coverageState"": ""Submitted and indexed"", ""robotsTxtState"": ""ALLOWED"", ""indexingState"": ""INDEXING_ALLOWED"", ""lastCrawlTime"": ""2026-07-23T22:15:01Z"", ""pageFetchState"": ""SUCCESSFUL"", ""googleCanonical"": ""https://getdailyvox.com/blog/search-journal-by-meaning"", ""userCanonical"": ""https://getdailyvox.com/blog/search-journal-by-meaning"", ""referringUrls"": [""https://getdailyvox.com/blog""], ""crawledAs"": ""MOBILE""}"
https://getdailyvox.com/blog/signs-your-journal-app-is-selling-your-data,2026-08-24T02:08:50+00:00,NEUTRAL,Discovered - currently not indexed,0,ROBOTS_TXT_STATE_UNSPECIFIED,,,,[],"{""verdict"": ""NEUTRAL"", ""coverageState"": ""Discovered - currently not indexed"", ""robotsTxtState"": ""ROBOTS_TXT_STATE_UNSPECIFIED"", ""indexingState"": ""INDEXING_STATE_UNSPECIFIED"", ""pageFetchState"": ""PAGE_FETCH_STATE_UNSPECIFIED"", ""sitemap"": [""https://getdailyvox.com/sitemap.xml""], ""referringUrls"": [""https://getdailyvox.com/blog/complete-guide-to-private-journaling"", ""https://getdailyvox.com/blog""], ""crawledAs"": ""CRAWLING_USER_AGENT_UNSPECIFIED""}"
https://getdailyvox.com/blog/speak-your-first-star-v1-4-1,2026-08-24T02:08:50+00:00,NEUTRAL,URL is unknown to Google,0,ROBOTS_TXT_STATE_UNSPECIFIED,,,,[],"{""verdict"": ""NEUTRAL"", ""coverageState"": ""URL is unknown to Google"", ""robotsTxtState"": ""ROBOTS_TXT_STATE_UNSPECIFIED"", ""indexingState"": ""INDEXING_STATE_UNSPECIFIED"", ""pageFetchState"": ""PAGE_FETCH_STATE_UNSPECIFIED""}"
https://getdailyvox.com/blog/talk-to-your-past-self-digital-twin,2026-08-24T02:08:50+00:00,PASS,Submitted and indexed,1,ALLOWED,https://getdailyvox.com/blog/talk-to-your-past-self-digital-twin,https://getdailyvox.com/blog/talk-to-your-past-self-digital-twin,2026-05-23T17:25:15Z,"[{""richResultType"": ""Breadcrumbs"", ""items"": [{""name"": ""Unnamed item""}]}]","{""verdict"": ""PASS"", ""coverageState"": ""Submitted and indexed"", ""robotsTxtState"": ""ALLOWED"", ""indexingState"": ""INDEXING_ALLOWED"", ""lastCrawlTime"": ""2026-05-23T17:25:15Z"", ""pageFetchState"": ""SUCCESSFUL"", ""googleCanonical"": ""https://getdailyvox.com/blog/talk-to-your-past-self-digital-twin"", ""userCanonical"": ""https://getdailyvox.com/blog/talk-to-your-past-self-digital-twin"", ""sitemap"": [""https://getdailyvox.com/sitemap.xml""], ""referringUrls"": [""https://getdailyvox.com/sitemap.xml""], ""crawledAs"": ""MOBILE""}"
https://getdailyvox.com/blog/v1-3-5-dynamic-island,2026-08-24T02:08:50+00:00,PASS,Submitted and indexed,1,ALLOWED,https://getdailyvox.com/blog/v1-3-5-dynamic-island,https://getdailyvox.com/blog/v1-3-5-dynamic-island,2026-08-02T10:18:22Z,"[{""richResultType"": ""Breadcrumbs"", ""items"": [{""name"": ""Unnamed item""}]}]","{""verdict"": ""PASS"", ""coverageState"": ""Submitted and indexed"", ""robotsTxtState"": ""ALLOWED"", ""indexingState"": ""INDEXING_ALLOWED"", ""lastCrawlTime"": ""2026-08-02T10:18:22Z"", ""pageFetchState"": ""SUCCESSFUL"", ""googleCanonical"": ""https://getdailyvox.com/blog/v1-3-5-dynamic-island"", ""userCanonical"": ""https://getdailyvox.com/blog/v1-3-5-dynamic-island"", ""sitemap"": [""https://getdailyvox.com/sitemap.xml""], ""referringUrls"": [""https://getdailyvox.com/blog/body-twin-healthkit-watch"", ""https://getdailyvox.com/sitemap-blog.xml""], ""crawledAs"": ""MOBILE""}"
https://getdailyvox.com/blog/voice-cloning-blind-test,2026-08-24T02:08:50+00:00,NEUTRAL,Crawled - currently not indexed,0,ALLOWED,https://getdailyvox.com/blog/voice-cloning-blind-test,https://getdailyvox.com/blog/voice-cloning-blind-test,2026-08-13T05:08:27Z,[],"{""verdict"": ""NEUTRAL"", ""coverageState"": ""Crawled - currently not indexed"", ""robotsTxtState"": ""ALLOWED"", ""indexingState"": ""INDEXING_ALLOWED"", ""lastCrawlTime"": ""2026-08-13T05:08:27Z"", ""pageFetchState"": ""SUCCESSFUL"", ""googleCanonical"": ""https://getdailyvox.com/blog/voice-cloning-blind-test"", ""userCanonical"": ""https://getdailyvox.com/blog/voice-cloning-blind-test"", ""referringUrls"": [""https://getdailyvox.com/sitemap-blog.xml""], ""crawledAs"": ""MOBILE""}"
https://getdailyvox.com/blog/voice-diary-app,2026-08-24T02:08:50+00:00,PASS,Submitted and indexed,1,ALLOWED,https://getdailyvox.com/blog/voice-diary-app,https://getdailyvox.com/blog/voice-diary-app,2026-08-15T14:48:18Z,"[{""richResultType"": ""Breadcrumbs"", ""items"": [{""name"": ""Unnamed item""}]}]","{""verdict"": ""PASS"", ""coverageState"": ""Submitted and indexed"", ""robotsTxtState"": ""ALLOWED"", ""indexingState"": ""INDEXING_ALLOWED"", ""lastCrawlTime"": ""2026-08-15T14:48:18Z"", ""pageFetchState"": ""SUCCESSFUL"", ""googleCanonical"": ""https://getdailyvox.com/blog/voice-diary-app"", ""userCanonical"": ""https://getdailyvox.com/blog/voice-diary-app"", ""sitemap"": [""https://getdailyvox.com/sitemap.xml""], ""referringUrls"": [""https://getdailyvox.com/sitemap-articles.xml""], ""crawledAs"": ""MOBILE""}"
https://getdailyvox.com/blog/voice-journal-esl-speakers,2026-08-24T02:08:50+00:00,NEUTRAL,Discovered - currently not indexed,0,ROBOTS_TXT_STATE_UNSPECIFIED,,,,[],"{""verdict"": ""NEUTRAL"", ""coverageState"": ""Discovered - currently not indexed"", ""robotsTxtState"": ""ROBOTS_TXT_STATE_UNSPECIFIED"", ""indexingState"": ""INDEXING_STATE_UNSPECIFIED"", ""pageFetchState"": ""PAGE_FETCH_STATE_UNSPECIFIED"", ""sitemap"": [""https://getdailyvox.com/sitemap.xml""], ""referringUrls"": [""https://getdailyvox.com/blog/voice-journal-for-dyslexia"", ""https://getdailyvox.com/sitemap.xml""], ""crawledAs"": ""CRAWLING_USER_AGENT_UNSPECIFIED""}"
https://getdailyvox.com/blog/voice-journal-for-adhd,2026-08-24T02:08:50+00:00,PASS,Submitted and indexed,1,ALLOWED,https://getdailyvox.com/blog/voice-journal-for-adhd,https://getdailyvox.com/blog/voice-journal-for-adhd,2026-07-24T22:24:03Z,"[{""richResultType"": ""Breadcrumbs"", ""items"": [{""name"": ""Unnamed item""}]}]","{""verdict"": ""PASS"", ""coverageState"": ""Submitted and indexed"", ""robotsTxtState"": ""ALLOWED"", ""indexingState"": ""INDEXING_ALLOWED"", ""lastCrawlTime"": ""2026-07-24T22:24:03Z"", ""pageFetchState"": ""SUCCESSFUL"", ""googleCanonical"": ""https://getdailyvox.com/blog/voice-journal-for-adhd"", ""userCanonical"": ""https://getdailyvox.com/blog/voice-journal-for-adhd"", ""sitemap"": [""https://getdailyvox.com/sitemap.xml""], ""referringUrls"": [""https://getdailyvox.com/blog/best-voice-journal-app"", ""https://getdailyvox.com/blog""], ""crawledAs"": ""MOBILE""}"
https://getdailyvox.com/blog/voice-journal-for-anxiety,2026-08-24T02:08:50+00:00,NEUTRAL,URL is unknown to Google,0,ROBOTS_TXT_STATE_UNSPECIFIED,,,,[],"{""verdict"": ""NEUTRAL"", ""coverageState"": ""URL is unknown to Google"", ""robotsTxtState"": ""ROBOTS_TXT_STATE_UNSPECIFIED"", ""indexingState"": ""INDEXING_STATE_UNSPECIFIED"", ""pageFetchState"": ""PAGE_FETCH_STATE_UNSPECIFIED""}"
https://getdailyvox.com/blog/voice-journal-for-busy-parents,2026-08-24T02:08:50+00:00,PASS,Submitted and indexed,1,ALLOWED,https://getdailyvox.com/blog/voice-journal-for-busy-parents,https://getdailyvox.com/blog/voice-journal-for-busy-parents,2026-08-03T11:32:57Z,"[{""richResultType"": ""Breadcrumbs"", ""items"": [{""name"": ""Unnamed item""}]}]","{""verdict"": ""PASS"", ""coverageState"": ""Submitted and indexed"", ""robotsTxtState"": ""ALLOWED"", ""indexingState"": ""INDEXING_ALLOWED"", ""lastCrawlTime"": ""2026-08-03T11:32:57Z"", ""pageFetchState"": ""SUCCESSFUL"", ""googleCanonical"": ""https://getdailyvox.com/blog/voice-journal-for-busy-parents"", ""userCanonical"": ""https://getdailyvox.com/blog/voice-journal-for-busy-parents"", ""referringUrls"": [""https://getdailyvox.com/for/stay-at-home-parents"", ""https://getdailyvox.com/blog/what-is-voice-journaling"", ""https://getdailyvox.com/blog""], ""crawledAs"": ""MOBILE""}"
https://getdailyvox.com/blog/voice-journal-for-commute,2026-08-24T02:08:50+00:00,PASS,Submitted and indexed,1,ALLOWED,https://getdailyvox.com/blog/voice-journal-for-commute,https://getdailyvox.com/blog/voice-journal-for-commute,2026-08-03T12:13:55Z,"[{""richResultType"": ""Breadcrumbs"", ""items"": [{""name"": ""Unnamed item""}]}]","{""verdict"": ""PASS"", ""coverageState"": ""Submitted and indexed"", ""robotsTxtState"": ""ALLOWED"", ""indexingState"": ""INDEXING_ALLOWED"", ""lastCrawlTime"": ""2026-08-03T12:13:55Z"", ""pageFetchState"": ""SUCCESSFUL"", ""googleCanonical"": ""https://getdailyvox.com/blog/voice-journal-for-commute"", ""userCanonical"": ""https://getdailyvox.com/blog/voice-journal-for-commute"", ""sitemap"": [""https://getdailyvox.com/sitemap.xml""], ""referringUrls"": [""https://getdailyvox.com/blog/voice-journal-for-busy-parents"", ""https://getdailyvox.com/blog/voice-journal-for-morning-routine"", ""https://getdailyvox.com/blog""], ""crawledAs"": ""MOBILE""}"
https://getdailyvox.com/blog/voice-journal-for-dyslexia,2026-08-24T02:08:50+00:00,NEUTRAL,Crawled - currently not indexed,0,ALLOWED,https://getdailyvox.com/blog/voice-journal-for-dyslexia,https://getdailyvox.com/blog/voice-journal-for-dyslexia,2026-08-22T18:11:16Z,[],"{""verdict"": ""NEUTRAL"", ""coverageState"": ""Crawled - currently not indexed"", ""robotsTxtState"": ""ALLOWED"", ""indexingState"": ""INDEXING_ALLOWED"", ""lastCrawlTime"": ""2026-08-22T18:11:16Z"", ""pageFetchState"": ""SUCCESSFUL"", ""googleCanonical"": ""https://getdailyvox.com/blog/voice-journal-for-dyslexia"", ""userCanonical"": ""https://getdailyvox.com/blog/voice-journal-for-dyslexia"", ""sitemap"": [""https://getdailyvox.com/sitemap.xml""], ""referringUrls"": [""https://getdailyvox.com/blog""], ""crawledAs"": ""MOBILE""}"
https://getdailyvox.com/blog/voice-journal-for-morning-routine,2026-08-24T02:08:50+00:00,NEUTRAL,Discovered - currently not indexed,0,ROBOTS_TXT_STATE_UNSPECIFIED,,,,[],"{""verdict"": ""NEUTRAL"", ""coverageState"": ""Discovered - currently not indexed"", ""robotsTxtState"": ""ROBOTS_TXT_STATE_UNSPECIFIED"", ""indexingState"": ""INDEXING_STATE_UNSPECIFIED"", ""pageFetchState"": ""PAGE_FETCH_STATE_UNSPECIFIED"", ""sitemap"": [""https://getdailyvox.com/sitemap.xml""], ""referringUrls"": [""https://getdailyvox.com/blog/five-minute-voice-morning-journal"", ""https://getdailyvox.com/blog""], ""crawledAs"": ""CRAWLING_USER_AGENT_UNSPECIFIED""}"
https://getdailyvox.com/blog/voice-journal-for-runners,2026-08-24T02:08:50+00:00,NEUTRAL,Crawled - currently not indexed,0,ALLOWED,https://getdailyvox.com/blog/voice-journal-for-runners,https://getdailyvox.com/blog/voice-journal-for-runners,2026-05-12T10:51:51Z,[],"{""verdict"": ""NEUTRAL"", ""coverageState"": ""Crawled - currently not indexed"", ""robotsTxtState"": ""ALLOWED"", ""indexingState"": ""INDEXING_ALLOWED"", ""lastCrawlTime"": ""2026-05-12T10:51:51Z"", ""pageFetchState"": ""SUCCESSFUL"", ""googleCanonical"": ""https://getdailyvox.com/blog/voice-journal-for-runners"", ""userCanonical"": ""https://getdailyvox.com/blog/voice-journal-for-runners"", ""sitemap"": [""https://getdailyvox.com/sitemap.xml""], ""referringUrls"": [""https://getdailyvox.com/blog/voice-journal-for-walking"", ""https://getdailyvox.com/blog""], ""crawledAs"": ""MOBILE""}"
https://getdailyvox.com/blog/voice-journaling-app,2026-08-24T02:08:50+00:00,PASS,Submitted and indexed,1,ALLOWED,https://getdailyvox.com/blog/voice-journaling-app,https://getdailyvox.com/blog/voice-journaling-app,2026-08-22T19:36:33Z,"[{""richResultType"": ""Breadcrumbs"", ""items"": [{""name"": ""Unnamed item""}]}]","{""verdict"": ""PASS"", ""coverageState"": ""Submitted and indexed"", ""robotsTxtState"": ""ALLOWED"", ""indexingState"": ""INDEXING_ALLOWED"", ""lastCrawlTime"": ""2026-08-22T19:36:33Z"", ""pageFetchState"": ""SUCCESSFUL"", ""googleCanonical"": ""https://getdailyvox.com/blog/voice-journaling-app"", ""userCanonical"": ""https://getdailyvox.com/blog/voice-journaling-app"", ""sitemap"": [""https://getdailyvox.com/sitemap.xml""], ""referringUrls"": [""https://getdailyvox.com/sitemap-articles.xml""], ""crawledAs"": ""MOBILE""}"
https://getdailyvox.com/blog/voice-journaling-for-therapy,2026-08-24T02:08:50+00:00,NEUTRAL,Crawled - currently not indexed,0,ALLOWED,https://getdailyvox.com/blog/voice-journaling-for-therapy,https://getdailyvox.com/blog/voice-journaling-for-therapy,2026-07-23T15:39:58Z,[],"{""verdict"": ""NEUTRAL"", ""coverageState"": ""Crawled - currently not indexed"", ""robotsTxtState"": ""ALLOWED"", ""indexingState"": ""INDEXING_ALLOWED"", ""lastCrawlTime"": ""2026-07-23T15:39:58Z"", ""pageFetchState"": ""SUCCESSFUL"", ""googleCanonical"": ""https://getdailyvox.com/blog/voice-journaling-for-therapy"", ""userCanonical"": ""https://getdailyvox.com/blog/voice-journaling-for-therapy"", ""sitemap"": [""https://getdailyvox.com/sitemap.xml""], ""crawledAs"": ""MOBILE""}"
https://getdailyvox.com/blog/voice-journaling-nervous-system-regulation,2026-08-24T02:08:50+00:00,PASS,Submitted and indexed,1,ALLOWED,https://getdailyvox.com/blog/voice-journaling-nervous-system-regulation,https://getdailyvox.com/blog/voice-journaling-nervous-system-regulation,2026-08-03T05:49:31Z,"[{""richResultType"": ""Breadcrumbs"", ""items"": [{""name"": ""Unnamed item""}]}]","{""verdict"": ""PASS"", ""coverageState"": ""Submitted and indexed"", ""robotsTxtState"": ""ALLOWED"", ""indexingState"": ""INDEXING_ALLOWED"", ""lastCrawlTime"": ""2026-08-03T05:49:31Z"", ""pageFetchState"": ""SUCCESSFUL"", ""googleCanonical"": ""https://getdailyvox.com/blog/voice-journaling-nervous-system-regulation"", ""userCanonical"": ""https://getdailyvox.com/blog/voice-journaling-nervous-system-regulation"", ""sitemap"": [""https://getdailyvox.com/sitemap.xml""], ""referringUrls"": [""https://getdailyvox.com/for/ceos-before-bed"", ""https://getdailyvox.com/sitemap.xml""], ""crawledAs"": ""MOBILE""}"
https://getdailyvox.com/blog/voice-journaling-vs-therapy,2026-08-24T02:08:50+00:00,PASS,Submitted and indexed,1,ALLOWED,https://getdailyvox.com/blog/voice-journaling-vs-therapy,https://getdailyvox.com/blog/voice-journaling-vs-therapy,2026-08-23T16:32:32Z,"[{""richResultType"": ""Breadcrumbs"", ""items"": [{""name"": ""Unnamed item""}]}]","{""verdict"": ""PASS"", ""coverageState"": ""Submitted and indexed"", ""robotsTxtState"": ""ALLOWED"", ""indexingState"": ""INDEXING_ALLOWED"", ""lastCrawlTime"": ""2026-08-23T16:32:32Z"", ""pageFetchState"": ""SUCCESSFUL"", ""googleCanonical"": ""https://getdailyvox.com/blog/voice-journaling-vs-therapy"", ""userCanonical"": ""https://getdailyvox.com/blog/voice-journaling-vs-therapy"", ""sitemap"": [""https://getdailyvox.com/sitemap.xml""], ""referringUrls"": [""https://getdailyvox.com/blog/journal-prompts-for-depression"", ""https://getdailyvox.com/sitemap.xml""], ""crawledAs"": ""MOBILE""}"
https://getdailyvox.com/blog/voice-journaling-while-walking,2026-08-24T02:08:50+00:00,NEUTRAL,Crawled - currently not indexed,0,ALLOWED,https://getdailyvox.com/blog/voice-journaling-while-walking,https://getdailyvox.com/blog/voice-journaling-while-walking,2026-07-02T11:03:05Z,[],"{""verdict"": ""NEUTRAL"", ""coverageState"": ""Crawled - currently not indexed"", ""robotsTxtState"": ""ALLOWED"", ""indexingState"": ""INDEXING_ALLOWED"", ""lastCrawlTime"": ""2026-07-02T11:03:05Z"", ""pageFetchState"": ""SUCCESSFUL"", ""googleCanonical"": ""https://getdailyvox.com/blog/voice-journaling-while-walking"", ""userCanonical"": ""https://getdailyvox.com/blog/voice-journaling-while-walking"", ""sitemap"": [""https://getdailyvox.com/sitemap.xml""], ""referringUrls"": [""https://getdailyvox.com/sitemap-blog.xml""], ""crawledAs"": ""MOBILE""}"
https://getdailyvox.com/blog/voice-journaling-why-speaking-beats-typing,2026-08-24T02:08:50+00:00,PASS,Submitted and indexed,1,ALLOWED,https://getdailyvox.com/blog/voice-journaling-why-speaking-beats-typing,https://getdailyvox.com/blog/voice-journaling-why-speaking-beats-typing,2026-07-28T09:39:59Z,"[{""richResultType"": ""Breadcrumbs"", ""items"": [{""name"": ""Unnamed item""}]}]","{""verdict"": ""PASS"", ""coverageState"": ""Submitted and indexed"", ""robotsTxtState"": ""ALLOWED"", ""indexingState"": ""INDEXING_ALLOWED"", ""lastCrawlTime"": ""2026-07-28T09:39:59Z"", ""pageFetchState"": ""SUCCESSFUL"", ""googleCanonical"": ""https://getdailyvox.com/blog/voice-journaling-why-speaking-beats-typing"", ""userCanonical"": ""https://getdailyvox.com/blog/voice-journaling-why-speaking-beats-typing"", ""sitemap"": [""https://getdailyvox.com/sitemap.xml""], ""referringUrls"": [""https://getdailyvox.com/blog/journal-prompts-for-beginners"", ""https://getdailyvox.com/sitemap.xml""], ""crawledAs"": ""MOBILE""}"
https://getdailyvox.com/blog/voice-recorder-diary-app,2026-08-24T02:08:50+00:00,PASS,Submitted and indexed,1,ALLOWED,https://getdailyvox.com/blog/voice-recorder-diary-app,https://getdailyvox.com/blog/voice-recorder-diary-app,2026-07-18T11:49:38Z,"[{""richResultType"": ""Breadcrumbs"", ""items"": [{""name"": ""Unnamed item""}]}]","{""verdict"": ""PASS"", ""coverageState"": ""Submitted and indexed"", ""robotsTxtState"": ""ALLOWED"", ""indexingState"": ""INDEXING_ALLOWED"", ""lastCrawlTime"": ""2026-07-18T11:49:38Z"", ""pageFetchState"": ""SUCCESSFUL"", ""googleCanonical"": ""https://getdailyvox.com/blog/voice-recorder-diary-app"", ""userCanonical"": ""https://getdailyvox.com/blog/voice-recorder-diary-app"", ""referringUrls"": [""https://getdailyvox.com/blog/dailyvox-vs-otter"", ""https://getdailyvox.com/sitemap.xml""], ""crawledAs"": ""MOBILE""}"
https://getdailyvox.com/blog/voice-to-text-journal,2026-08-24T02:08:50+00:00,PASS,Submitted and indexed,1,ALLOWED,https://getdailyvox.com/blog/voice-to-text-journal,https://getdailyvox.com/blog/voice-to-text-journal,2026-07-23T14:59:45Z,"[{""richResultType"": ""Breadcrumbs"", ""items"": [{""name"": ""Unnamed item""}]}]","{""verdict"": ""PASS"", ""coverageState"": ""Submitted and indexed"", ""robotsTxtState"": ""ALLOWED"", ""indexingState"": ""INDEXING_ALLOWED"", ""lastCrawlTime"": ""2026-07-23T14:59:45Z"", ""pageFetchState"": ""SUCCESSFUL"", ""googleCanonical"": ""https://getdailyvox.com/blog/voice-to-text-journal"", ""userCanonical"": ""https://getdailyvox.com/blog/voice-to-text-journal"", ""referringUrls"": [""https://getdailyvox.com/blog""], ""crawledAs"": ""MOBILE""}"
https://getdailyvox.com/blog/what-is-a-digital-twin,2026-08-24T02:08:50+00:00,PASS,Submitted and indexed,1,ALLOWED,https://getdailyvox.com/blog/what-is-a-digital-twin,https://getdailyvox.com/blog/what-is-a-digital-twin,2026-04-27T13:42:14Z,"[{""richResultType"": ""Breadcrumbs"", ""items"": [{""name"": ""Unnamed item""}]}]","{""verdict"": ""PASS"", ""coverageState"": ""Submitted and indexed"", ""robotsTxtState"": ""ALLOWED"", ""indexingState"": ""INDEXING_ALLOWED"", ""lastCrawlTime"": ""2026-04-27T13:42:14Z"", ""pageFetchState"": ""SUCCESSFUL"", ""googleCanonical"": ""https://getdailyvox.com/blog/what-is-a-digital-twin"", ""userCanonical"": ""https://getdailyvox.com/blog/what-is-a-digital-twin"", ""sitemap"": [""https://getdailyvox.com/sitemap.xml""], ""referringUrls"": [""https://getdailyvox.com/blog/voice-journal-for-morning-routine"", ""https://getdailyvox.com/sitemap.xml""], ""crawledAs"": ""MOBILE""}"
https://getdailyvox.com/blog/what-is-a-good-free-alternative-to-day-one-journal,2026-08-24T02:08:50+00:00,PASS,Submitted and indexed,1,ALLOWED,https://getdailyvox.com/blog/what-is-a-good-free-alternative-to-day-one-journal,https://getdailyvox.com/blog/what-is-a-good-free-alternative-to-day-one-journal,2026-08-23T01:34:03Z,"[{""richResultType"": ""Breadcrumbs"", ""items"": [{""name"": ""Unnamed item""}]}]","{""verdict"": ""PASS"", ""coverageState"": ""Submitted and indexed"", ""robotsTxtState"": ""ALLOWED"", ""indexingState"": ""INDEXING_ALLOWED"", ""lastCrawlTime"": ""2026-08-23T01:34:03Z"", ""pageFetchState"": ""SUCCESSFUL"", ""googleCanonical"": ""https://getdailyvox.com/blog/what-is-a-good-free-alternative-to-day-one-journal"", ""userCanonical"": ""https://getdailyvox.com/blog/what-is-a-good-free-alternative-to-day-one-journal"", ""sitemap"": [""https://getdailyvox.com/sitemap.xml""], ""referringUrls"": [""https://getdailyvox.com/sitemap-articles.xml""], ""crawledAs"": ""MOBILE""}"
https://getdailyvox.com/blog/what-is-mood-tracking,2026-08-24T02:08:50+00:00,NEUTRAL,Discovered - currently not indexed,0,ROBOTS_TXT_STATE_UNSPECIFIED,,,,[],"{""verdict"": ""NEUTRAL"", ""coverageState"": ""Discovered - currently not indexed"", ""robotsTxtState"": ""ROBOTS_TXT_STATE_UNSPECIFIED"", ""indexingState"": ""INDEXING_STATE_UNSPECIFIED"", ""pageFetchState"": ""PAGE_FETCH_STATE_UNSPECIFIED"", ""sitemap"": [""https://getdailyvox.com/sitemap.xml""], ""referringUrls"": [""https://getdailyvox.com/blog/voice-journaling-while-walking"", ""https://getdailyvox.com/blog""], ""crawledAs"": ""CRAWLING_USER_AGENT_UNSPECIFIED""}"
https://getdailyvox.com/blog/what-is-on-device-ai,2026-08-24T02:08:50+00:00,NEUTRAL,Crawled - currently not indexed,0,ALLOWED,https://getdailyvox.com/blog/what-is-on-device-ai,https://getdailyvox.com/blog/what-is-on-device-ai,2026-07-11T00:58:04Z,[],"{""verdict"": ""NEUTRAL"", ""coverageState"": ""Crawled - currently not indexed"", ""robotsTxtState"": ""ALLOWED"", ""indexingState"": ""INDEXING_ALLOWED"", ""lastCrawlTime"": ""2026-07-11T00:58:04Z"", ""pageFetchState"": ""SUCCESSFUL"", ""googleCanonical"": ""https://getdailyvox.com/blog/what-is-on-device-ai"", ""userCanonical"": ""https://getdailyvox.com/blog/what-is-on-device-ai"", ""sitemap"": [""https://getdailyvox.com/sitemap.xml""], ""referringUrls"": [""https://getdailyvox.com/blog/dailyvox-vs-otter"", ""https://getdailyvox.com/blog""], ""crawledAs"": ""MOBILE""}"
https://getdailyvox.com/blog/what-is-the-best-audio-journal-app-that-transcribes-what-i-s,2026-08-24T02:08:50+00:00,PASS,Submitted and indexed,1,ALLOWED,https://getdailyvox.com/blog/what-is-the-best-audio-journal-app-that-transcribes-what-i-s,https://getdailyvox.com/blog/what-is-the-best-audio-journal-app-that-transcribes-what-i-s,2026-08-22T05:55:31Z,"[{""richResultType"": ""Breadcrumbs"", ""items"": [{""name"": ""Unnamed item""}]}]","{""verdict"": ""PASS"", ""coverageState"": ""Submitted and indexed"", ""robotsTxtState"": ""ALLOWED"", ""indexingState"": ""INDEXING_ALLOWED"", ""lastCrawlTime"": ""2026-08-22T05:55:31Z"", ""pageFetchState"": ""SUCCESSFUL"", ""googleCanonical"": ""https://getdailyvox.com/blog/what-is-the-best-audio-journal-app-that-transcribes-what-i-s"", ""userCanonical"": ""https://getdailyvox.com/blog/what-is-the-best-audio-journal-app-that-transcribes-what-i-s"", ""sitemap"": [""https://getdailyvox.com/sitemap.xml""], ""referringUrls"": [""https://getdailyvox.com/sitemap-articles.xml""], ""crawledAs"": ""MOBILE""}"
https://getdailyvox.com/blog/what-is-the-best-free-journal-app-with-no-subscription,2026-08-24T02:08:50+00:00,PASS,Submitted and indexed,1,ALLOWED,https://getdailyvox.com/blog/what-is-the-best-free-journal-app-with-no-subscription,https://getdailyvox.com/blog/what-is-the-best-free-journal-app-with-no-subscription,2026-08-22T17:02:50Z,"[{""richResultType"": ""Breadcrumbs"", ""items"": [{""name"": ""Unnamed item""}]}]","{""verdict"": ""PASS"", ""coverageState"": ""Submitted and indexed"", ""robotsTxtState"": ""ALLOWED"", ""indexingState"": ""INDEXING_ALLOWED"", ""lastCrawlTime"": ""2026-08-22T17:02:50Z"", ""pageFetchState"": ""SUCCESSFUL"", ""googleCanonical"": ""https://getdailyvox.com/blog/what-is-the-best-free-journal-app-with-no-subscription"", ""userCanonical"": ""https://getdailyvox.com/blog/what-is-the-best-free-journal-app-with-no-subscription"", ""sitemap"": [""https://getdailyvox.com/sitemap.xml""], ""referringUrls"": [""https://getdailyvox.com/sitemap-articles.xml""], ""crawledAs"": ""MOBILE""}"
https://getdailyvox.com/blog/what-is-the-best-journaling-app-for-someone-with-adhd-who-ha,2026-08-24T02:08:50+00:00,PASS,Submitted and indexed,1,ALLOWED,https://getdailyvox.com/blog/what-is-the-best-journaling-app-for-someone-with-adhd-who-ha,https://getdailyvox.com/blog/what-is-the-best-journaling-app-for-someone-with-adhd-who-ha,2026-08-22T06:12:39Z,"[{""richResultType"": ""Breadcrumbs"", ""items"": [{""name"": ""Unnamed item""}]}]","{""verdict"": ""PASS"", ""coverageState"": ""Submitted and indexed"", ""robotsTxtState"": ""ALLOWED"", ""indexingState"": ""INDEXING_ALLOWED"", ""lastCrawlTime"": ""2026-08-22T06:12:39Z"", ""pageFetchState"": ""SUCCESSFUL"", ""googleCanonical"": ""https://getdailyvox.com/blog/what-is-the-best-journaling-app-for-someone-with-adhd-who-ha"", ""userCanonical"": ""https://getdailyvox.com/blog/what-is-the-best-journaling-app-for-someone-with-adhd-who-ha"", ""sitemap"": [""https://getdailyvox.com/sitemap.xml""], ""referringUrls"": [""https://getdailyvox.com/sitemap-articles.xml""], ""crawledAs"": ""MOBILE""}"
https://getdailyvox.com/blog/what-is-the-best-voice-diary-app,2026-08-24T02:08:50+00:00,PASS,Submitted and indexed,1,ALLOWED,https://getdailyvox.com/blog/what-is-the-best-voice-diary-app,https://getdailyvox.com/blog/what-is-the-best-voice-diary-app,2026-08-22T17:15:43Z,"[{""richResultType"": ""Breadcrumbs"", ""items"": [{""name"": ""Unnamed item""}]}]","{""verdict"": ""PASS"", ""coverageState"": ""Submitted and indexed"", ""robotsTxtState"": ""ALLOWED"", ""indexingState"": ""INDEXING_ALLOWED"", ""lastCrawlTime"": ""2026-08-22T17:15:43Z"", ""pageFetchState"": ""SUCCESSFUL"", ""googleCanonical"": ""https://getdailyvox.com/blog/what-is-the-best-voice-diary-app"", ""userCanonical"": ""https://getdailyvox.com/blog/what-is-the-best-voice-diary-app"", ""sitemap"": [""https://getdailyvox.com/sitemap.xml""], ""referringUrls"": [""https://getdailyvox.com/sitemap-articles.xml""], ""crawledAs"": ""MOBILE""}"
https://getdailyvox.com/blog/what-is-the-best-voice-journaling-app-for-iphone,2026-08-24T02:08:50+00:00,PASS,Submitted and indexed,1,ALLOWED,https://getdailyvox.com/blog/what-is-the-best-voice-journaling-app-for-iphone,https://getdailyvox.com/blog/what-is-the-best-voice-journaling-app-for-iphone,2026-08-22T17:10:58Z,"[{""richResultType"": ""Breadcrumbs"", ""items"": [{""name"": ""Unnamed item""}]}]","{""verdict"": ""PASS"", ""coverageState"": ""Submitted and indexed"", ""robotsTxtState"": ""ALLOWED"", ""indexingState"": ""INDEXING_ALLOWED"", ""lastCrawlTime"": ""2026-08-22T17:10:58Z"", ""pageFetchState"": ""SUCCESSFUL"", ""googleCanonical"": ""https://getdailyvox.com/blog/what-is-the-best-voice-journaling-app-for-iphone"", ""userCanonical"": ""https://getdailyvox.com/blog/what-is-the-best-voice-journaling-app-for-iphone"", ""referringUrls"": [""https://getdailyvox.com/sitemap-articles.xml""], ""crawledAs"": ""MOBILE""}"
https://getdailyvox.com/blog/what-is-voice-journaling,2026-08-24T02:08:50+00:00,PASS,Submitted and indexed,1,ALLOWED,https://getdailyvox.com/blog/what-is-voice-journaling,https://getdailyvox.com/blog/what-is-voice-journaling,2026-07-24T12:34:38Z,"[{""richResultType"": ""Breadcrumbs"", ""items"": [{""name"": ""Unnamed item""}]}]","{""verdict"": ""PASS"", ""coverageState"": ""Submitted and indexed"", ""robotsTxtState"": ""ALLOWED"", ""indexingState"": ""INDEXING_ALLOWED"", ""lastCrawlTime"": ""2026-07-24T12:34:38Z"", ""pageFetchState"": ""SUCCESSFUL"", ""googleCanonical"": ""https://getdailyvox.com/blog/what-is-voice-journaling"", ""userCanonical"": ""https://getdailyvox.com/blog/what-is-voice-journaling"", ""referringUrls"": [""https://getdailyvox.com/for/therapists-health-diagnosis"", ""https://getdailyvox.com/for/single-parents-health-diagnosis"", ""https://getdailyvox.com/blog""], ""crawledAs"": ""MOBILE""}"
https://getdailyvox.com/blog/which-ai-apps-work-fully-offline-with-no-internet-connection,2026-08-24T02:08:50+00:00,NEUTRAL,URL is unknown to Google,0,ROBOTS_TXT_STATE_UNSPECIFIED,,,,[],"{""verdict"": ""NEUTRAL"", ""coverageState"": ""URL is unknown to Google"", ""robotsTxtState"": ""ROBOTS_TXT_STATE_UNSPECIFIED"", ""indexingState"": ""INDEXING_STATE_UNSPECIFIED"", ""pageFetchState"": ""PAGE_FETCH_STATE_UNSPECIFIED""}"
https://getdailyvox.com/blog/why-95-percent-ai-journals-not-on-device,2026-08-24T02:08:50+00:00,NEUTRAL,Discovered - currently not indexed,0,ROBOTS_TXT_STATE_UNSPECIFIED,,,,[],"{""verdict"": ""NEUTRAL"", ""coverageState"": ""Discovered - currently not indexed"", ""robotsTxtState"": ""ROBOTS_TXT_STATE_UNSPECIFIED"", ""indexingState"": ""INDEXING_STATE_UNSPECIFIED"", ""pageFetchState"": ""PAGE_FETCH_STATE_UNSPECIFIED"", ""sitemap"": [""https://getdailyvox.com/sitemap.xml""], ""referringUrls"": [""https://getdailyvox.com/for-students"", ""https://getdailyvox.com/blog/on-device-ai-vs-cloud-ai-journaling""], ""crawledAs"": ""CRAWLING_USER_AGENT_UNSPECIFIED""}"
https://getdailyvox.com/blog/why-your-ai-journal-shouldnt-send-data-to-cloud,2026-08-24T02:08:50+00:00,NEUTRAL,Crawled - currently not indexed,0,ALLOWED,https://getdailyvox.com/blog/why-your-ai-journal-shouldnt-send-data-to-cloud,https://getdailyvox.com/blog/why-your-ai-journal-shouldnt-send-data-to-cloud,2026-05-28T00:20:13Z,[],"{""verdict"": ""NEUTRAL"", ""coverageState"": ""Crawled - currently not indexed"", ""robotsTxtState"": ""ALLOWED"", ""indexingState"": ""INDEXING_ALLOWED"", ""lastCrawlTime"": ""2026-05-28T00:20:13Z"", ""pageFetchState"": ""SUCCESSFUL"", ""googleCanonical"": ""https://getdailyvox.com/blog/why-your-ai-journal-shouldnt-send-data-to-cloud"", ""userCanonical"": ""https://getdailyvox.com/blog/why-your-ai-journal-shouldnt-send-data-to-cloud"", ""sitemap"": [""https://getdailyvox.com/sitemap.xml""], ""referringUrls"": [""https://getdailyvox.com/sitemap.xml""], ""crawledAs"": ""MOBILE""}"
https://getdailyvox.com/blog/why-your-journal-app-shouldnt-need-internet,2026-08-24T02:08:50+00:00,PASS,Submitted and indexed,1,ALLOWED,https://getdailyvox.com/blog/why-your-journal-app-shouldnt-need-internet,https://getdailyvox.com/blog/why-your-journal-app-shouldnt-need-internet,2026-05-24T00:46:23Z,"[{""richResultType"": ""Breadcrumbs"", ""items"": [{""name"": ""Unnamed item""}]}]","{""verdict"": ""PASS"", ""coverageState"": ""Submitted and indexed"", ""robotsTxtState"": ""ALLOWED"", ""indexingState"": ""INDEXING_ALLOWED"", ""lastCrawlTime"": ""2026-05-24T00:46:23Z"", ""pageFetchState"": ""SUCCESSFUL"", ""googleCanonical"": ""https://getdailyvox.com/blog/why-your-journal-app-shouldnt-need-internet"", ""userCanonical"": ""https://getdailyvox.com/blog/why-your-journal-app-shouldnt-need-internet"", ""referringUrls"": [""https://getdailyvox.com/sitemap.xml""], ""crawledAs"": ""MOBILE""}"
https://getdailyvox.com/blog/your-journal-app-should-predict-not-just-record,2026-08-24T02:08:50+00:00,NEUTRAL,Discovered - currently not indexed,0,ROBOTS_TXT_STATE_UNSPECIFIED,,,,[],"{""verdict"": ""NEUTRAL"", ""coverageState"": ""Discovered - currently not indexed"", ""robotsTxtState"": ""ROBOTS_TXT_STATE_UNSPECIFIED"", ""indexingState"": ""INDEXING_STATE_UNSPECIFIED"", ""pageFetchState"": ""PAGE_FETCH_STATE_UNSPECIFIED"", ""sitemap"": [""https://getdailyvox.com/sitemap.xml""], ""referringUrls"": [""https://getdailyvox.com/sitemap.xml""], ""crawledAs"": ""CRAWLING_USER_AGENT_UNSPECIFIED""}"
https://getdailyvox.com/changelog,2026-08-24T02:08:50+00:00,PASS,Submitted and indexed,1,ALLOWED,https://getdailyvox.com/changelog,https://getdailyvox.com/changelog,2026-07-21T21:37:45Z,[],"{""verdict"": ""PASS"", ""coverageState"": ""Submitted and indexed"", ""robotsTxtState"": ""ALLOWED"", ""indexingState"": ""INDEXING_ALLOWED"", ""lastCrawlTime"": ""2026-07-21T21:37:45Z"", ""pageFetchState"": ""SUCCESSFUL"", ""googleCanonical"": ""https://getdailyvox.com/changelog"", ""userCanonical"": ""https://getdailyvox.com/changelog"", ""sitemap"": [""https://getdailyvox.com/sitemap.xml""], ""referringUrls"": [""https://getdailyvox.com/sitemap-core.xml""], ""crawledAs"": ""MOBILE""}"
https://getdailyvox.com/compare,2026-08-24T02:08:50+00:00,PASS,Submitted and indexed,1,ALLOWED,https://getdailyvox.com/compare,https://getdailyvox.com/compare,2026-07-16T11:06:29Z,[],"{""verdict"": ""PASS"", ""coverageState"": ""Submitted and indexed"", ""robotsTxtState"": ""ALLOWED"", ""indexingState"": ""INDEXING_ALLOWED"", ""lastCrawlTime"": ""2026-07-16T11:06:29Z"", ""pageFetchState"": ""SUCCESSFUL"", ""googleCanonical"": ""https://getdailyvox.com/compare"", ""userCanonical"": ""https://getdailyvox.com/compare"", ""sitemap"": [""https://getdailyvox.com/sitemap.xml""], ""crawledAs"": ""MOBILE""}"
https://getdailyvox.com/demo,2026-08-24T02:08:50+00:00,PASS,Submitted and indexed,1,ALLOWED,https://getdailyvox.com/demo,https://getdailyvox.com/demo,2026-07-21T23:56:28Z,"[{""richResultType"": ""Breadcrumbs"", ""items"": [{""name"": ""Unnamed item""}]}]","{""verdict"": ""PASS"", ""coverageState"": ""Submitted and indexed"", ""robotsTxtState"": ""ALLOWED"", ""indexingState"": ""INDEXING_ALLOWED"", ""lastCrawlTime"": ""2026-07-21T23:56:28Z"", ""pageFetchState"": ""SUCCESSFUL"", ""googleCanonical"": ""https://getdailyvox.com/demo"", ""userCanonical"": ""https://getdailyvox.com/demo"", ""sitemap"": [""https://getdailyvox.com/sitemap.xml""], ""crawledAs"": ""MOBILE""}"
https://getdailyvox.com/facts,2026-08-24T02:08:50+00:00,PASS,Submitted and indexed,1,ALLOWED,https://getdailyvox.com/facts,https://getdailyvox.com/facts,2026-07-25T04:03:53Z,"[{""richResultType"": ""Breadcrumbs"", ""items"": [{""name"": ""Unnamed item""}]}]","{""verdict"": ""PASS"", ""coverageState"": ""Submitted and indexed"", ""robotsTxtState"": ""ALLOWED"", ""indexingState"": ""INDEXING_ALLOWED"", ""lastCrawlTime"": ""2026-07-25T04:03:53Z"", ""pageFetchState"": ""SUCCESSFUL"", ""googleCanonical"": ""https://getdailyvox.com/facts"", ""userCanonical"": ""https://getdailyvox.com/facts"", ""sitemap"": [""https://getdailyvox.com/sitemap.xml""], ""referringUrls"": [""https://getdailyvox.com/blog/complete-guide-to-private-journaling""], ""crawledAs"": ""MOBILE""}"
https://getdailyvox.com/faq,2026-08-24T02:08:50+00:00,PASS,Submitted and indexed,1,ALLOWED,https://getdailyvox.com/faq,https://getdailyvox.com/faq,2026-08-23T05:52:08Z,"[{""richResultType"": ""Breadcrumbs"", ""items"": [{""name"": ""Unnamed item""}]}]","{""verdict"": ""PASS"", ""coverageState"": ""Submitted and indexed"", ""robotsTxtState"": ""ALLOWED"", ""indexingState"": ""INDEXING_ALLOWED"", ""lastCrawlTime"": ""2026-08-23T05:52:08Z"", ""pageFetchState"": ""SUCCESSFUL"", ""googleCanonical"": ""https://getdailyvox.com/faq"", ""userCanonical"": ""https://getdailyvox.com/faq"", ""referringUrls"": [""https://getdailyvox.com/blog/what-is-the-best-voice-journaling-app-for-iphone"", ""https://getdailyvox.com/sitemap.xml""], ""crawledAs"": ""MOBILE""}"
https://getdailyvox.com/for-students,2026-08-24T02:08:50+00:00,PASS,Submitted and indexed,1,ALLOWED,https://getdailyvox.com/for-students,https://getdailyvox.com/for-students,2026-08-21T05:14:00Z,"[{""richResultType"": ""Breadcrumbs"", ""items"": [{""name"": ""Unnamed item""}]}]","{""verdict"": ""PASS"", ""coverageState"": ""Submitted and indexed"", ""robotsTxtState"": ""ALLOWED"", ""indexingState"": ""INDEXING_ALLOWED"", ""lastCrawlTime"": ""2026-08-21T05:14:00Z"", ""pageFetchState"": ""SUCCESSFUL"", ""googleCanonical"": ""https://getdailyvox.com/for-students"", ""userCanonical"": ""https://getdailyvox.com/for-students"", ""sitemap"": [""https://getdailyvox.com/sitemap.xml""], ""referringUrls"": [""https://getdailyvox.com/technology""], ""crawledAs"": ""MOBILE""}"
https://getdailyvox.com/glossary,2026-08-24T02:08:50+00:00,PASS,Submitted and indexed,1,ALLOWED,https://getdailyvox.com/glossary,https://getdailyvox.com/glossary,2026-07-12T22:20:32Z,[],"{""verdict"": ""PASS"", ""coverageState"": ""Submitted and indexed"", ""robotsTxtState"": ""ALLOWED"", ""indexingState"": ""INDEXING_ALLOWED"", ""lastCrawlTime"": ""2026-07-12T22:20:32Z"", ""pageFetchState"": ""SUCCESSFUL"", ""googleCanonical"": ""https://getdailyvox.com/glossary"", ""userCanonical"": ""https://getdailyvox.com/glossary"", ""sitemap"": [""https://getdailyvox.com/sitemap.xml""], ""referringUrls"": [""https://getdailyvox.com/"", ""https://getdailyvox.com/sitemap.xml""], ""crawledAs"": ""MOBILE""}"
https://getdailyvox.com/personal-digital-twin,2026-08-24T02:08:50+00:00,PASS,Submitted and indexed,1,ALLOWED,https://getdailyvox.com/personal-digital-twin,https://getdailyvox.com/personal-digital-twin,2026-07-28T01:36:11Z,"[{""richResultType"": ""Breadcrumbs"", ""items"": [{""name"": ""Unnamed item""}]}]","{""verdict"": ""PASS"", ""coverageState"": ""Submitted and indexed"", ""robotsTxtState"": ""ALLOWED"", ""indexingState"": ""INDEXING_ALLOWED"", ""lastCrawlTime"": ""2026-07-28T01:36:11Z"", ""pageFetchState"": ""SUCCESSFUL"", ""googleCanonical"": ""https://getdailyvox.com/personal-digital-twin"", ""userCanonical"": ""https://getdailyvox.com/personal-digital-twin"", ""crawledAs"": ""MOBILE""}"
https://getdailyvox.com/privacy,2026-08-24T02:08:50+00:00,PASS,Submitted and indexed,1,ALLOWED,https://getdailyvox.com/privacy,https://getdailyvox.com/privacy,2026-07-12T19:51:30Z,"[{""richResultType"": ""Breadcrumbs"", ""items"": [{""name"": ""Unnamed item""}]}]","{""verdict"": ""PASS"", ""coverageState"": ""Submitted and indexed"", ""robotsTxtState"": ""ALLOWED"", ""indexingState"": ""INDEXING_ALLOWED"", ""lastCrawlTime"": ""2026-07-12T19:51:30Z"", ""pageFetchState"": ""SUCCESSFUL"", ""googleCanonical"": ""https://getdailyvox.com/privacy"", ""userCanonical"": ""https://getdailyvox.com/privacy"", ""sitemap"": [""https://getdailyvox.com/sitemap.xml""], ""referringUrls"": [""https://getdailyvox.com/sitemap.xml""], ""crawledAs"": ""MOBILE""}"
https://getdailyvox.com/reports/journal-app-privacy-audit-2026,2026-08-24T02:08:50+00:00,NEUTRAL,URL is unknown to Google,0,ROBOTS_TXT_STATE_UNSPECIFIED,,,,[],"{""verdict"": ""NEUTRAL"", ""coverageState"": ""URL is unknown to Google"", ""robotsTxtState"": ""ROBOTS_TXT_STATE_UNSPECIFIED"", ""indexingState"": ""INDEXING_STATE_UNSPECIFIED"", ""pageFetchState"": ""PAGE_FETCH_STATE_UNSPECIFIED""}"
https://getdailyvox.com/reports/state-of-on-device-ai-journaling-2026,2026-08-24T02:08:50+00:00,NEUTRAL,Not found (404),0,ALLOWED,,,2026-06-08T17:56:28Z,[],"{""verdict"": ""NEUTRAL"", ""coverageState"": ""Not found (404)"", ""robotsTxtState"": ""ALLOWED"", ""indexingState"": ""INDEXING_STATE_UNSPECIFIED"", ""lastCrawlTime"": ""2026-06-08T17:56:28Z"", ""pageFetchState"": ""NOT_FOUND"", ""referringUrls"": [""https://getdailyvox.com/sitemap-core.xml""], ""crawledAs"": ""MOBILE""}"
https://getdailyvox.com/research,2026-08-24T02:08:50+00:00,PASS,Submitted and indexed,1,ALLOWED,https://getdailyvox.com/research,https://getdailyvox.com/research,2026-08-03T14:01:14Z,[],"{""verdict"": ""PASS"", ""coverageState"": ""Submitted and indexed"", ""robotsTxtState"": ""ALLOWED"", ""indexingState"": ""INDEXING_ALLOWED"", ""lastCrawlTime"": ""2026-08-03T14:01:14Z"", ""pageFetchState"": ""SUCCESSFUL"", ""googleCanonical"": ""https://getdailyvox.com/research"", ""userCanonical"": ""https://getdailyvox.com/research"", ""sitemap"": [""https://getdailyvox.com/sitemap.xml""], ""referringUrls"": [""https://getdailyvox.com/sitemap-core.xml""], ""crawledAs"": ""MOBILE""}"
https://getdailyvox.com/support,2026-08-24T02:08:50+00:00,PASS,Submitted and indexed,1,ALLOWED,https://getdailyvox.com/support,https://getdailyvox.com/support,2026-07-31T12:02:36Z,"[{""richResultType"": ""Breadcrumbs"", ""items"": [{""name"": ""Unnamed item""}]}]","{""verdict"": ""PASS"", ""coverageState"": ""Submitted and indexed"", ""robotsTxtState"": ""ALLOWED"", ""indexingState"": ""INDEXING_ALLOWED"", ""lastCrawlTime"": ""2026-07-31T12:02:36Z"", ""pageFetchState"": ""SUCCESSFUL"", ""googleCanonical"": ""https://getdailyvox.com/support"", ""userCanonical"": ""https://getdailyvox.com/support"", ""sitemap"": [""https://getdailyvox.com/sitemap.xml""], ""referringUrls"": [""https://getdailyvox.com/sitemap.xml""], ""crawledAs"": ""MOBILE""}"
https://getdailyvox.com/technology,2026-08-24T02:08:50+00:00,PASS,Submitted and indexed,1,ALLOWED,https://getdailyvox.com/technology,https://getdailyvox.com/technology,2026-07-21T17:18:16Z,[],"{""verdict"": ""PASS"", ""coverageState"": ""Submitted and indexed"", ""robotsTxtState"": ""ALLOWED"", ""indexingState"": ""INDEXING_ALLOWED"", ""lastCrawlTime"": ""2026-07-21T17:18:16Z"", ""pageFetchState"": ""SUCCESSFUL"", ""googleCanonical"": ""https://getdailyvox.com/technology"", ""userCanonical"": ""https://getdailyvox.com/technology"", ""referringUrls"": [""https://getdailyvox.com/"", ""https://getdailyvox.com/sitemap.xml""], ""crawledAs"": ""MOBILE""}"
https://getdailyvox.com/voice-journaling-statistics,2026-08-24T02:08:50+00:00,PASS,Submitted and indexed,1,ALLOWED,https://getdailyvox.com/voice-journaling-statistics,https://getdailyvox.com/voice-journaling-statistics,2026-08-01T10:47:47Z,[],"{""verdict"": ""PASS"", ""coverageState"": ""Submitted and indexed"", ""robotsTxtState"": ""ALLOWED"", ""indexingState"": ""INDEXING_ALLOWED"", ""lastCrawlTime"": ""2026-08-01T10:47:47Z"", ""pageFetchState"": ""SUCCESSFUL"", ""googleCanonical"": ""https://getdailyvox.com/voice-journaling-statistics"", ""userCanonical"": ""https://getdailyvox.com/voice-journaling-statistics"", ""sitemap"": [""https://getdailyvox.com/sitemap.xml""], ""referringUrls"": [""https://getdailyvox.com/about""], ""crawledAs"": ""MOBILE""}"
